2025-07-31T11:31:15.678+03:00  INFO 7070 --- [reactor-http-kqueue-2] r.yandex.practicum.service.ItemService   : Start getPaging: pageNumber=1, pageSize=10
2025-07-31T11:31:15.757+03:00  INFO 7070 --- [reactor-http-kqueue-2] r.yandex.practicum.service.ItemService   : Start getItems: pageNumber=1, pageSize=10, sort=NO, search=null
2025-07-31T11:31:15.767+03:00  INFO 7070 --- [reactor-http-kqueue-2] reactor.Mono.MapFuseable.1               : | onSubscribe([Fuseable] FluxMapFuseable.MapFuseableConditionalSubscriber)
2025-07-31T11:31:15.768+03:00  INFO 7070 --- [reactor-http-kqueue-2] reactor.Mono.MapFuseable.1               : | request(unbounded)
2025-07-31T11:31:16.989+03:00  INFO 7070 --- [reactor-tcp-kqueue-1] reactor.Mono.MapFuseable.1               : | onNext([[ItemDto(id=1, title=123, description=123, imagePath=http://localhost:8084/items/image/1, count=0, price=123), ItemDto(id=2, title=wefawef, description=afwef, imagePath=http://localhost:8084/items/image/2, count=0, price=12313), ItemDto(id=3, title=товар1, description=Товар, imagePath=http://localhost:8084/items/image/3, count=0, price=12345), ItemDto(id=4, title=df, description=fads, imagePath=http://localhost:8084/items/image/4, count=0, price=21351524635765), ItemDto(id=6, title=товар новый, description=Товар, imagePath=http://localhost:8084/items/image/6, count=0, price=5)], [ItemDto(id=9, title=test3, description=test3, imagePath=http://localhost:8084/items/image/9, count=0, price=130), ItemDto(id=10, title=test4, description=test4, imagePath=http://localhost:8084/items/image/10, count=0, price=140), ItemDto(id=11, title=test5, description=test5, imagePath=http://localhost:8084/items/image/11, count=0, price=150), ItemDto(id=12, title=test5, description=test5, imagePath=http://localhost:8084/items/image/12, count=0, price=150), ItemDto(id=13, title=test6, description=test6, imagePath=http://localhost:8084/items/image/13, count=0, price=160)]])
2025-07-31T11:31:17.125+03:00  INFO 7070 --- [reactor-tcp-kqueue-1] reactor.Mono.MapFuseable.1               : | onComplete()
2025-07-31T11:31:26.297+03:00  INFO 7070 --- [reactor-http-kqueue-2] r.yandex.practicum.service.ItemService   : Start getPaging: pageNumber=1, pageSize=5
2025-07-31T11:31:26.308+03:00  INFO 7070 --- [lettuce-kqueueEventLoop-5-3] r.yandex.practicum.service.ItemService   : Start getItems: pageNumber=1, pageSize=5, sort=NO, search=null
2025-07-31T11:31:26.309+03:00  INFO 7070 --- [lettuce-kqueueEventLoop-5-3] reactor.Mono.MapFuseable.3               : | onSubscribe([Fuseable] FluxMapFuseable.MapFuseableConditionalSubscriber)
2025-07-31T11:31:26.310+03:00  INFO 7070 --- [lettuce-kqueueEventLoop-5-3] reactor.Mono.MapFuseable.3               : | request(unbounded)
2025-07-31T11:31:26.669+03:00  INFO 7070 --- [reactor-tcp-kqueue-7] reactor.Mono.MapFuseable.3               : | onNext([[ItemDto(id=1, title=123, description=123, imagePath=http://localhost:8084/items/image/1, count=0, price=123), ItemDto(id=2, title=wefawef, description=afwef, imagePath=http://localhost:8084/items/image/2, count=0, price=12313), ItemDto(id=3, title=товар1, description=Товар, imagePath=http://localhost:8084/items/image/3, count=0, price=12345), ItemDto(id=4, title=df, description=fads, imagePath=http://localhost:8084/items/image/4, count=0, price=21351524635765), ItemDto(id=6, title=товар новый, description=Товар, imagePath=http://localhost:8084/items/image/6, count=0, price=5)]])
2025-07-31T11:31:26.678+03:00  INFO 7070 --- [reactor-tcp-kqueue-7] reactor.Mono.MapFuseable.3               : | onComplete()
2025-07-31T11:31:29.252+03:00  INFO 7070 --- [lettuce-kqueueEventLoop-5-3] r.yandex.practicum.service.ItemService   : Start getItemDtoById: id=1
2025-07-31T11:41:09.119+03:00  INFO 7070 --- [reactor-http-kqueue-8] r.yandex.practicum.service.ItemService   : Start getPaging: pageNumber=1, pageSize=10
2025-07-31T11:41:09.128+03:00  INFO 7070 --- [reactor-http-kqueue-8] r.yandex.practicum.service.ItemService   : Start getItems: pageNumber=1, pageSize=10, sort=NO, search=null
2025-07-31T11:41:09.129+03:00  INFO 7070 --- [reactor-http-kqueue-8] reactor.Mono.MapFuseable.7               : | onSubscribe([Fuseable] FluxMapFuseable.MapFuseableConditionalSubscriber)
2025-07-31T11:41:09.129+03:00  INFO 7070 --- [reactor-http-kqueue-8] reactor.Mono.MapFuseable.7               : | request(unbounded)
2025-07-31T11:41:09.950+03:00  INFO 7070 --- [reactor-tcp-kqueue-1] reactor.Mono.MapFuseable.7               : | onNext([[ItemDto(id=1, title=123, description=123, imagePath=http://localhost:8084/items/image/1, count=0, price=123), ItemDto(id=2, title=wefawef, description=afwef, imagePath=http://localhost:8084/items/image/2, count=0, price=12313), ItemDto(id=3, title=товар1, description=Товар, imagePath=http://localhost:8084/items/image/3, count=0, price=12345), ItemDto(id=4, title=df, description=fads, imagePath=http://localhost:8084/items/image/4, count=0, price=21351524635765), ItemDto(id=6, title=товар новый, description=Товар, imagePath=http://localhost:8084/items/image/6, count=0, price=5)], [ItemDto(id=9, title=test3, description=test3, imagePath=http://localhost:8084/items/image/9, count=0, price=130), ItemDto(id=10, title=test4, description=test4, imagePath=http://localhost:8084/items/image/10, count=0, price=140), ItemDto(id=11, title=test5, description=test5, imagePath=http://localhost:8084/items/image/11, count=0, price=150), ItemDto(id=12, title=test5, description=test5, imagePath=http://localhost:8084/items/image/12, count=0, price=150), ItemDto(id=13, title=test6, description=test6, imagePath=http://localhost:8084/items/image/13, count=0, price=160)]])
2025-07-31T11:41:09.955+03:00  INFO 7070 --- [reactor-tcp-kqueue-1] reactor.Mono.MapFuseable.7               : | onComplete()
2025-07-31T11:54:50.893+03:00  INFO 7070 --- [SpringApplicationShutdownHook] o.s.b.w.embedded.netty.GracefulShutdown  : Commencing graceful shutdown. Waiting for active requests to complete
2025-07-31T11:54:50.895+03:00  INFO 7070 --- [netty-shutdown] o.s.b.w.embedded.netty.GracefulShutdown  : Graceful shutdown complete
2025-07-31T11:56:13.583+03:00  INFO 9006 --- [main] ru.yandex.practicum.ShopApplication      : Starting ShopApplication using Java 21.0.6 with PID 9006 (/Users/Dixi/dev/online-shop/shop/build/classes/java/main started by Dixi in /Users/Dixi/dev/online-shop)
2025-07-31T11:56:13.584+03:00  INFO 9006 --- [main] ru.yandex.practicum.ShopApplication      : No active profile set, falling back to 1 default profile: "default"
2025-07-31T11:56:13.820+03:00  INFO 9006 --- [main] .s.d.r.c.RepositoryConfigurationDelegate : Multiple Spring Data modules found, entering strict repository configuration mode
2025-07-31T11:56:13.820+03:00  INFO 9006 --- [main] .s.d.r.c.RepositoryConfigurationDelegate : Bootstrapping Spring Data Redis repositories in DEFAULT mode.
2025-07-31T11:56:13.831+03:00  INFO 9006 --- [main] .s.d.r.c.RepositoryConfigurationDelegate : Finished Spring Data repository scanning in 2 ms. Found 0 Redis repository interfaces.
2025-07-31T11:56:13.833+03:00  INFO 9006 --- [main] .s.d.r.c.RepositoryConfigurationDelegate : Multiple Spring Data modules found, entering strict repository configuration mode
2025-07-31T11:56:13.833+03:00  INFO 9006 --- [main] .s.d.r.c.RepositoryConfigurationDelegate : Bootstrapping Spring Data Redis repositories in DEFAULT mode.
2025-07-31T11:56:13.841+03:00  INFO 9006 --- [main] .RepositoryConfigurationExtensionSupport : Spring Data Redis - Could not safely identify store assignment for repository candidate interface ru.yandex.practicum.repository.ItemInOrderRepository; If you want this repository to be a Redis repository, consider annotating your entities with one of these annotations: org.springframework.data.redis.core.RedisHash (preferred), or consider extending one of the following types with your repository: org.springframework.data.keyvalue.repository.KeyValueRepository
2025-07-31T11:56:13.842+03:00  INFO 9006 --- [main] .RepositoryConfigurationExtensionSupport : Spring Data Redis - Could not safely identify store assignment for repository candidate interface ru.yandex.practicum.repository.ItemRepository; If you want this repository to be a Redis repository, consider annotating your entities with one of these annotations: org.springframework.data.redis.core.RedisHash (preferred), or consider extending one of the following types with your repository: org.springframework.data.keyvalue.repository.KeyValueRepository
2025-07-31T11:56:13.842+03:00  INFO 9006 --- [main] .RepositoryConfigurationExtensionSupport : Spring Data Redis - Could not safely identify store assignment for repository candidate interface ru.yandex.practicum.repository.OrderRepository; If you want this repository to be a Redis repository, consider annotating your entities with one of these annotations: org.springframework.data.redis.core.RedisHash (preferred), or consider extending one of the following types with your repository: org.springframework.data.keyvalue.repository.KeyValueRepository
2025-07-31T11:56:13.842+03:00  INFO 9006 --- [main] .s.d.r.c.RepositoryConfigurationDelegate : Finished Spring Data repository scanning in 8 ms. Found 0 Redis repository interfaces.
2025-07-31T11:56:13.935+03:00  INFO 9006 --- [main] .s.d.r.c.RepositoryConfigurationDelegate : Multiple Spring Data modules found, entering strict repository configuration mode
2025-07-31T11:56:13.936+03:00  INFO 9006 --- [main] .s.d.r.c.RepositoryConfigurationDelegate : Bootstrapping Spring Data R2DBC repositories in DEFAULT mode.
2025-07-31T11:56:13.986+03:00  INFO 9006 --- [main] .s.d.r.c.RepositoryConfigurationDelegate : Finished Spring Data repository scanning in 50 ms. Found 3 R2DBC repository interfaces.
2025-07-31T11:56:13.990+03:00  INFO 9006 --- [main] .s.d.r.c.RepositoryConfigurationDelegate : Multiple Spring Data modules found, entering strict repository configuration mode
2025-07-31T11:56:13.990+03:00  INFO 9006 --- [main] .s.d.r.c.RepositoryConfigurationDelegate : Bootstrapping Spring Data Redis repositories in DEFAULT mode.
2025-07-31T11:56:13.992+03:00  INFO 9006 --- [main] .RepositoryConfigurationExtensionSupport : Spring Data Redis - Could not safely identify store assignment for repository candidate interface ru.yandex.practicum.repository.ItemInOrderRepository; If you want this repository to be a Redis repository, consider annotating your entities with one of these annotations: org.springframework.data.redis.core.RedisHash (preferred), or consider extending one of the following types with your repository: org.springframework.data.keyvalue.repository.KeyValueRepository
2025-07-31T11:56:13.993+03:00  INFO 9006 --- [main] .RepositoryConfigurationExtensionSupport : Spring Data Redis - Could not safely identify store assignment for repository candidate interface ru.yandex.practicum.repository.ItemRepository; If you want this repository to be a Redis repository, consider annotating your entities with one of these annotations: org.springframework.data.redis.core.RedisHash (preferred), or consider extending one of the following types with your repository: org.springframework.data.keyvalue.repository.KeyValueRepository
2025-07-31T11:56:13.993+03:00  INFO 9006 --- [main] .RepositoryConfigurationExtensionSupport : Spring Data Redis - Could not safely identify store assignment for repository candidate interface ru.yandex.practicum.repository.OrderRepository; If you want this repository to be a Redis repository, consider annotating your entities with one of these annotations: org.springframework.data.redis.core.RedisHash (preferred), or consider extending one of the following types with your repository: org.springframework.data.keyvalue.repository.KeyValueRepository
2025-07-31T11:56:13.993+03:00  INFO 9006 --- [main] .s.d.r.c.RepositoryConfigurationDelegate : Finished Spring Data repository scanning in 2 ms. Found 0 Redis repository interfaces.
2025-07-31T11:56:14.392+03:00  INFO 9006 --- [main] r.y.p.configuration.WebConfiguration     : Initialize cart
2025-07-31T11:56:15.851+03:00  INFO 9006 --- [main] o.s.b.web.embedded.netty.NettyWebServer  : Netty started on port 8084 (http)
2025-07-31T11:56:16.057+03:00  INFO 9006 --- [main] ru.yandex.practicum.ShopApplication      : Started ShopApplication in 2.652 seconds (process running for 2.901)
2025-07-31T12:09:32.989+03:00  INFO 9006 --- [reactor-http-kqueue-2] r.yandex.practicum.service.ItemService   : Start getPaging: pageNumber=1, pageSize=10
2025-07-31T12:09:33.079+03:00  INFO 9006 --- [reactor-http-kqueue-2] r.yandex.practicum.service.ItemService   : Start getItems: pageNumber=1, pageSize=10, sort=NO, search=null
2025-07-31T12:09:33.090+03:00  INFO 9006 --- [reactor-http-kqueue-2] reactor.Mono.MapFuseable.1               : | onSubscribe([Fuseable] FluxMapFuseable.MapFuseableConditionalSubscriber)
2025-07-31T12:09:33.090+03:00  INFO 9006 --- [reactor-http-kqueue-2] reactor.Mono.MapFuseable.1               : | request(unbounded)
2025-07-31T12:09:33.926+03:00  INFO 9006 --- [reactor-tcp-kqueue-3] reactor.Mono.MapFuseable.1               : | onNext([[ItemDto(id=1, title=123, description=123, imagePath=http://localhost:8084/items/image/1, count=0, price=123), ItemDto(id=2, title=wefawef, description=afwef, imagePath=http://localhost:8084/items/image/2, count=0, price=12313), ItemDto(id=3, title=товар1, description=Товар, imagePath=http://localhost:8084/items/image/3, count=0, price=12345), ItemDto(id=4, title=df, description=fads, imagePath=http://localhost:8084/items/image/4, count=0, price=21351524635765), ItemDto(id=6, title=товар новый, description=Товар, imagePath=http://localhost:8084/items/image/6, count=0, price=5)], [ItemDto(id=9, title=test3, description=test3, imagePath=http://localhost:8084/items/image/9, count=0, price=130), ItemDto(id=10, title=test4, description=test4, imagePath=http://localhost:8084/items/image/10, count=0, price=140), ItemDto(id=11, title=test5, description=test5, imagePath=http://localhost:8084/items/image/11, count=0, price=150), ItemDto(id=12, title=test5, description=test5, imagePath=http://localhost:8084/items/image/12, count=0, price=150), ItemDto(id=13, title=test6, description=test6, imagePath=http://localhost:8084/items/image/13, count=0, price=160)]])
2025-07-31T12:09:34.039+03:00  INFO 9006 --- [reactor-tcp-kqueue-3] reactor.Mono.MapFuseable.1               : | onComplete()
2025-07-31T12:09:37.224+03:00  INFO 9006 --- [reactor-http-kqueue-4] r.yandex.practicum.service.ItemService   : Start getItemDtoById: id=1
2025-07-31T12:09:37.368+03:00 ERROR 9006 --- [reactor-tcp-kqueue-5] a.w.r.e.AbstractErrorWebExceptionHandler : [516d70d9-13]  500 Server Error for HTTP POST "/main/items/1"

java.lang.IllegalStateException: block()/blockFirst()/blockLast() are blocking, which is not supported in thread reactor-tcp-kqueue-5
	at reactor.core.publisher.BlockingSingleSubscriber.blockingGet(BlockingSingleSubscriber.java:87) ~[reactor-core-3.7.8.jar:3.7.8]
	Suppressed: reactor.core.publisher.FluxOnAssembly$OnAssemblyException: 
Error has been observed at the following site(s):
	*__checkpoint ⇢ Handler ru.yandex.practicum.controller.ShopController#changeItemCount(Long, ServerWebExchange) [DispatcherHandler]
	*__checkpoint ⇢ HTTP POST "/main/items/1" [ExceptionHandlingWebHandler]
Original Stack Trace:
		at reactor.core.publisher.BlockingSingleSubscriber.blockingGet(BlockingSingleSubscriber.java:87) ~[reactor-core-3.7.8.jar:3.7.8]
		at reactor.core.publisher.Mono.block(Mono.java:1779) ~[reactor-core-3.7.8.jar:3.7.8]
		at ru.yandex.practicum.service.CartService.refresh(CartService.java:46) ~[main/:na]
		at ru.yandex.practicum.service.ItemService.lambda$actionWithItemInCart$9(ItemService.java:148) ~[main/:na]
		at reactor.core.publisher.FluxMap$MapSubscriber.onNext(FluxMap.java:106) ~[reactor-core-3.7.8.jar:3.7.8]
		at reactor.core.publisher.FluxMap$MapSubscriber.onNext(FluxMap.java:122) ~[reactor-core-3.7.8.jar:3.7.8]
		at reactor.core.publisher.FluxMap$MapSubscriber.onNext(FluxMap.java:122) ~[reactor-core-3.7.8.jar:3.7.8]
		at reactor.core.publisher.MonoUsingWhen$MonoUsingWhenSubscriber.deferredComplete(MonoUsingWhen.java:268) ~[reactor-core-3.7.8.jar:3.7.8]
		at reactor.core.publisher.FluxUsingWhen$CommitInner.onComplete(FluxUsingWhen.java:532) ~[reactor-core-3.7.8.jar:3.7.8]
		at reactor.core.publisher.Operators.complete(Operators.java:137) ~[reactor-core-3.7.8.jar:3.7.8]
		at reactor.core.publisher.MonoEmpty.subscribe(MonoEmpty.java:46) ~[reactor-core-3.7.8.jar:3.7.8]
		at reactor.core.publisher.Mono.subscribe(Mono.java:4576) ~[reactor-core-3.7.8.jar:3.7.8]
		at reactor.core.publisher.FluxUsingWhen$UsingWhenSubscriber.onComplete(FluxUsingWhen.java:389) ~[reactor-core-3.7.8.jar:3.7.8]
		at reactor.core.publisher.MonoFlatMap$FlatMapMain.onNext(MonoFlatMap.java:159) ~[reactor-core-3.7.8.jar:3.7.8]
		at reactor.core.publisher.FluxOnErrorResume$ResumeSubscriber.onNext(FluxOnErrorResume.java:79) ~[reactor-core-3.7.8.jar:3.7.8]
		at reactor.core.publisher.Operators$MonoInnerProducerBase.complete(Operators.java:2864) ~[reactor-core-3.7.8.jar:3.7.8]
		at reactor.core.publisher.MonoSingle$SingleSubscriber.onComplete(MonoSingle.java:180) ~[reactor-core-3.7.8.jar:3.7.8]
		at reactor.core.publisher.Operators$MultiSubscriptionSubscriber.onComplete(Operators.java:2230) ~[reactor-core-3.7.8.jar:3.7.8]
		at reactor.core.publisher.FluxUsingWhen$UsingWhenSubscriber.deferredComplete(FluxUsingWhen.java:397) ~[reactor-core-3.7.8.jar:3.7.8]
		at reactor.core.publisher.FluxUsingWhen$CommitInner.onComplete(FluxUsingWhen.java:532) ~[reactor-core-3.7.8.jar:3.7.8]
		at reactor.core.publisher.Operators$MultiSubscriptionSubscriber.onComplete(Operators.java:2230) ~[reactor-core-3.7.8.jar:3.7.8]
		at reactor.core.publisher.FluxPeek$PeekSubscriber.onComplete(FluxPeek.java:260) ~[reactor-core-3.7.8.jar:3.7.8]
		at reactor.core.publisher.Operators$MultiSubscriptionSubscriber.onComplete(Operators.java:2230) ~[reactor-core-3.7.8.jar:3.7.8]
		at reactor.core.publisher.MonoIgnoreThen$ThenIgnoreMain.onComplete(MonoIgnoreThen.java:210) ~[reactor-core-3.7.8.jar:3.7.8]
		at reactor.core.publisher.MonoIgnoreThen$ThenIgnoreMain.onComplete(MonoIgnoreThen.java:210) ~[reactor-core-3.7.8.jar:3.7.8]
		at reactor.pool.SimpleDequePool.maybeRecycleAndDrain(SimpleDequePool.java:547) ~[reactor-pool-1.1.3.jar:1.1.3]
		at reactor.pool.SimpleDequePool$QueuePoolRecyclerInner.onComplete(SimpleDequePool.java:788) ~[reactor-pool-1.1.3.jar:1.1.3]
		at reactor.core.publisher.Operators.complete(Operators.java:137) ~[reactor-core-3.7.8.jar:3.7.8]
		at reactor.core.publisher.MonoEmpty.subscribe(MonoEmpty.java:46) ~[reactor-core-3.7.8.jar:3.7.8]
		at reactor.core.publisher.Mono.subscribe(Mono.java:4576) ~[reactor-core-3.7.8.jar:3.7.8]
		at reactor.pool.SimpleDequePool$QueuePoolRecyclerMono.subscribe(SimpleDequePool.java:901) ~[reactor-pool-1.1.3.jar:1.1.3]
		at reactor.core.publisher.MonoDefer.subscribe(MonoDefer.java:53) ~[reactor-core-3.7.8.jar:3.7.8]
		at reactor.core.publisher.MonoIgnoreThen$ThenIgnoreMain.subscribeNext(MonoIgnoreThen.java:241) ~[reactor-core-3.7.8.jar:3.7.8]
		at reactor.core.publisher.MonoIgnoreThen$ThenIgnoreMain.onComplete(MonoIgnoreThen.java:204) ~[reactor-core-3.7.8.jar:3.7.8]
		at reactor.core.publisher.FluxPeek$PeekSubscriber.onComplete(FluxPeek.java:260) ~[reactor-core-3.7.8.jar:3.7.8]
		at reactor.core.publisher.Operators.complete(Operators.java:137) ~[reactor-core-3.7.8.jar:3.7.8]
		at reactor.core.publisher.MonoEmpty.subscribe(MonoEmpty.java:46) ~[reactor-core-3.7.8.jar:3.7.8]
		at reactor.core.publisher.Mono.subscribe(Mono.java:4576) ~[reactor-core-3.7.8.jar:3.7.8]
		at reactor.core.publisher.MonoIgnoreThen$ThenIgnoreMain.subscribeNext(MonoIgnoreThen.java:265) ~[reactor-core-3.7.8.jar:3.7.8]
		at reactor.core.publisher.MonoIgnoreThen.subscribe(MonoIgnoreThen.java:51) ~[reactor-core-3.7.8.jar:3.7.8]
		at reactor.core.publisher.MonoDefer.subscribe(MonoDefer.java:53) ~[reactor-core-3.7.8.jar:3.7.8]
		at reactor.core.publisher.MonoIgnoreThen$ThenIgnoreMain.subscribeNext(MonoIgnoreThen.java:241) ~[reactor-core-3.7.8.jar:3.7.8]
		at reactor.core.publisher.MonoIgnoreThen$ThenIgnoreMain.onComplete(MonoIgnoreThen.java:204) ~[reactor-core-3.7.8.jar:3.7.8]
		at reactor.core.publisher.MonoIgnoreElements$IgnoreElementsSubscriber.onComplete(MonoIgnoreElements.java:89) ~[reactor-core-3.7.8.jar:3.7.8]
		at reactor.core.publisher.FluxHandleFuseable$HandleFuseableSubscriber.onComplete(FluxHandleFuseable.java:239) ~[reactor-core-3.7.8.jar:3.7.8]
		at reactor.core.publisher.MonoSupplier$MonoSupplierSubscription.request(MonoSupplier.java:148) ~[reactor-core-3.7.8.jar:3.7.8]
		at reactor.core.publisher.FluxHandleFuseable$HandleFuseableSubscriber.request(FluxHandleFuseable.java:260) ~[reactor-core-3.7.8.jar:3.7.8]
		at reactor.core.publisher.MonoIgnoreElements$IgnoreElementsSubscriber.onSubscribe(MonoIgnoreElements.java:72) ~[reactor-core-3.7.8.jar:3.7.8]
		at reactor.core.publisher.FluxHandleFuseable$HandleFuseableSubscriber.onSubscribe(FluxHandleFuseable.java:164) ~[reactor-core-3.7.8.jar:3.7.8]
		at reactor.core.publisher.MonoSupplier.subscribe(MonoSupplier.java:48) ~[reactor-core-3.7.8.jar:3.7.8]
		at reactor.core.publisher.Mono.subscribe(Mono.java:4576) ~[reactor-core-3.7.8.jar:3.7.8]
		at reactor.core.publisher.MonoIgnoreThen$ThenIgnoreMain.subscribeNext(MonoIgnoreThen.java:265) ~[reactor-core-3.7.8.jar:3.7.8]
		at reactor.core.publisher.MonoIgnoreThen.subscribe(MonoIgnoreThen.java:51) ~[reactor-core-3.7.8.jar:3.7.8]
		at reactor.core.publisher.InternalMonoOperator.subscribe(InternalMonoOperator.java:76) ~[reactor-core-3.7.8.jar:3.7.8]
		at reactor.core.publisher.MonoDefer.subscribe(MonoDefer.java:53) ~[reactor-core-3.7.8.jar:3.7.8]
		at reactor.core.publisher.Mono.subscribe(Mono.java:4576) ~[reactor-core-3.7.8.jar:3.7.8]
		at reactor.core.publisher.FluxOnErrorResume$ResumeSubscriber.onError(FluxOnErrorResume.java:103) ~[reactor-core-3.7.8.jar:3.7.8]
		at reactor.core.publisher.MonoIgnoreElements$IgnoreElementsSubscriber.onError(MonoIgnoreElements.java:84) ~[reactor-core-3.7.8.jar:3.7.8]
		at reactor.core.publisher.FluxMap$MapSubscriber.onError(FluxMap.java:134) ~[reactor-core-3.7.8.jar:3.7.8]
		at reactor.core.publisher.FluxFilter$FilterSubscriber.onError(FluxFilter.java:157) ~[reactor-core-3.7.8.jar:3.7.8]
		at reactor.core.publisher.FluxFilter$FilterConditionalSubscriber.onError(FluxFilter.java:291) ~[reactor-core-3.7.8.jar:3.7.8]
		at reactor.core.publisher.FluxMap$MapConditionalSubscriber.onError(FluxMap.java:265) ~[reactor-core-3.7.8.jar:3.7.8]
		at reactor.core.publisher.Operators.error(Operators.java:198) ~[reactor-core-3.7.8.jar:3.7.8]
		at reactor.core.publisher.MonoError.subscribe(MonoError.java:53) ~[reactor-core-3.7.8.jar:3.7.8]
		at reactor.core.publisher.MonoDeferContextual.subscribe(MonoDeferContextual.java:55) ~[reactor-core-3.7.8.jar:3.7.8]
		at reactor.core.publisher.InternalMonoOperator.subscribe(InternalMonoOperator.java:76) ~[reactor-core-3.7.8.jar:3.7.8]
		at reactor.core.publisher.MonoDefer.subscribe(MonoDefer.java:53) ~[reactor-core-3.7.8.jar:3.7.8]
		at reactor.core.publisher.Mono.subscribe(Mono.java:4576) ~[reactor-core-3.7.8.jar:3.7.8]
		at reactor.core.publisher.FluxUsingWhen$UsingWhenSubscriber.onComplete(FluxUsingWhen.java:389) ~[reactor-core-3.7.8.jar:3.7.8]
		at reactor.core.publisher.FluxFlatMap$FlatMapMain.checkTerminated(FluxFlatMap.java:850) ~[reactor-core-3.7.8.jar:3.7.8]
		at reactor.core.publisher.FluxFlatMap$FlatMapMain.drainLoop(FluxFlatMap.java:612) ~[reactor-core-3.7.8.jar:3.7.8]
		at reactor.core.publisher.FluxFlatMap$FlatMapMain.innerComplete(FluxFlatMap.java:898) ~[reactor-core-3.7.8.jar:3.7.8]
		at reactor.core.publisher.FluxFlatMap$FlatMapInner.onComplete(FluxFlatMap.java:1001) ~[reactor-core-3.7.8.jar:3.7.8]
		at reactor.core.publisher.FluxHandle$HandleSubscriber.onComplete(FluxHandle.java:223) ~[reactor-core-3.7.8.jar:3.7.8]
		at reactor.core.publisher.MonoFlatMapMany$FlatMapManyInner.onComplete(MonoFlatMapMany.java:261) ~[reactor-core-3.7.8.jar:3.7.8]
		at reactor.core.publisher.FluxHandleFuseable$HandleFuseableSubscriber.onComplete(FluxHandleFuseable.java:239) ~[reactor-core-3.7.8.jar:3.7.8]
		at reactor.core.publisher.FluxFilterFuseable$FilterFuseableConditionalSubscriber.onComplete(FluxFilterFuseable.java:391) ~[reactor-core-3.7.8.jar:3.7.8]
		at reactor.core.publisher.FluxContextWrite$ContextWriteSubscriber.onComplete(FluxContextWrite.java:126) ~[reactor-core-3.7.8.jar:3.7.8]
		at reactor.core.publisher.FluxPeekFuseable$PeekConditionalSubscriber.onComplete(FluxPeekFuseable.java:940) ~[reactor-core-3.7.8.jar:3.7.8]
		at reactor.core.publisher.FluxPeekFuseable$PeekConditionalSubscriber.onComplete(FluxPeekFuseable.java:940) ~[reactor-core-3.7.8.jar:3.7.8]
		at io.r2dbc.postgresql.util.FluxDiscardOnCancel$FluxDiscardOnCancelSubscriber.onComplete(FluxDiscardOnCancel.java:104) ~[r2dbc-postgresql-1.0.7.RELEASE.jar:1.0.7.RELEASE]
		at reactor.core.publisher.FluxDoFinally$DoFinallySubscriber.onComplete(FluxDoFinally.java:128) ~[reactor-core-3.7.8.jar:3.7.8]
		at reactor.core.publisher.FluxHandle$HandleSubscriber.onComplete(FluxHandle.java:223) ~[reactor-core-3.7.8.jar:3.7.8]
		at reactor.core.publisher.FluxCreate$BaseSink.complete(FluxCreate.java:465) ~[reactor-core-3.7.8.jar:3.7.8]
		at reactor.core.publisher.FluxCreate$BufferAsyncSink.drain(FluxCreate.java:871) ~[reactor-core-3.7.8.jar:3.7.8]
		at reactor.core.publisher.FluxCreate$BufferAsyncSink.complete(FluxCreate.java:819) ~[reactor-core-3.7.8.jar:3.7.8]
		at reactor.core.publisher.FluxCreate$SerializedFluxSink.drainLoop(FluxCreate.java:249) ~[reactor-core-3.7.8.jar:3.7.8]
		at reactor.core.publisher.FluxCreate$SerializedFluxSink.drain(FluxCreate.java:215) ~[reactor-core-3.7.8.jar:3.7.8]
		at reactor.core.publisher.FluxCreate$SerializedFluxSink.complete(FluxCreate.java:206) ~[reactor-core-3.7.8.jar:3.7.8]
		at io.r2dbc.postgresql.client.ReactorNettyClient$Conversation.complete(ReactorNettyClient.java:680) ~[r2dbc-postgresql-1.0.7.RELEASE.jar:1.0.7.RELEASE]
		at io.r2dbc.postgresql.client.ReactorNettyClient$BackendMessageSubscriber.emit(ReactorNettyClient.java:946) ~[r2dbc-postgresql-1.0.7.RELEASE.jar:1.0.7.RELEASE]
		at io.r2dbc.postgresql.client.ReactorNettyClient$BackendMessageSubscriber.onNext(ReactorNettyClient.java:822) ~[r2dbc-postgresql-1.0.7.RELEASE.jar:1.0.7.RELEASE]
		at io.r2dbc.postgresql.client.ReactorNettyClient$BackendMessageSubscriber.onNext(ReactorNettyClient.java:728) ~[r2dbc-postgresql-1.0.7.RELEASE.jar:1.0.7.RELEASE]
		at reactor.core.publisher.FluxHandle$HandleSubscriber.onNext(FluxHandle.java:129) ~[reactor-core-3.7.8.jar:3.7.8]
		at reactor.core.publisher.FluxPeekFuseable$PeekConditionalSubscriber.onNext(FluxPeekFuseable.java:854) ~[reactor-core-3.7.8.jar:3.7.8]
		at reactor.core.publisher.FluxMap$MapConditionalSubscriber.onNext(FluxMap.java:224) ~[reactor-core-3.7.8.jar:3.7.8]
		at reactor.core.publisher.FluxMap$MapConditionalSubscriber.onNext(FluxMap.java:224) ~[reactor-core-3.7.8.jar:3.7.8]
		at reactor.netty.channel.FluxReceive.drainReceiver(FluxReceive.java:292) ~[reactor-netty-core-1.2.8.jar:1.2.8]
		at reactor.netty.channel.FluxReceive.onInboundNext(FluxReceive.java:401) ~[reactor-netty-core-1.2.8.jar:1.2.8]
		at reactor.netty.channel.ChannelOperations.onInboundNext(ChannelOperations.java:435) ~[reactor-netty-core-1.2.8.jar:1.2.8]
		at reactor.netty.channel.ChannelOperationsHandler.channelRead(ChannelOperationsHandler.java:115) ~[reactor-netty-core-1.2.8.jar:1.2.8]
		at io.netty.channel.AbstractChannelHandlerContext.invokeChannelRead(AbstractChannelHandlerContext.java:444) ~[netty-transport-4.1.123.Final.jar:4.1.123.Final]
		at io.netty.channel.AbstractChannelHandlerContext.invokeChannelRead(AbstractChannelHandlerContext.java:420) ~[netty-transport-4.1.123.Final.jar:4.1.123.Final]
		at io.netty.channel.AbstractChannelHandlerContext.fireChannelRead(AbstractChannelHandlerContext.java:412) ~[netty-transport-4.1.123.Final.jar:4.1.123.Final]
		at io.netty.handler.codec.ByteToMessageDecoder.fireChannelRead(ByteToMessageDecoder.java:346) ~[netty-codec-4.1.123.Final.jar:4.1.123.Final]
		at io.netty.handler.codec.ByteToMessageDecoder.channelRead(ByteToMessageDecoder.java:318) ~[netty-codec-4.1.123.Final.jar:4.1.123.Final]
		at io.netty.channel.AbstractChannelHandlerContext.invokeChannelRead(AbstractChannelHandlerContext.java:444) ~[netty-transport-4.1.123.Final.jar:4.1.123.Final]
		at io.netty.channel.AbstractChannelHandlerContext.invokeChannelRead(AbstractChannelHandlerContext.java:420) ~[netty-transport-4.1.123.Final.jar:4.1.123.Final]
		at io.netty.channel.AbstractChannelHandlerContext.fireChannelRead(AbstractChannelHandlerContext.java:412) ~[netty-transport-4.1.123.Final.jar:4.1.123.Final]
		at io.netty.channel.DefaultChannelPipeline$HeadContext.channelRead(DefaultChannelPipeline.java:1357) ~[netty-transport-4.1.123.Final.jar:4.1.123.Final]
		at io.netty.channel.AbstractChannelHandlerContext.invokeChannelRead(AbstractChannelHandlerContext.java:440) ~[netty-transport-4.1.123.Final.jar:4.1.123.Final]
		at io.netty.channel.AbstractChannelHandlerContext.invokeChannelRead(AbstractChannelHandlerContext.java:420) ~[netty-transport-4.1.123.Final.jar:4.1.123.Final]
		at io.netty.channel.DefaultChannelPipeline.fireChannelRead(DefaultChannelPipeline.java:868) ~[netty-transport-4.1.123.Final.jar:4.1.123.Final]
		at io.netty.channel.kqueue.AbstractKQueueStreamChannel$KQueueStreamUnsafe.readReady(AbstractKQueueStreamChannel.java:543) ~[netty-transport-classes-kqueue-4.1.123.Final.jar:4.1.123.Final]
		at io.netty.channel.kqueue.AbstractKQueueChannel$AbstractKQueueUnsafe$1.run(AbstractKQueueChannel.java:383) ~[netty-transport-classes-kqueue-4.1.123.Final.jar:4.1.123.Final]
		at io.netty.util.concurrent.AbstractEventExecutor.runTask(AbstractEventExecutor.java:173) ~[netty-common-4.1.123.Final.jar:4.1.123.Final]
		at io.netty.util.concurrent.AbstractEventExecutor.safeExecute(AbstractEventExecutor.java:166) ~[netty-common-4.1.123.Final.jar:4.1.123.Final]
		at io.netty.util.concurrent.SingleThreadEventExecutor.runAllTasks(SingleThreadEventExecutor.java:472) ~[netty-common-4.1.123.Final.jar:4.1.123.Final]
		at io.netty.channel.kqueue.KQueueEventLoop.run(KQueueEventLoop.java:356) ~[netty-transport-classes-kqueue-4.1.123.Final.jar:4.1.123.Final]
		at io.netty.util.concurrent.SingleThreadEventExecutor$4.run(SingleThreadEventExecutor.java:998) ~[netty-common-4.1.123.Final.jar:4.1.123.Final]
		at io.netty.util.internal.ThreadExecutorMap$2.run(ThreadExecutorMap.java:74) ~[netty-common-4.1.123.Final.jar:4.1.123.Final]
		at io.netty.util.concurrent.FastThreadLocalRunnable.run(FastThreadLocalRunnable.java:30) ~[netty-common-4.1.123.Final.jar:4.1.123.Final]
		at java.base/java.lang.Thread.run(Thread.java:1583) ~[na:na]

2025-07-31T12:10:01.229+03:00  INFO 9006 --- [reactor-http-kqueue-2] r.yandex.practicum.service.ItemService   : Start getPaging: pageNumber=1, pageSize=10
2025-07-31T12:10:01.232+03:00  INFO 9006 --- [lettuce-kqueueEventLoop-5-3] r.yandex.practicum.service.ItemService   : Start getItems: pageNumber=1, pageSize=10, sort=NO, search=null
2025-07-31T12:10:01.233+03:00  INFO 9006 --- [lettuce-kqueueEventLoop-5-3] reactor.Mono.MapFuseable.3               : | onSubscribe([Fuseable] FluxMapFuseable.MapFuseableConditionalSubscriber)
2025-07-31T12:10:01.233+03:00  INFO 9006 --- [lettuce-kqueueEventLoop-5-3] reactor.Mono.MapFuseable.3               : | request(unbounded)
2025-07-31T12:10:01.899+03:00  INFO 9006 --- [reactor-tcp-kqueue-5] reactor.Mono.MapFuseable.3               : | onNext([[ItemDto(id=1, title=123, description=123, imagePath=http://localhost:8084/items/image/1, count=1, price=123), ItemDto(id=2, title=wefawef, description=afwef, imagePath=http://localhost:8084/items/image/2, count=0, price=12313), ItemDto(id=3, title=товар1, description=Товар, imagePath=http://localhost:8084/items/image/3, count=0, price=12345), ItemDto(id=4, title=df, description=fads, imagePath=http://localhost:8084/items/image/4, count=0, price=21351524635765), ItemDto(id=6, title=товар новый, description=Товар, imagePath=http://localhost:8084/items/image/6, count=0, price=5)], [ItemDto(id=9, title=test3, description=test3, imagePath=http://localhost:8084/items/image/9, count=0, price=130), ItemDto(id=10, title=test4, description=test4, imagePath=http://localhost:8084/items/image/10, count=0, price=140), ItemDto(id=11, title=test5, description=test5, imagePath=http://localhost:8084/items/image/11, count=0, price=150), ItemDto(id=12, title=test5, description=test5, imagePath=http://localhost:8084/items/image/12, count=0, price=150), ItemDto(id=13, title=test6, description=test6, imagePath=http://localhost:8084/items/image/13, count=0, price=160)]])
2025-07-31T12:10:01.905+03:00  INFO 9006 --- [reactor-tcp-kqueue-5] reactor.Mono.MapFuseable.3               : | onComplete()
2025-07-31T12:10:05.860+03:00 ERROR 9006 --- [reactor-http-kqueue-2] a.w.r.e.AbstractErrorWebExceptionHandler : [7cc0e973-28]  500 Server Error for HTTP POST "/main/items/1"

java.lang.IllegalStateException: block()/blockFirst()/blockLast() are blocking, which is not supported in thread reactor-http-kqueue-2
	at reactor.core.publisher.BlockingSingleSubscriber.blockingGet(BlockingSingleSubscriber.java:87) ~[reactor-core-3.7.8.jar:3.7.8]
	Suppressed: reactor.core.publisher.FluxOnAssembly$OnAssemblyException: 
Error has been observed at the following site(s):
	*__checkpoint ⇢ Handler ru.yandex.practicum.controller.ShopController#changeItemCount(Long, ServerWebExchange) [DispatcherHandler]
	*__checkpoint ⇢ HTTP POST "/main/items/1" [ExceptionHandlingWebHandler]
Original Stack Trace:
		at reactor.core.publisher.BlockingSingleSubscriber.blockingGet(BlockingSingleSubscriber.java:87) ~[reactor-core-3.7.8.jar:3.7.8]
		at reactor.core.publisher.Mono.block(Mono.java:1779) ~[reactor-core-3.7.8.jar:3.7.8]
		at ru.yandex.practicum.service.CartService.refresh(CartService.java:46) ~[main/:na]
		at ru.yandex.practicum.service.ItemService.lambda$actionWithItemInCart$9(ItemService.java:148) ~[main/:na]
		at reactor.core.publisher.FluxMapFuseable$MapFuseableSubscriber.onNext(FluxMapFuseable.java:113) ~[reactor-core-3.7.8.jar:3.7.8]
		at reactor.core.publisher.Operators$ScalarSubscription.request(Operators.java:2570) ~[reactor-core-3.7.8.jar:3.7.8]
		at reactor.core.publisher.FluxMapFuseable$MapFuseableSubscriber.request(FluxMapFuseable.java:171) ~[reactor-core-3.7.8.jar:3.7.8]
		at reactor.core.publisher.MonoFlatMap$FlatMapInner.onSubscribe(MonoFlatMap.java:291) ~[reactor-core-3.7.8.jar:3.7.8]
		at reactor.core.publisher.FluxMapFuseable$MapFuseableSubscriber.onSubscribe(FluxMapFuseable.java:96) ~[reactor-core-3.7.8.jar:3.7.8]
		at reactor.core.publisher.MonoJust.subscribe(MonoJust.java:55) ~[reactor-core-3.7.8.jar:3.7.8]
		at reactor.core.publisher.InternalMonoOperator.subscribe(InternalMonoOperator.java:76) ~[reactor-core-3.7.8.jar:3.7.8]
		at reactor.core.publisher.MonoFlatMap$FlatMapMain.onNext(MonoFlatMap.java:165) ~[reactor-core-3.7.8.jar:3.7.8]
		at reactor.core.publisher.FluxMap$MapSubscriber.onNext(FluxMap.java:122) ~[reactor-core-3.7.8.jar:3.7.8]
		at reactor.core.publisher.FluxMap$MapSubscriber.onNext(FluxMap.java:122) ~[reactor-core-3.7.8.jar:3.7.8]
		at reactor.core.publisher.FluxMap$MapSubscriber.onNext(FluxMap.java:122) ~[reactor-core-3.7.8.jar:3.7.8]
		at reactor.core.publisher.Operators$MonoSubscriber.complete(Operators.java:1864) ~[reactor-core-3.7.8.jar:3.7.8]
		at reactor.core.publisher.MonoCacheTime$CoordinatorSubscriber.signalCached(MonoCacheTime.java:337) ~[reactor-core-3.7.8.jar:3.7.8]
		at reactor.core.publisher.MonoCacheTime$CoordinatorSubscriber.onNext(MonoCacheTime.java:354) ~[reactor-core-3.7.8.jar:3.7.8]
		at reactor.core.publisher.FluxSwitchIfEmpty$SwitchIfEmptySubscriber.onNext(FluxSwitchIfEmpty.java:74) ~[reactor-core-3.7.8.jar:3.7.8]
		at reactor.core.publisher.FluxMapFuseable$MapFuseableSubscriber.onNext(FluxMapFuseable.java:129) ~[reactor-core-3.7.8.jar:3.7.8]
		at reactor.core.publisher.FluxContextWrite$ContextWriteSubscriber.onNext(FluxContextWrite.java:107) ~[reactor-core-3.7.8.jar:3.7.8]
		at reactor.core.publisher.FluxMapFuseable$MapFuseableConditionalSubscriber.onNext(FluxMapFuseable.java:299) ~[reactor-core-3.7.8.jar:3.7.8]
		at reactor.core.publisher.FluxFilterFuseable$FilterFuseableConditionalSubscriber.onNext(FluxFilterFuseable.java:337) ~[reactor-core-3.7.8.jar:3.7.8]
		at reactor.core.publisher.Operators$BaseFluxToMonoOperator.completePossiblyEmpty(Operators.java:2096) ~[reactor-core-3.7.8.jar:3.7.8]
		at reactor.core.publisher.MonoCollect$CollectSubscriber.onComplete(MonoCollect.java:145) ~[reactor-core-3.7.8.jar:3.7.8]
		at reactor.core.publisher.FluxMap$MapSubscriber.onComplete(FluxMap.java:144) ~[reactor-core-3.7.8.jar:3.7.8]
		at reactor.core.publisher.FluxPeek$PeekSubscriber.onComplete(FluxPeek.java:260) ~[reactor-core-3.7.8.jar:3.7.8]
		at reactor.core.publisher.FluxMap$MapSubscriber.onComplete(FluxMap.java:144) ~[reactor-core-3.7.8.jar:3.7.8]
		at reactor.netty.channel.FluxReceive.onInboundComplete(FluxReceive.java:413) ~[reactor-netty-core-1.2.8.jar:1.2.8]
		at reactor.netty.channel.ChannelOperations.onInboundComplete(ChannelOperations.java:455) ~[reactor-netty-core-1.2.8.jar:1.2.8]
		at reactor.netty.http.server.HttpServerOperations.handleLastHttpContent(HttpServerOperations.java:903) ~[reactor-netty-http-1.2.8.jar:1.2.8]
		at reactor.netty.http.server.HttpServerOperations.onInboundNext(HttpServerOperations.java:812) ~[reactor-netty-http-1.2.8.jar:1.2.8]
		at reactor.netty.channel.ChannelOperationsHandler.channelRead(ChannelOperationsHandler.java:115) ~[reactor-netty-core-1.2.8.jar:1.2.8]
		at io.netty.channel.AbstractChannelHandlerContext.invokeChannelRead(AbstractChannelHandlerContext.java:444) ~[netty-transport-4.1.123.Final.jar:4.1.123.Final]
		at io.netty.channel.AbstractChannelHandlerContext.invokeChannelRead(AbstractChannelHandlerContext.java:420) ~[netty-transport-4.1.123.Final.jar:4.1.123.Final]
		at io.netty.channel.AbstractChannelHandlerContext.fireChannelRead(AbstractChannelHandlerContext.java:412) ~[netty-transport-4.1.123.Final.jar:4.1.123.Final]
		at reactor.netty.http.server.HttpTrafficHandler.channelRead(HttpTrafficHandler.java:321) ~[reactor-netty-http-1.2.8.jar:1.2.8]
		at io.netty.channel.AbstractChannelHandlerContext.invokeChannelRead(AbstractChannelHandlerContext.java:442) ~[netty-transport-4.1.123.Final.jar:4.1.123.Final]
		at io.netty.channel.AbstractChannelHandlerContext.invokeChannelRead(AbstractChannelHandlerContext.java:420) ~[netty-transport-4.1.123.Final.jar:4.1.123.Final]
		at io.netty.channel.AbstractChannelHandlerContext.fireChannelRead(AbstractChannelHandlerContext.java:412) ~[netty-transport-4.1.123.Final.jar:4.1.123.Final]
		at io.netty.channel.CombinedChannelDuplexHandler$DelegatingChannelHandlerContext.fireChannelRead(CombinedChannelDuplexHandler.java:436) ~[netty-transport-4.1.123.Final.jar:4.1.123.Final]
		at io.netty.handler.codec.ByteToMessageDecoder.fireChannelRead(ByteToMessageDecoder.java:346) ~[netty-codec-4.1.123.Final.jar:4.1.123.Final]
		at io.netty.handler.codec.ByteToMessageDecoder.channelRead(ByteToMessageDecoder.java:318) ~[netty-codec-4.1.123.Final.jar:4.1.123.Final]
		at io.netty.channel.CombinedChannelDuplexHandler.channelRead(CombinedChannelDuplexHandler.java:251) ~[netty-transport-4.1.123.Final.jar:4.1.123.Final]
		at io.netty.channel.AbstractChannelHandlerContext.invokeChannelRead(AbstractChannelHandlerContext.java:442) ~[netty-transport-4.1.123.Final.jar:4.1.123.Final]
		at io.netty.channel.AbstractChannelHandlerContext.invokeChannelRead(AbstractChannelHandlerContext.java:420) ~[netty-transport-4.1.123.Final.jar:4.1.123.Final]
		at io.netty.channel.AbstractChannelHandlerContext.fireChannelRead(AbstractChannelHandlerContext.java:412) ~[netty-transport-4.1.123.Final.jar:4.1.123.Final]
		at io.netty.channel.DefaultChannelPipeline$HeadContext.channelRead(DefaultChannelPipeline.java:1357) ~[netty-transport-4.1.123.Final.jar:4.1.123.Final]
		at io.netty.channel.AbstractChannelHandlerContext.invokeChannelRead(AbstractChannelHandlerContext.java:440) ~[netty-transport-4.1.123.Final.jar:4.1.123.Final]
		at io.netty.channel.AbstractChannelHandlerContext.invokeChannelRead(AbstractChannelHandlerContext.java:420) ~[netty-transport-4.1.123.Final.jar:4.1.123.Final]
		at io.netty.channel.DefaultChannelPipeline.fireChannelRead(DefaultChannelPipeline.java:868) ~[netty-transport-4.1.123.Final.jar:4.1.123.Final]
		at io.netty.channel.kqueue.AbstractKQueueStreamChannel$KQueueStreamUnsafe.readReady(AbstractKQueueStreamChannel.java:543) ~[netty-transport-classes-kqueue-4.1.123.Final.jar:4.1.123.Final]
		at io.netty.channel.kqueue.AbstractKQueueChannel$AbstractKQueueUnsafe.readReady(AbstractKQueueChannel.java:390) ~[netty-transport-classes-kqueue-4.1.123.Final.jar:4.1.123.Final]
		at io.netty.channel.kqueue.KQueueEventLoop.processReady(KQueueEventLoop.java:274) ~[netty-transport-classes-kqueue-4.1.123.Final.jar:4.1.123.Final]
		at io.netty.channel.kqueue.KQueueEventLoop.run(KQueueEventLoop.java:352) ~[netty-transport-classes-kqueue-4.1.123.Final.jar:4.1.123.Final]
		at io.netty.util.concurrent.SingleThreadEventExecutor$4.run(SingleThreadEventExecutor.java:998) ~[netty-common-4.1.123.Final.jar:4.1.123.Final]
		at io.netty.util.internal.ThreadExecutorMap$2.run(ThreadExecutorMap.java:74) ~[netty-common-4.1.123.Final.jar:4.1.123.Final]
		at io.netty.util.concurrent.FastThreadLocalRunnable.run(FastThreadLocalRunnable.java:30) ~[netty-common-4.1.123.Final.jar:4.1.123.Final]
		at java.base/java.lang.Thread.run(Thread.java:1583) ~[na:na]

2025-07-31T16:45:56.343+03:00  INFO 9006 --- [SpringApplicationShutdownHook] o.s.b.w.embedded.netty.GracefulShutdown  : Commencing graceful shutdown. Waiting for active requests to complete
2025-07-31T16:45:56.349+03:00  INFO 9006 --- [netty-shutdown] o.s.b.w.embedded.netty.GracefulShutdown  : Graceful shutdown complete
2025-07-31T16:46:36.929+03:00  INFO 12475 --- [main] ru.yandex.practicum.ShopApplication      : Starting ShopApplication using Java 21.0.6 with PID 12475 (/Users/Dixi/dev/online-shop/shop/build/classes/java/main started by Dixi in /Users/Dixi/dev/online-shop)
2025-07-31T16:46:36.930+03:00  INFO 12475 --- [main] ru.yandex.practicum.ShopApplication      : No active profile set, falling back to 1 default profile: "default"
2025-07-31T16:46:37.174+03:00  INFO 12475 --- [main] .s.d.r.c.RepositoryConfigurationDelegate : Multiple Spring Data modules found, entering strict repository configuration mode
2025-07-31T16:46:37.174+03:00  INFO 12475 --- [main] .s.d.r.c.RepositoryConfigurationDelegate : Bootstrapping Spring Data Redis repositories in DEFAULT mode.
2025-07-31T16:46:37.186+03:00  INFO 12475 --- [main] .s.d.r.c.RepositoryConfigurationDelegate : Finished Spring Data repository scanning in 2 ms. Found 0 Redis repository interfaces.
2025-07-31T16:46:37.189+03:00  INFO 12475 --- [main] .s.d.r.c.RepositoryConfigurationDelegate : Multiple Spring Data modules found, entering strict repository configuration mode
2025-07-31T16:46:37.189+03:00  INFO 12475 --- [main] .s.d.r.c.RepositoryConfigurationDelegate : Bootstrapping Spring Data Redis repositories in DEFAULT mode.
2025-07-31T16:46:37.197+03:00  INFO 12475 --- [main] .RepositoryConfigurationExtensionSupport : Spring Data Redis - Could not safely identify store assignment for repository candidate interface ru.yandex.practicum.repository.ItemInOrderRepository; If you want this repository to be a Redis repository, consider annotating your entities with one of these annotations: org.springframework.data.redis.core.RedisHash (preferred), or consider extending one of the following types with your repository: org.springframework.data.keyvalue.repository.KeyValueRepository
2025-07-31T16:46:37.197+03:00  INFO 12475 --- [main] .RepositoryConfigurationExtensionSupport : Spring Data Redis - Could not safely identify store assignment for repository candidate interface ru.yandex.practicum.repository.ItemRepository; If you want this repository to be a Redis repository, consider annotating your entities with one of these annotations: org.springframework.data.redis.core.RedisHash (preferred), or consider extending one of the following types with your repository: org.springframework.data.keyvalue.repository.KeyValueRepository
2025-07-31T16:46:37.197+03:00  INFO 12475 --- [main] .RepositoryConfigurationExtensionSupport : Spring Data Redis - Could not safely identify store assignment for repository candidate interface ru.yandex.practicum.repository.OrderRepository; If you want this repository to be a Redis repository, consider annotating your entities with one of these annotations: org.springframework.data.redis.core.RedisHash (preferred), or consider extending one of the following types with your repository: org.springframework.data.keyvalue.repository.KeyValueRepository
2025-07-31T16:46:37.198+03:00  INFO 12475 --- [main] .s.d.r.c.RepositoryConfigurationDelegate : Finished Spring Data repository scanning in 8 ms. Found 0 Redis repository interfaces.
2025-07-31T16:46:37.291+03:00  INFO 12475 --- [main] .s.d.r.c.RepositoryConfigurationDelegate : Multiple Spring Data modules found, entering strict repository configuration mode
2025-07-31T16:46:37.291+03:00  INFO 12475 --- [main] .s.d.r.c.RepositoryConfigurationDelegate : Bootstrapping Spring Data R2DBC repositories in DEFAULT mode.
2025-07-31T16:46:37.346+03:00  INFO 12475 --- [main] .s.d.r.c.RepositoryConfigurationDelegate : Finished Spring Data repository scanning in 54 ms. Found 3 R2DBC repository interfaces.
2025-07-31T16:46:37.350+03:00  INFO 12475 --- [main] .s.d.r.c.RepositoryConfigurationDelegate : Multiple Spring Data modules found, entering strict repository configuration mode
2025-07-31T16:46:37.350+03:00  INFO 12475 --- [main] .s.d.r.c.RepositoryConfigurationDelegate : Bootstrapping Spring Data Redis repositories in DEFAULT mode.
2025-07-31T16:46:37.352+03:00  INFO 12475 --- [main] .RepositoryConfigurationExtensionSupport : Spring Data Redis - Could not safely identify store assignment for repository candidate interface ru.yandex.practicum.repository.ItemInOrderRepository; If you want this repository to be a Redis repository, consider annotating your entities with one of these annotations: org.springframework.data.redis.core.RedisHash (preferred), or consider extending one of the following types with your repository: org.springframework.data.keyvalue.repository.KeyValueRepository
2025-07-31T16:46:37.352+03:00  INFO 12475 --- [main] .RepositoryConfigurationExtensionSupport : Spring Data Redis - Could not safely identify store assignment for repository candidate interface ru.yandex.practicum.repository.ItemRepository; If you want this repository to be a Redis repository, consider annotating your entities with one of these annotations: org.springframework.data.redis.core.RedisHash (preferred), or consider extending one of the following types with your repository: org.springframework.data.keyvalue.repository.KeyValueRepository
2025-07-31T16:46:37.352+03:00  INFO 12475 --- [main] .RepositoryConfigurationExtensionSupport : Spring Data Redis - Could not safely identify store assignment for repository candidate interface ru.yandex.practicum.repository.OrderRepository; If you want this repository to be a Redis repository, consider annotating your entities with one of these annotations: org.springframework.data.redis.core.RedisHash (preferred), or consider extending one of the following types with your repository: org.springframework.data.keyvalue.repository.KeyValueRepository
2025-07-31T16:46:37.352+03:00  INFO 12475 --- [main] .s.d.r.c.RepositoryConfigurationDelegate : Finished Spring Data repository scanning in 1 ms. Found 0 Redis repository interfaces.
2025-07-31T16:46:37.750+03:00  INFO 12475 --- [main] r.y.p.configuration.WebConfiguration     : Initialize cart
2025-07-31T16:46:38.696+03:00  INFO 12475 --- [main] o.s.b.web.embedded.netty.NettyWebServer  : Netty started on port 8084 (http)
2025-07-31T16:46:38.904+03:00  INFO 12475 --- [main] ru.yandex.practicum.ShopApplication      : Started ShopApplication in 2.149 seconds (process running for 2.407)
2025-07-31T16:46:51.316+03:00  INFO 12475 --- [reactor-http-kqueue-2] r.yandex.practicum.service.ItemService   : Start getPaging: pageNumber=1, pageSize=10
2025-07-31T16:46:51.396+03:00  INFO 12475 --- [reactor-http-kqueue-2] r.yandex.practicum.service.ItemService   : Start getItems: pageNumber=1, pageSize=10, sort=NO, search=null
2025-07-31T16:46:51.406+03:00  INFO 12475 --- [reactor-http-kqueue-2] reactor.Mono.MapFuseable.1               : | onSubscribe([Fuseable] FluxMapFuseable.MapFuseableConditionalSubscriber)
2025-07-31T16:46:51.406+03:00  INFO 12475 --- [reactor-http-kqueue-2] reactor.Mono.MapFuseable.1               : | request(unbounded)
2025-07-31T16:46:52.293+03:00  INFO 12475 --- [reactor-tcp-kqueue-2] reactor.Mono.MapFuseable.1               : | onNext([[ItemDto(id=1, title=123, description=123, imagePath=http://localhost:8084/items/image/1, count=0, price=123), ItemDto(id=2, title=wefawef, description=afwef, imagePath=http://localhost:8084/items/image/2, count=0, price=12313), ItemDto(id=3, title=товар1, description=Товар, imagePath=http://localhost:8084/items/image/3, count=0, price=12345), ItemDto(id=4, title=df, description=fads, imagePath=http://localhost:8084/items/image/4, count=0, price=21351524635765), ItemDto(id=6, title=товар новый, description=Товар, imagePath=http://localhost:8084/items/image/6, count=0, price=5)], [ItemDto(id=9, title=test3, description=test3, imagePath=http://localhost:8084/items/image/9, count=0, price=130), ItemDto(id=10, title=test4, description=test4, imagePath=http://localhost:8084/items/image/10, count=0, price=140), ItemDto(id=11, title=test5, description=test5, imagePath=http://localhost:8084/items/image/11, count=0, price=150), ItemDto(id=12, title=test5, description=test5, imagePath=http://localhost:8084/items/image/12, count=0, price=150), ItemDto(id=13, title=test6, description=test6, imagePath=http://localhost:8084/items/image/13, count=0, price=160)]])
2025-07-31T16:46:52.410+03:00  INFO 12475 --- [reactor-tcp-kqueue-2] reactor.Mono.MapFuseable.1               : | onComplete()
2025-07-31T16:46:54.172+03:00  INFO 12475 --- [lettuce-kqueueEventLoop-5-3] r.yandex.practicum.service.ItemService   : Start getItemDtoById: id=1
2025-07-31T16:46:56.647+03:00  INFO 12475 --- [reactor-http-kqueue-4] r.yandex.practicum.service.ItemService   : Start getItemDtoById: id=1
2025-07-31T16:48:03.469+03:00  INFO 12475 --- [lettuce-kqueueEventLoop-5-3] r.yandex.practicum.service.ItemService   : Start getItemDtoById: id=1
2025-07-31T16:48:11.470+03:00  INFO 12475 --- [lettuce-kqueueEventLoop-5-3] r.yandex.practicum.service.ItemService   : Start getItemDtoById: id=1
2025-07-31T17:08:52.767+03:00  INFO 12475 --- [SpringApplicationShutdownHook] o.s.b.w.embedded.netty.GracefulShutdown  : Commencing graceful shutdown. Waiting for active requests to complete
2025-07-31T17:08:52.768+03:00  INFO 12475 --- [netty-shutdown] o.s.b.w.embedded.netty.GracefulShutdown  : Graceful shutdown complete
2025-07-31T17:08:56.795+03:00  INFO 12751 --- [main] ru.yandex.practicum.ShopApplication      : Starting ShopApplication using Java 21.0.6 with PID 12751 (/Users/Dixi/dev/online-shop/shop/build/classes/java/main started by Dixi in /Users/Dixi/dev/online-shop)
2025-07-31T17:08:56.796+03:00  INFO 12751 --- [main] ru.yandex.practicum.ShopApplication      : No active profile set, falling back to 1 default profile: "default"
2025-07-31T17:08:57.027+03:00  INFO 12751 --- [main] .s.d.r.c.RepositoryConfigurationDelegate : Multiple Spring Data modules found, entering strict repository configuration mode
2025-07-31T17:08:57.028+03:00  INFO 12751 --- [main] .s.d.r.c.RepositoryConfigurationDelegate : Bootstrapping Spring Data Redis repositories in DEFAULT mode.
2025-07-31T17:08:57.039+03:00  INFO 12751 --- [main] .s.d.r.c.RepositoryConfigurationDelegate : Finished Spring Data repository scanning in 2 ms. Found 0 Redis repository interfaces.
2025-07-31T17:08:57.041+03:00  INFO 12751 --- [main] .s.d.r.c.RepositoryConfigurationDelegate : Multiple Spring Data modules found, entering strict repository configuration mode
2025-07-31T17:08:57.041+03:00  INFO 12751 --- [main] .s.d.r.c.RepositoryConfigurationDelegate : Bootstrapping Spring Data Redis repositories in DEFAULT mode.
2025-07-31T17:08:57.049+03:00  INFO 12751 --- [main] .RepositoryConfigurationExtensionSupport : Spring Data Redis - Could not safely identify store assignment for repository candidate interface ru.yandex.practicum.repository.ItemInOrderRepository; If you want this repository to be a Redis repository, consider annotating your entities with one of these annotations: org.springframework.data.redis.core.RedisHash (preferred), or consider extending one of the following types with your repository: org.springframework.data.keyvalue.repository.KeyValueRepository
2025-07-31T17:08:57.050+03:00  INFO 12751 --- [main] .RepositoryConfigurationExtensionSupport : Spring Data Redis - Could not safely identify store assignment for repository candidate interface ru.yandex.practicum.repository.ItemRepository; If you want this repository to be a Redis repository, consider annotating your entities with one of these annotations: org.springframework.data.redis.core.RedisHash (preferred), or consider extending one of the following types with your repository: org.springframework.data.keyvalue.repository.KeyValueRepository
2025-07-31T17:08:57.050+03:00  INFO 12751 --- [main] .RepositoryConfigurationExtensionSupport : Spring Data Redis - Could not safely identify store assignment for repository candidate interface ru.yandex.practicum.repository.OrderRepository; If you want this repository to be a Redis repository, consider annotating your entities with one of these annotations: org.springframework.data.redis.core.RedisHash (preferred), or consider extending one of the following types with your repository: org.springframework.data.keyvalue.repository.KeyValueRepository
2025-07-31T17:08:57.050+03:00  INFO 12751 --- [main] .s.d.r.c.RepositoryConfigurationDelegate : Finished Spring Data repository scanning in 8 ms. Found 0 Redis repository interfaces.
2025-07-31T17:08:57.140+03:00  INFO 12751 --- [main] .s.d.r.c.RepositoryConfigurationDelegate : Multiple Spring Data modules found, entering strict repository configuration mode
2025-07-31T17:08:57.140+03:00  INFO 12751 --- [main] .s.d.r.c.RepositoryConfigurationDelegate : Bootstrapping Spring Data R2DBC repositories in DEFAULT mode.
2025-07-31T17:08:57.196+03:00  INFO 12751 --- [main] .s.d.r.c.RepositoryConfigurationDelegate : Finished Spring Data repository scanning in 55 ms. Found 3 R2DBC repository interfaces.
2025-07-31T17:08:57.200+03:00  INFO 12751 --- [main] .s.d.r.c.RepositoryConfigurationDelegate : Multiple Spring Data modules found, entering strict repository configuration mode
2025-07-31T17:08:57.200+03:00  INFO 12751 --- [main] .s.d.r.c.RepositoryConfigurationDelegate : Bootstrapping Spring Data Redis repositories in DEFAULT mode.
2025-07-31T17:08:57.202+03:00  INFO 12751 --- [main] .RepositoryConfigurationExtensionSupport : Spring Data Redis - Could not safely identify store assignment for repository candidate interface ru.yandex.practicum.repository.ItemInOrderRepository; If you want this repository to be a Redis repository, consider annotating your entities with one of these annotations: org.springframework.data.redis.core.RedisHash (preferred), or consider extending one of the following types with your repository: org.springframework.data.keyvalue.repository.KeyValueRepository
2025-07-31T17:08:57.202+03:00  INFO 12751 --- [main] .RepositoryConfigurationExtensionSupport : Spring Data Redis - Could not safely identify store assignment for repository candidate interface ru.yandex.practicum.repository.ItemRepository; If you want this repository to be a Redis repository, consider annotating your entities with one of these annotations: org.springframework.data.redis.core.RedisHash (preferred), or consider extending one of the following types with your repository: org.springframework.data.keyvalue.repository.KeyValueRepository
2025-07-31T17:08:57.203+03:00  INFO 12751 --- [main] .RepositoryConfigurationExtensionSupport : Spring Data Redis - Could not safely identify store assignment for repository candidate interface ru.yandex.practicum.repository.OrderRepository; If you want this repository to be a Redis repository, consider annotating your entities with one of these annotations: org.springframework.data.redis.core.RedisHash (preferred), or consider extending one of the following types with your repository: org.springframework.data.keyvalue.repository.KeyValueRepository
2025-07-31T17:08:57.203+03:00  INFO 12751 --- [main] .s.d.r.c.RepositoryConfigurationDelegate : Finished Spring Data repository scanning in 1 ms. Found 0 Redis repository interfaces.
2025-07-31T17:08:57.589+03:00  INFO 12751 --- [main] r.y.p.configuration.WebConfiguration     : Initialize cart
2025-07-31T17:08:58.645+03:00  INFO 12751 --- [main] o.s.b.web.embedded.netty.NettyWebServer  : Netty started on port 8084 (http)
2025-07-31T17:08:58.857+03:00  INFO 12751 --- [main] ru.yandex.practicum.ShopApplication      : Started ShopApplication in 2.242 seconds (process running for 2.488)
2025-07-31T17:09:06.638+03:00  INFO 12751 --- [reactor-http-kqueue-2] r.yandex.practicum.service.ItemService   : Start getPaging: pageNumber=1, pageSize=10
2025-07-31T17:09:06.669+03:00  INFO 12751 --- [reactor-http-kqueue-2] r.yandex.practicum.service.ItemService   : Start getItems: pageNumber=1, pageSize=10, sort=NO, search=
2025-07-31T17:09:06.677+03:00  INFO 12751 --- [reactor-http-kqueue-2] reactor.Mono.MapFuseable.2               : | onSubscribe([Fuseable] FluxMapFuseable.MapFuseableConditionalSubscriber)
2025-07-31T17:09:06.677+03:00  INFO 12751 --- [reactor-http-kqueue-2] reactor.Mono.MapFuseable.2               : | request(unbounded)
2025-07-31T17:09:07.483+03:00  INFO 12751 --- [reactor-tcp-kqueue-2] reactor.Mono.MapFuseable.2               : | onNext([[ItemDto(id=1, title=123, description=123, imagePath=http://localhost:8084/items/image/1, count=0, price=123), ItemDto(id=2, title=wefawef, description=afwef, imagePath=http://localhost:8084/items/image/2, count=0, price=12313), ItemDto(id=3, title=товар1, description=Товар, imagePath=http://localhost:8084/items/image/3, count=0, price=12345), ItemDto(id=4, title=df, description=fads, imagePath=http://localhost:8084/items/image/4, count=0, price=21351524635765), ItemDto(id=6, title=товар новый, description=Товар, imagePath=http://localhost:8084/items/image/6, count=0, price=5)], [ItemDto(id=9, title=test3, description=test3, imagePath=http://localhost:8084/items/image/9, count=0, price=130), ItemDto(id=10, title=test4, description=test4, imagePath=http://localhost:8084/items/image/10, count=0, price=140), ItemDto(id=11, title=test5, description=test5, imagePath=http://localhost:8084/items/image/11, count=0, price=150), ItemDto(id=12, title=test5, description=test5, imagePath=http://localhost:8084/items/image/12, count=0, price=150), ItemDto(id=13, title=test6, description=test6, imagePath=http://localhost:8084/items/image/13, count=0, price=160)]])
2025-07-31T17:09:07.524+03:00  INFO 12751 --- [reactor-tcp-kqueue-2] reactor.Mono.MapFuseable.2               : | onComplete()
2025-07-31T17:09:09.502+03:00  INFO 12751 --- [reactor-http-kqueue-2] r.yandex.practicum.service.ItemService   : Start actionWithItemInCart: itemId=1, action=plus
2025-07-31T17:09:09.503+03:00  INFO 12751 --- [reactor-http-kqueue-2] r.yandex.practicum.service.ItemService   : Processing actionWithItemInCart: itemsInCart=MonoJust
2025-07-31T17:09:09.503+03:00  INFO 12751 --- [reactor-http-kqueue-2] reactor.Mono.Zip.5                       : onSubscribe([Fuseable] MonoZip.ZipCoordinator)
2025-07-31T17:09:09.503+03:00  INFO 12751 --- [reactor-http-kqueue-2] reactor.Mono.Zip.5                       : request(unbounded)
2025-07-31T17:09:09.503+03:00  INFO 12751 --- [reactor-http-kqueue-2] r.yandex.practicum.service.ItemService   : Start getItemDtoById: id=1
2025-07-31T17:09:09.504+03:00  INFO 12751 --- [reactor-http-kqueue-2] reactor.Mono.FlatMap.4                   : | onSubscribe([Fuseable] FluxHide.SuppressFuseableSubscriber)
2025-07-31T17:09:09.504+03:00  INFO 12751 --- [reactor-http-kqueue-2] reactor.Mono.FlatMap.4                   : | request(unbounded)
2025-07-31T17:09:09.597+03:00  INFO 12751 --- [reactor-tcp-kqueue-2] reactor.Mono.FlatMap.4                   : | onNext(ItemDto(id=1, title=123, description=123, imagePath=http://localhost:8084/items/image/1, count=0, price=123))
2025-07-31T17:09:09.597+03:00  INFO 12751 --- [reactor-tcp-kqueue-2] r.y.practicum.service.PaymentsService    : Start getBalance
2025-07-31T17:09:09.615+03:00  INFO 12751 --- [reactor-tcp-kqueue-2] reactor.Mono.Zip.5                       : onNext(ItemDto(id=1, title=123, description=123, imagePath=http://localhost:8084/items/image/1, count=1, price=123))
2025-07-31T17:09:09.617+03:00  INFO 12751 --- [reactor-tcp-kqueue-2] reactor.Mono.Zip.5                       : onComplete()
2025-07-31T17:09:09.617+03:00  INFO 12751 --- [reactor-tcp-kqueue-2] reactor.Mono.FlatMap.4                   : | onComplete()
2025-07-31T17:09:09.620+03:00  INFO 12751 --- [reactor-http-kqueue-2] r.yandex.practicum.service.ItemService   : Start getPaging: pageNumber=1, pageSize=10
2025-07-31T17:09:09.637+03:00 ERROR 12751 --- [lettuce-kqueueEventLoop-5-3] org.thymeleaf.TemplateEngine             : [THYMELEAF][lettuce-kqueueEventLoop-5-3] Exception processing template "main": Exception evaluating SpringEL expression: "'/items/'+item.getId()" (template: "main" - line 56, col 32)

org.thymeleaf.exceptions.TemplateProcessingException: Exception evaluating SpringEL expression: "'/items/'+item.getId()" (template: "main" - line 56, col 32)
	at org.thymeleaf.spring6.expression.SPELVariableExpressionEvaluator.evaluate(SPELVariableExpressionEvaluator.java:292) ~[thymeleaf-spring6-3.1.3.RELEASE.jar:3.1.3.RELEASE]
	at org.thymeleaf.standard.expression.VariableExpression.executeVariableExpression(VariableExpression.java:166) ~[thymeleaf-3.1.3.RELEASE.jar:3.1.3.RELEASE]
	at org.thymeleaf.standard.expression.SimpleExpression.executeSimple(SimpleExpression.java:66) ~[thymeleaf-3.1.3.RELEASE.jar:3.1.3.RELEASE]
	at org.thymeleaf.standard.expression.Expression.execute(Expression.java:109) ~[thymeleaf-3.1.3.RELEASE.jar:3.1.3.RELEASE]
	at org.thymeleaf.standard.expression.Expression.execute(Expression.java:138) ~[thymeleaf-3.1.3.RELEASE.jar:3.1.3.RELEASE]
	at org.thymeleaf.standard.processor.AbstractStandardExpressionAttributeTagProcessor.doProcess(AbstractStandardExpressionAttributeTagProcessor.java:144) ~[thymeleaf-3.1.3.RELEASE.jar:3.1.3.RELEASE]
	at org.thymeleaf.processor.element.AbstractAttributeTagProcessor.doProcess(AbstractAttributeTagProcessor.java:74) ~[thymeleaf-3.1.3.RELEASE.jar:3.1.3.RELEASE]
	at org.thymeleaf.processor.element.AbstractElementTagProcessor.process(AbstractElementTagProcessor.java:95) ~[thymeleaf-3.1.3.RELEASE.jar:3.1.3.RELEASE]
	at org.thymeleaf.util.ProcessorConfigurationUtils$ElementTagProcessorWrapper.process(ProcessorConfigurationUtils.java:633) ~[thymeleaf-3.1.3.RELEASE.jar:3.1.3.RELEASE]
	at org.thymeleaf.engine.ProcessorTemplateHandler.handleOpenElement(ProcessorTemplateHandler.java:1314) ~[thymeleaf-3.1.3.RELEASE.jar:3.1.3.RELEASE]
	at org.thymeleaf.engine.OpenElementTag.beHandled(OpenElementTag.java:205) ~[thymeleaf-3.1.3.RELEASE.jar:3.1.3.RELEASE]
	at org.thymeleaf.engine.Model.process(Model.java:282) ~[thymeleaf-3.1.3.RELEASE.jar:3.1.3.RELEASE]
	at org.thymeleaf.engine.Model.process(Model.java:290) ~[thymeleaf-3.1.3.RELEASE.jar:3.1.3.RELEASE]
	at org.thymeleaf.engine.IteratedGatheringModelProcessable.processIterationModel(IteratedGatheringModelProcessable.java:368) ~[thymeleaf-3.1.3.RELEASE.jar:3.1.3.RELEASE]
	at org.thymeleaf.engine.IteratedGatheringModelProcessable.process(IteratedGatheringModelProcessable.java:222) ~[thymeleaf-3.1.3.RELEASE.jar:3.1.3.RELEASE]
	at org.thymeleaf.engine.ProcessorTemplateHandler.handleCloseElement(ProcessorTemplateHandler.java:1640) ~[thymeleaf-3.1.3.RELEASE.jar:3.1.3.RELEASE]
	at org.thymeleaf.engine.CloseElementTag.beHandled(CloseElementTag.java:139) ~[thymeleaf-3.1.3.RELEASE.jar:3.1.3.RELEASE]
	at org.thymeleaf.engine.Model.process(Model.java:282) ~[thymeleaf-3.1.3.RELEASE.jar:3.1.3.RELEASE]
	at org.thymeleaf.engine.Model.process(Model.java:290) ~[thymeleaf-3.1.3.RELEASE.jar:3.1.3.RELEASE]
	at org.thymeleaf.engine.IteratedGatheringModelProcessable.processIterationModel(IteratedGatheringModelProcessable.java:368) ~[thymeleaf-3.1.3.RELEASE.jar:3.1.3.RELEASE]
	at org.thymeleaf.engine.IteratedGatheringModelProcessable.process(IteratedGatheringModelProcessable.java:222) ~[thymeleaf-3.1.3.RELEASE.jar:3.1.3.RELEASE]
	at org.thymeleaf.engine.ProcessorTemplateHandler.handleCloseElement(ProcessorTemplateHandler.java:1640) ~[thymeleaf-3.1.3.RELEASE.jar:3.1.3.RELEASE]
	at org.thymeleaf.engine.CloseElementTag.beHandled(CloseElementTag.java:139) ~[thymeleaf-3.1.3.RELEASE.jar:3.1.3.RELEASE]
	at org.thymeleaf.engine.TemplateModel.process(TemplateModel.java:136) ~[thymeleaf-3.1.3.RELEASE.jar:3.1.3.RELEASE]
	at org.thymeleaf.engine.TemplateManager.parseAndProcess(TemplateManager.java:592) ~[thymeleaf-3.1.3.RELEASE.jar:3.1.3.RELEASE]
	at org.thymeleaf.TemplateEngine.process(TemplateEngine.java:1103) ~[thymeleaf-3.1.3.RELEASE.jar:3.1.3.RELEASE]
	at org.thymeleaf.TemplateEngine.process(TemplateEngine.java:1077) ~[thymeleaf-3.1.3.RELEASE.jar:3.1.3.RELEASE]
	at org.thymeleaf.spring6.SpringWebFluxTemplateEngine.lambda$createFullStream$0(SpringWebFluxTemplateEngine.java:198) ~[thymeleaf-spring6-3.1.3.RELEASE.jar:3.1.3.RELEASE]
	at reactor.core.publisher.MonoCreate.subscribe(MonoCreate.java:61) ~[reactor-core-3.7.8.jar:3.7.8]
	at reactor.core.publisher.InternalMonoOperator.subscribe(InternalMonoOperator.java:76) ~[reactor-core-3.7.8.jar:3.7.8]
	at reactor.core.publisher.MonoFlatMap$FlatMapMain.onNext(MonoFlatMap.java:165) ~[reactor-core-3.7.8.jar:3.7.8]
	at reactor.core.publisher.MonoIgnoreThen$ThenIgnoreMain.complete(MonoIgnoreThen.java:294) ~[reactor-core-3.7.8.jar:3.7.8]
	at reactor.core.publisher.MonoIgnoreThen$ThenIgnoreMain.onNext(MonoIgnoreThen.java:188) ~[reactor-core-3.7.8.jar:3.7.8]
	at reactor.core.publisher.MonoIgnoreThen$ThenIgnoreMain.subscribeNext(MonoIgnoreThen.java:237) ~[reactor-core-3.7.8.jar:3.7.8]
	at reactor.core.publisher.MonoIgnoreThen$ThenIgnoreMain.onComplete(MonoIgnoreThen.java:204) ~[reactor-core-3.7.8.jar:3.7.8]
	at reactor.core.publisher.MonoPeekTerminal$MonoTerminalPeekSubscriber.onComplete(MonoPeekTerminal.java:299) ~[reactor-core-3.7.8.jar:3.7.8]
	at reactor.core.publisher.MonoWhen$WhenCoordinator.signal(MonoWhen.java:213) ~[reactor-core-3.7.8.jar:3.7.8]
	at reactor.core.publisher.MonoWhen$WhenInner.onComplete(MonoWhen.java:429) ~[reactor-core-3.7.8.jar:3.7.8]
	at reactor.core.publisher.MonoPeekTerminal$MonoTerminalPeekSubscriber.onComplete(MonoPeekTerminal.java:299) ~[reactor-core-3.7.8.jar:3.7.8]
	at reactor.core.publisher.Operators$MultiSubscriptionSubscriber.onComplete(Operators.java:2230) ~[reactor-core-3.7.8.jar:3.7.8]
	at reactor.core.publisher.MonoFlatMap$FlatMapMain.onNext(MonoFlatMap.java:159) ~[reactor-core-3.7.8.jar:3.7.8]
	at reactor.core.publisher.FluxSwitchIfEmpty$SwitchIfEmptySubscriber.onNext(FluxSwitchIfEmpty.java:74) ~[reactor-core-3.7.8.jar:3.7.8]
	at reactor.core.publisher.MonoCompletionStage$MonoCompletionStageSubscription.apply(MonoCompletionStage.java:121) ~[reactor-core-3.7.8.jar:3.7.8]
	at reactor.core.publisher.MonoCompletionStage$MonoCompletionStageSubscription.apply(MonoCompletionStage.java:67) ~[reactor-core-3.7.8.jar:3.7.8]
	at java.base/java.util.concurrent.CompletableFuture.uniHandle(CompletableFuture.java:934) ~[na:na]
	at java.base/java.util.concurrent.CompletableFuture$UniHandle.tryFire(CompletableFuture.java:911) ~[na:na]
	at java.base/java.util.concurrent.CompletableFuture.postComplete(CompletableFuture.java:510) ~[na:na]
	at java.base/java.util.concurrent.CompletableFuture.complete(CompletableFuture.java:2179) ~[na:na]
	at reactor.core.publisher.MonoToCompletableFuture.onNext(MonoToCompletableFuture.java:64) ~[reactor-core-3.7.8.jar:3.7.8]
	at reactor.core.publisher.MonoUsingWhen$MonoUsingWhenSubscriber.deferredComplete(MonoUsingWhen.java:268) ~[reactor-core-3.7.8.jar:3.7.8]
	at reactor.core.publisher.FluxUsingWhen$CommitInner.onComplete(FluxUsingWhen.java:532) ~[reactor-core-3.7.8.jar:3.7.8]
	at reactor.core.publisher.MonoIgnoreElements$IgnoreElementsSubscriber.onComplete(MonoIgnoreElements.java:89) ~[reactor-core-3.7.8.jar:3.7.8]
	at reactor.core.publisher.FluxFlatMap$FlatMapMain.checkTerminated(FluxFlatMap.java:828) ~[reactor-core-3.7.8.jar:3.7.8]
	at reactor.core.publisher.FluxFlatMap$FlatMapMain.drainLoop(FluxFlatMap.java:612) ~[reactor-core-3.7.8.jar:3.7.8]
	at reactor.core.publisher.FluxFlatMap$FlatMapMain.drain(FluxFlatMap.java:592) ~[reactor-core-3.7.8.jar:3.7.8]
	at reactor.core.publisher.FluxFlatMap$FlatMapMain.onComplete(FluxFlatMap.java:469) ~[reactor-core-3.7.8.jar:3.7.8]
	at reactor.core.publisher.FluxArray$ArraySubscription.slowPath(FluxArray.java:137) ~[reactor-core-3.7.8.jar:3.7.8]
	at reactor.core.publisher.FluxArray$ArraySubscription.request(FluxArray.java:99) ~[reactor-core-3.7.8.jar:3.7.8]
	at reactor.core.publisher.FluxFlatMap$FlatMapMain.onSubscribe(FluxFlatMap.java:373) ~[reactor-core-3.7.8.jar:3.7.8]
	at reactor.core.publisher.FluxMerge.subscribe(FluxMerge.java:73) ~[reactor-core-3.7.8.jar:3.7.8]
	at reactor.core.publisher.Mono.subscribe(Mono.java:4576) ~[reactor-core-3.7.8.jar:3.7.8]
	at reactor.core.publisher.FluxUsingWhen$UsingWhenSubscriber.onComplete(FluxUsingWhen.java:389) ~[reactor-core-3.7.8.jar:3.7.8]
	at reactor.core.publisher.MonoCompletionStage$MonoCompletionStageSubscription.apply(MonoCompletionStage.java:122) ~[reactor-core-3.7.8.jar:3.7.8]
	at reactor.core.publisher.MonoCompletionStage$MonoCompletionStageSubscription.apply(MonoCompletionStage.java:67) ~[reactor-core-3.7.8.jar:3.7.8]
	at java.base/java.util.concurrent.CompletableFuture.uniHandle(CompletableFuture.java:934) ~[na:na]
	at java.base/java.util.concurrent.CompletableFuture$UniHandle.tryFire(CompletableFuture.java:911) ~[na:na]
	at java.base/java.util.concurrent.CompletableFuture.postComplete(CompletableFuture.java:510) ~[na:na]
	at java.base/java.util.concurrent.CompletableFuture.complete(CompletableFuture.java:2179) ~[na:na]
	at reactor.core.publisher.MonoToCompletableFuture.onNext(MonoToCompletableFuture.java:64) ~[reactor-core-3.7.8.jar:3.7.8]
	at reactor.core.publisher.FluxMap$MapSubscriber.onNext(FluxMap.java:122) ~[reactor-core-3.7.8.jar:3.7.8]
	at reactor.core.publisher.MonoIgnoreThen$ThenIgnoreMain.complete(MonoIgnoreThen.java:294) ~[reactor-core-3.7.8.jar:3.7.8]
	at reactor.core.publisher.MonoIgnoreThen$ThenIgnoreMain.onNext(MonoIgnoreThen.java:188) ~[reactor-core-3.7.8.jar:3.7.8]
	at reactor.core.publisher.FluxMap$MapSubscriber.onNext(FluxMap.java:122) ~[reactor-core-3.7.8.jar:3.7.8]
	at reactor.core.publisher.FluxFilter$FilterSubscriber.onNext(FluxFilter.java:113) ~[reactor-core-3.7.8.jar:3.7.8]
	at reactor.core.publisher.MonoNext$NextSubscriber.onNext(MonoNext.java:82) ~[reactor-core-3.7.8.jar:3.7.8]
	at reactor.core.publisher.FluxOnErrorResume$ResumeSubscriber.onNext(FluxOnErrorResume.java:79) ~[reactor-core-3.7.8.jar:3.7.8]
	at reactor.core.publisher.MonoFlatMapMany$FlatMapManyInner.onNext(MonoFlatMapMany.java:251) ~[reactor-core-3.7.8.jar:3.7.8]
	at reactor.core.publisher.FluxDefaultIfEmpty$DefaultIfEmptySubscriber.onNext(FluxDefaultIfEmpty.java:122) ~[reactor-core-3.7.8.jar:3.7.8]
	at reactor.core.publisher.FluxMap$MapSubscriber.onNext(FluxMap.java:122) ~[reactor-core-3.7.8.jar:3.7.8]
	at reactor.core.publisher.MonoNext$NextSubscriber.onNext(MonoNext.java:82) ~[reactor-core-3.7.8.jar:3.7.8]
	at reactor.core.publisher.MonoNext$NextSubscriber.onNext(MonoNext.java:82) ~[reactor-core-3.7.8.jar:3.7.8]
	at io.lettuce.core.RedisPublisher$ImmediateSubscriber.onNext(RedisPublisher.java:895) ~[lettuce-core-6.6.0.RELEASE.jar:6.6.0.RELEASE/643bd47]
	at io.lettuce.core.RedisPublisher$RedisSubscription.onNext(RedisPublisher.java:295) ~[lettuce-core-6.6.0.RELEASE.jar:6.6.0.RELEASE/643bd47]
	at io.lettuce.core.RedisPublisher$SubscriptionCommand.doOnComplete(RedisPublisher.java:782) ~[lettuce-core-6.6.0.RELEASE.jar:6.6.0.RELEASE/643bd47]
	at io.lettuce.core.protocol.CommandWrapper.complete(CommandWrapper.java:69) ~[lettuce-core-6.6.0.RELEASE.jar:6.6.0.RELEASE/643bd47]
	at io.lettuce.core.protocol.CommandHandler.complete(CommandHandler.java:769) ~[lettuce-core-6.6.0.RELEASE.jar:6.6.0.RELEASE/643bd47]
	at io.lettuce.core.protocol.CommandHandler.decode(CommandHandler.java:704) ~[lettuce-core-6.6.0.RELEASE.jar:6.6.0.RELEASE/643bd47]
	at io.lettuce.core.protocol.CommandHandler.channelRead(CommandHandler.java:621) ~[lettuce-core-6.6.0.RELEASE.jar:6.6.0.RELEASE/643bd47]
	at io.netty.channel.AbstractChannelHandlerContext.invokeChannelRead(AbstractChannelHandlerContext.java:442) ~[netty-transport-4.1.123.Final.jar:4.1.123.Final]
	at io.netty.channel.AbstractChannelHandlerContext.invokeChannelRead(AbstractChannelHandlerContext.java:420) ~[netty-transport-4.1.123.Final.jar:4.1.123.Final]
	at io.netty.channel.AbstractChannelHandlerContext.fireChannelRead(AbstractChannelHandlerContext.java:412) ~[netty-transport-4.1.123.Final.jar:4.1.123.Final]
	at io.netty.channel.DefaultChannelPipeline$HeadContext.channelRead(DefaultChannelPipeline.java:1357) ~[netty-transport-4.1.123.Final.jar:4.1.123.Final]
	at io.netty.channel.AbstractChannelHandlerContext.invokeChannelRead(AbstractChannelHandlerContext.java:440) ~[netty-transport-4.1.123.Final.jar:4.1.123.Final]
	at io.netty.channel.AbstractChannelHandlerContext.invokeChannelRead(AbstractChannelHandlerContext.java:420) ~[netty-transport-4.1.123.Final.jar:4.1.123.Final]
	at io.netty.channel.DefaultChannelPipeline.fireChannelRead(DefaultChannelPipeline.java:868) ~[netty-transport-4.1.123.Final.jar:4.1.123.Final]
	at io.netty.channel.kqueue.AbstractKQueueStreamChannel$KQueueStreamUnsafe.readReady(AbstractKQueueStreamChannel.java:543) ~[netty-transport-classes-kqueue-4.1.123.Final.jar:4.1.123.Final]
	at io.netty.channel.kqueue.AbstractKQueueChannel$AbstractKQueueUnsafe.readReady(AbstractKQueueChannel.java:390) ~[netty-transport-classes-kqueue-4.1.123.Final.jar:4.1.123.Final]
	at io.netty.channel.kqueue.KQueueEventLoop.processReady(KQueueEventLoop.java:274) ~[netty-transport-classes-kqueue-4.1.123.Final.jar:4.1.123.Final]
	at io.netty.channel.kqueue.KQueueEventLoop.run(KQueueEventLoop.java:352) ~[netty-transport-classes-kqueue-4.1.123.Final.jar:4.1.123.Final]
	at io.netty.util.concurrent.SingleThreadEventExecutor$4.run(SingleThreadEventExecutor.java:998) ~[netty-common-4.1.123.Final.jar:4.1.123.Final]
	at io.netty.util.internal.ThreadExecutorMap$2.run(ThreadExecutorMap.java:74) ~[netty-common-4.1.123.Final.jar:4.1.123.Final]
	at io.netty.util.concurrent.FastThreadLocalRunnable.run(FastThreadLocalRunnable.java:30) ~[netty-common-4.1.123.Final.jar:4.1.123.Final]
	at java.base/java.lang.Thread.run(Thread.java:1583) ~[na:na]
Caused by: org.springframework.expression.spel.SpelEvaluationException: EL1004E: Method call: Method getId() cannot be found on type java.util.LinkedHashMap
	at org.springframework.expression.spel.ast.MethodReference.findAccessorForMethod(MethodReference.java:238) ~[spring-expression-6.2.9.jar:6.2.9]
	at org.springframework.expression.spel.ast.MethodReference.getValueInternal(MethodReference.java:148) ~[spring-expression-6.2.9.jar:6.2.9]
	at org.springframework.expression.spel.ast.MethodReference$MethodValueRef.getValue(MethodReference.java:398) ~[spring-expression-6.2.9.jar:6.2.9]
	at org.springframework.expression.spel.ast.CompoundExpression.getValueInternal(CompoundExpression.java:97) ~[spring-expression-6.2.9.jar:6.2.9]
	at org.springframework.expression.spel.ast.OpPlus.getValueInternal(OpPlus.java:95) ~[spring-expression-6.2.9.jar:6.2.9]
	at org.springframework.expression.spel.ast.SpelNodeImpl.getValue(SpelNodeImpl.java:116) ~[spring-expression-6.2.9.jar:6.2.9]
	at org.springframework.expression.spel.standard.SpelExpression.getValue(SpelExpression.java:338) ~[spring-expression-6.2.9.jar:6.2.9]
	at org.thymeleaf.spring6.expression.SPELVariableExpressionEvaluator.evaluate(SPELVariableExpressionEvaluator.java:265) ~[thymeleaf-spring6-3.1.3.RELEASE.jar:3.1.3.RELEASE]
	... 102 common frames omitted

2025-07-31T17:09:09.640+03:00 ERROR 12751 --- [lettuce-kqueueEventLoop-5-3] o.t.spring6.SpringWebFluxTemplateEngine  : [THYMELEAF][lettuce-kqueueEventLoop-5-3] Exception processing template "main": Exception evaluating SpringEL expression: "'/items/'+item.getId()" (template: "main" - line 56, col 32)

org.thymeleaf.exceptions.TemplateProcessingException: Exception evaluating SpringEL expression: "'/items/'+item.getId()" (template: "main" - line 56, col 32)
	at org.thymeleaf.spring6.expression.SPELVariableExpressionEvaluator.evaluate(SPELVariableExpressionEvaluator.java:292) ~[thymeleaf-spring6-3.1.3.RELEASE.jar:3.1.3.RELEASE]
	at org.thymeleaf.standard.expression.VariableExpression.executeVariableExpression(VariableExpression.java:166) ~[thymeleaf-3.1.3.RELEASE.jar:3.1.3.RELEASE]
	at org.thymeleaf.standard.expression.SimpleExpression.executeSimple(SimpleExpression.java:66) ~[thymeleaf-3.1.3.RELEASE.jar:3.1.3.RELEASE]
	at org.thymeleaf.standard.expression.Expression.execute(Expression.java:109) ~[thymeleaf-3.1.3.RELEASE.jar:3.1.3.RELEASE]
	at org.thymeleaf.standard.expression.Expression.execute(Expression.java:138) ~[thymeleaf-3.1.3.RELEASE.jar:3.1.3.RELEASE]
	at org.thymeleaf.standard.processor.AbstractStandardExpressionAttributeTagProcessor.doProcess(AbstractStandardExpressionAttributeTagProcessor.java:144) ~[thymeleaf-3.1.3.RELEASE.jar:3.1.3.RELEASE]
	at org.thymeleaf.processor.element.AbstractAttributeTagProcessor.doProcess(AbstractAttributeTagProcessor.java:74) ~[thymeleaf-3.1.3.RELEASE.jar:3.1.3.RELEASE]
	at org.thymeleaf.processor.element.AbstractElementTagProcessor.process(AbstractElementTagProcessor.java:95) ~[thymeleaf-3.1.3.RELEASE.jar:3.1.3.RELEASE]
	at org.thymeleaf.util.ProcessorConfigurationUtils$ElementTagProcessorWrapper.process(ProcessorConfigurationUtils.java:633) ~[thymeleaf-3.1.3.RELEASE.jar:3.1.3.RELEASE]
	at org.thymeleaf.engine.ProcessorTemplateHandler.handleOpenElement(ProcessorTemplateHandler.java:1314) ~[thymeleaf-3.1.3.RELEASE.jar:3.1.3.RELEASE]
	at org.thymeleaf.engine.OpenElementTag.beHandled(OpenElementTag.java:205) ~[thymeleaf-3.1.3.RELEASE.jar:3.1.3.RELEASE]
	at org.thymeleaf.engine.Model.process(Model.java:282) ~[thymeleaf-3.1.3.RELEASE.jar:3.1.3.RELEASE]
	at org.thymeleaf.engine.Model.process(Model.java:290) ~[thymeleaf-3.1.3.RELEASE.jar:3.1.3.RELEASE]
	at org.thymeleaf.engine.IteratedGatheringModelProcessable.processIterationModel(IteratedGatheringModelProcessable.java:368) ~[thymeleaf-3.1.3.RELEASE.jar:3.1.3.RELEASE]
	at org.thymeleaf.engine.IteratedGatheringModelProcessable.process(IteratedGatheringModelProcessable.java:222) ~[thymeleaf-3.1.3.RELEASE.jar:3.1.3.RELEASE]
	at org.thymeleaf.engine.ProcessorTemplateHandler.handleCloseElement(ProcessorTemplateHandler.java:1640) ~[thymeleaf-3.1.3.RELEASE.jar:3.1.3.RELEASE]
	at org.thymeleaf.engine.CloseElementTag.beHandled(CloseElementTag.java:139) ~[thymeleaf-3.1.3.RELEASE.jar:3.1.3.RELEASE]
	at org.thymeleaf.engine.Model.process(Model.java:282) ~[thymeleaf-3.1.3.RELEASE.jar:3.1.3.RELEASE]
	at org.thymeleaf.engine.Model.process(Model.java:290) ~[thymeleaf-3.1.3.RELEASE.jar:3.1.3.RELEASE]
	at org.thymeleaf.engine.IteratedGatheringModelProcessable.processIterationModel(IteratedGatheringModelProcessable.java:368) ~[thymeleaf-3.1.3.RELEASE.jar:3.1.3.RELEASE]
	at org.thymeleaf.engine.IteratedGatheringModelProcessable.process(IteratedGatheringModelProcessable.java:222) ~[thymeleaf-3.1.3.RELEASE.jar:3.1.3.RELEASE]
	at org.thymeleaf.engine.ProcessorTemplateHandler.handleCloseElement(ProcessorTemplateHandler.java:1640) ~[thymeleaf-3.1.3.RELEASE.jar:3.1.3.RELEASE]
	at org.thymeleaf.engine.CloseElementTag.beHandled(CloseElementTag.java:139) ~[thymeleaf-3.1.3.RELEASE.jar:3.1.3.RELEASE]
	at org.thymeleaf.engine.TemplateModel.process(TemplateModel.java:136) ~[thymeleaf-3.1.3.RELEASE.jar:3.1.3.RELEASE]
	at org.thymeleaf.engine.TemplateManager.parseAndProcess(TemplateManager.java:592) ~[thymeleaf-3.1.3.RELEASE.jar:3.1.3.RELEASE]
	at org.thymeleaf.TemplateEngine.process(TemplateEngine.java:1103) ~[thymeleaf-3.1.3.RELEASE.jar:3.1.3.RELEASE]
	at org.thymeleaf.TemplateEngine.process(TemplateEngine.java:1077) ~[thymeleaf-3.1.3.RELEASE.jar:3.1.3.RELEASE]
	at org.thymeleaf.spring6.SpringWebFluxTemplateEngine.lambda$createFullStream$0(SpringWebFluxTemplateEngine.java:198) ~[thymeleaf-spring6-3.1.3.RELEASE.jar:3.1.3.RELEASE]
	at reactor.core.publisher.MonoCreate.subscribe(MonoCreate.java:61) ~[reactor-core-3.7.8.jar:3.7.8]
	at reactor.core.publisher.InternalMonoOperator.subscribe(InternalMonoOperator.java:76) ~[reactor-core-3.7.8.jar:3.7.8]
	at reactor.core.publisher.MonoFlatMap$FlatMapMain.onNext(MonoFlatMap.java:165) ~[reactor-core-3.7.8.jar:3.7.8]
	at reactor.core.publisher.MonoIgnoreThen$ThenIgnoreMain.complete(MonoIgnoreThen.java:294) ~[reactor-core-3.7.8.jar:3.7.8]
	at reactor.core.publisher.MonoIgnoreThen$ThenIgnoreMain.onNext(MonoIgnoreThen.java:188) ~[reactor-core-3.7.8.jar:3.7.8]
	at reactor.core.publisher.MonoIgnoreThen$ThenIgnoreMain.subscribeNext(MonoIgnoreThen.java:237) ~[reactor-core-3.7.8.jar:3.7.8]
	at reactor.core.publisher.MonoIgnoreThen$ThenIgnoreMain.onComplete(MonoIgnoreThen.java:204) ~[reactor-core-3.7.8.jar:3.7.8]
	at reactor.core.publisher.MonoPeekTerminal$MonoTerminalPeekSubscriber.onComplete(MonoPeekTerminal.java:299) ~[reactor-core-3.7.8.jar:3.7.8]
	at reactor.core.publisher.MonoWhen$WhenCoordinator.signal(MonoWhen.java:213) ~[reactor-core-3.7.8.jar:3.7.8]
	at reactor.core.publisher.MonoWhen$WhenInner.onComplete(MonoWhen.java:429) ~[reactor-core-3.7.8.jar:3.7.8]
	at reactor.core.publisher.MonoPeekTerminal$MonoTerminalPeekSubscriber.onComplete(MonoPeekTerminal.java:299) ~[reactor-core-3.7.8.jar:3.7.8]
	at reactor.core.publisher.Operators$MultiSubscriptionSubscriber.onComplete(Operators.java:2230) ~[reactor-core-3.7.8.jar:3.7.8]
	at reactor.core.publisher.MonoFlatMap$FlatMapMain.onNext(MonoFlatMap.java:159) ~[reactor-core-3.7.8.jar:3.7.8]
	at reactor.core.publisher.FluxSwitchIfEmpty$SwitchIfEmptySubscriber.onNext(FluxSwitchIfEmpty.java:74) ~[reactor-core-3.7.8.jar:3.7.8]
	at reactor.core.publisher.MonoCompletionStage$MonoCompletionStageSubscription.apply(MonoCompletionStage.java:121) ~[reactor-core-3.7.8.jar:3.7.8]
	at reactor.core.publisher.MonoCompletionStage$MonoCompletionStageSubscription.apply(MonoCompletionStage.java:67) ~[reactor-core-3.7.8.jar:3.7.8]
	at java.base/java.util.concurrent.CompletableFuture.uniHandle(CompletableFuture.java:934) ~[na:na]
	at java.base/java.util.concurrent.CompletableFuture$UniHandle.tryFire(CompletableFuture.java:911) ~[na:na]
	at java.base/java.util.concurrent.CompletableFuture.postComplete(CompletableFuture.java:510) ~[na:na]
	at java.base/java.util.concurrent.CompletableFuture.complete(CompletableFuture.java:2179) ~[na:na]
	at reactor.core.publisher.MonoToCompletableFuture.onNext(MonoToCompletableFuture.java:64) ~[reactor-core-3.7.8.jar:3.7.8]
	at reactor.core.publisher.MonoUsingWhen$MonoUsingWhenSubscriber.deferredComplete(MonoUsingWhen.java:268) ~[reactor-core-3.7.8.jar:3.7.8]
	at reactor.core.publisher.FluxUsingWhen$CommitInner.onComplete(FluxUsingWhen.java:532) ~[reactor-core-3.7.8.jar:3.7.8]
	at reactor.core.publisher.MonoIgnoreElements$IgnoreElementsSubscriber.onComplete(MonoIgnoreElements.java:89) ~[reactor-core-3.7.8.jar:3.7.8]
	at reactor.core.publisher.FluxFlatMap$FlatMapMain.checkTerminated(FluxFlatMap.java:828) ~[reactor-core-3.7.8.jar:3.7.8]
	at reactor.core.publisher.FluxFlatMap$FlatMapMain.drainLoop(FluxFlatMap.java:612) ~[reactor-core-3.7.8.jar:3.7.8]
	at reactor.core.publisher.FluxFlatMap$FlatMapMain.drain(FluxFlatMap.java:592) ~[reactor-core-3.7.8.jar:3.7.8]
	at reactor.core.publisher.FluxFlatMap$FlatMapMain.onComplete(FluxFlatMap.java:469) ~[reactor-core-3.7.8.jar:3.7.8]
	at reactor.core.publisher.FluxArray$ArraySubscription.slowPath(FluxArray.java:137) ~[reactor-core-3.7.8.jar:3.7.8]
	at reactor.core.publisher.FluxArray$ArraySubscription.request(FluxArray.java:99) ~[reactor-core-3.7.8.jar:3.7.8]
	at reactor.core.publisher.FluxFlatMap$FlatMapMain.onSubscribe(FluxFlatMap.java:373) ~[reactor-core-3.7.8.jar:3.7.8]
	at reactor.core.publisher.FluxMerge.subscribe(FluxMerge.java:73) ~[reactor-core-3.7.8.jar:3.7.8]
	at reactor.core.publisher.Mono.subscribe(Mono.java:4576) ~[reactor-core-3.7.8.jar:3.7.8]
	at reactor.core.publisher.FluxUsingWhen$UsingWhenSubscriber.onComplete(FluxUsingWhen.java:389) ~[reactor-core-3.7.8.jar:3.7.8]
	at reactor.core.publisher.MonoCompletionStage$MonoCompletionStageSubscription.apply(MonoCompletionStage.java:122) ~[reactor-core-3.7.8.jar:3.7.8]
	at reactor.core.publisher.MonoCompletionStage$MonoCompletionStageSubscription.apply(MonoCompletionStage.java:67) ~[reactor-core-3.7.8.jar:3.7.8]
	at java.base/java.util.concurrent.CompletableFuture.uniHandle(CompletableFuture.java:934) ~[na:na]
	at java.base/java.util.concurrent.CompletableFuture$UniHandle.tryFire(CompletableFuture.java:911) ~[na:na]
	at java.base/java.util.concurrent.CompletableFuture.postComplete(CompletableFuture.java:510) ~[na:na]
	at java.base/java.util.concurrent.CompletableFuture.complete(CompletableFuture.java:2179) ~[na:na]
	at reactor.core.publisher.MonoToCompletableFuture.onNext(MonoToCompletableFuture.java:64) ~[reactor-core-3.7.8.jar:3.7.8]
	at reactor.core.publisher.FluxMap$MapSubscriber.onNext(FluxMap.java:122) ~[reactor-core-3.7.8.jar:3.7.8]
	at reactor.core.publisher.MonoIgnoreThen$ThenIgnoreMain.complete(MonoIgnoreThen.java:294) ~[reactor-core-3.7.8.jar:3.7.8]
	at reactor.core.publisher.MonoIgnoreThen$ThenIgnoreMain.onNext(MonoIgnoreThen.java:188) ~[reactor-core-3.7.8.jar:3.7.8]
	at reactor.core.publisher.FluxMap$MapSubscriber.onNext(FluxMap.java:122) ~[reactor-core-3.7.8.jar:3.7.8]
	at reactor.core.publisher.FluxFilter$FilterSubscriber.onNext(FluxFilter.java:113) ~[reactor-core-3.7.8.jar:3.7.8]
	at reactor.core.publisher.MonoNext$NextSubscriber.onNext(MonoNext.java:82) ~[reactor-core-3.7.8.jar:3.7.8]
	at reactor.core.publisher.FluxOnErrorResume$ResumeSubscriber.onNext(FluxOnErrorResume.java:79) ~[reactor-core-3.7.8.jar:3.7.8]
	at reactor.core.publisher.MonoFlatMapMany$FlatMapManyInner.onNext(MonoFlatMapMany.java:251) ~[reactor-core-3.7.8.jar:3.7.8]
	at reactor.core.publisher.FluxDefaultIfEmpty$DefaultIfEmptySubscriber.onNext(FluxDefaultIfEmpty.java:122) ~[reactor-core-3.7.8.jar:3.7.8]
	at reactor.core.publisher.FluxMap$MapSubscriber.onNext(FluxMap.java:122) ~[reactor-core-3.7.8.jar:3.7.8]
	at reactor.core.publisher.MonoNext$NextSubscriber.onNext(MonoNext.java:82) ~[reactor-core-3.7.8.jar:3.7.8]
	at reactor.core.publisher.MonoNext$NextSubscriber.onNext(MonoNext.java:82) ~[reactor-core-3.7.8.jar:3.7.8]
	at io.lettuce.core.RedisPublisher$ImmediateSubscriber.onNext(RedisPublisher.java:895) ~[lettuce-core-6.6.0.RELEASE.jar:6.6.0.RELEASE/643bd47]
	at io.lettuce.core.RedisPublisher$RedisSubscription.onNext(RedisPublisher.java:295) ~[lettuce-core-6.6.0.RELEASE.jar:6.6.0.RELEASE/643bd47]
	at io.lettuce.core.RedisPublisher$SubscriptionCommand.doOnComplete(RedisPublisher.java:782) ~[lettuce-core-6.6.0.RELEASE.jar:6.6.0.RELEASE/643bd47]
	at io.lettuce.core.protocol.CommandWrapper.complete(CommandWrapper.java:69) ~[lettuce-core-6.6.0.RELEASE.jar:6.6.0.RELEASE/643bd47]
	at io.lettuce.core.protocol.CommandHandler.complete(CommandHandler.java:769) ~[lettuce-core-6.6.0.RELEASE.jar:6.6.0.RELEASE/643bd47]
	at io.lettuce.core.protocol.CommandHandler.decode(CommandHandler.java:704) ~[lettuce-core-6.6.0.RELEASE.jar:6.6.0.RELEASE/643bd47]
	at io.lettuce.core.protocol.CommandHandler.channelRead(CommandHandler.java:621) ~[lettuce-core-6.6.0.RELEASE.jar:6.6.0.RELEASE/643bd47]
	at io.netty.channel.AbstractChannelHandlerContext.invokeChannelRead(AbstractChannelHandlerContext.java:442) ~[netty-transport-4.1.123.Final.jar:4.1.123.Final]
	at io.netty.channel.AbstractChannelHandlerContext.invokeChannelRead(AbstractChannelHandlerContext.java:420) ~[netty-transport-4.1.123.Final.jar:4.1.123.Final]
	at io.netty.channel.AbstractChannelHandlerContext.fireChannelRead(AbstractChannelHandlerContext.java:412) ~[netty-transport-4.1.123.Final.jar:4.1.123.Final]
	at io.netty.channel.DefaultChannelPipeline$HeadContext.channelRead(DefaultChannelPipeline.java:1357) ~[netty-transport-4.1.123.Final.jar:4.1.123.Final]
	at io.netty.channel.AbstractChannelHandlerContext.invokeChannelRead(AbstractChannelHandlerContext.java:440) ~[netty-transport-4.1.123.Final.jar:4.1.123.Final]
	at io.netty.channel.AbstractChannelHandlerContext.invokeChannelRead(AbstractChannelHandlerContext.java:420) ~[netty-transport-4.1.123.Final.jar:4.1.123.Final]
	at io.netty.channel.DefaultChannelPipeline.fireChannelRead(DefaultChannelPipeline.java:868) ~[netty-transport-4.1.123.Final.jar:4.1.123.Final]
	at io.netty.channel.kqueue.AbstractKQueueStreamChannel$KQueueStreamUnsafe.readReady(AbstractKQueueStreamChannel.java:543) ~[netty-transport-classes-kqueue-4.1.123.Final.jar:4.1.123.Final]
	at io.netty.channel.kqueue.AbstractKQueueChannel$AbstractKQueueUnsafe.readReady(AbstractKQueueChannel.java:390) ~[netty-transport-classes-kqueue-4.1.123.Final.jar:4.1.123.Final]
	at io.netty.channel.kqueue.KQueueEventLoop.processReady(KQueueEventLoop.java:274) ~[netty-transport-classes-kqueue-4.1.123.Final.jar:4.1.123.Final]
	at io.netty.channel.kqueue.KQueueEventLoop.run(KQueueEventLoop.java:352) ~[netty-transport-classes-kqueue-4.1.123.Final.jar:4.1.123.Final]
	at io.netty.util.concurrent.SingleThreadEventExecutor$4.run(SingleThreadEventExecutor.java:998) ~[netty-common-4.1.123.Final.jar:4.1.123.Final]
	at io.netty.util.internal.ThreadExecutorMap$2.run(ThreadExecutorMap.java:74) ~[netty-common-4.1.123.Final.jar:4.1.123.Final]
	at io.netty.util.concurrent.FastThreadLocalRunnable.run(FastThreadLocalRunnable.java:30) ~[netty-common-4.1.123.Final.jar:4.1.123.Final]
	at java.base/java.lang.Thread.run(Thread.java:1583) ~[na:na]
Caused by: org.springframework.expression.spel.SpelEvaluationException: EL1004E: Method call: Method getId() cannot be found on type java.util.LinkedHashMap
	at org.springframework.expression.spel.ast.MethodReference.findAccessorForMethod(MethodReference.java:238) ~[spring-expression-6.2.9.jar:6.2.9]
	at org.springframework.expression.spel.ast.MethodReference.getValueInternal(MethodReference.java:148) ~[spring-expression-6.2.9.jar:6.2.9]
	at org.springframework.expression.spel.ast.MethodReference$MethodValueRef.getValue(MethodReference.java:398) ~[spring-expression-6.2.9.jar:6.2.9]
	at org.springframework.expression.spel.ast.CompoundExpression.getValueInternal(CompoundExpression.java:97) ~[spring-expression-6.2.9.jar:6.2.9]
	at org.springframework.expression.spel.ast.OpPlus.getValueInternal(OpPlus.java:95) ~[spring-expression-6.2.9.jar:6.2.9]
	at org.springframework.expression.spel.ast.SpelNodeImpl.getValue(SpelNodeImpl.java:116) ~[spring-expression-6.2.9.jar:6.2.9]
	at org.springframework.expression.spel.standard.SpelExpression.getValue(SpelExpression.java:338) ~[spring-expression-6.2.9.jar:6.2.9]
	at org.thymeleaf.spring6.expression.SPELVariableExpressionEvaluator.evaluate(SPELVariableExpressionEvaluator.java:265) ~[thymeleaf-spring6-3.1.3.RELEASE.jar:3.1.3.RELEASE]
	... 102 common frames omitted

2025-07-31T17:09:09.651+03:00 ERROR 12751 --- [lettuce-kqueueEventLoop-5-3] a.w.r.e.AbstractErrorWebExceptionHandler : [32a655b3-14]  500 Server Error for HTTP GET "/main/items"

org.thymeleaf.exceptions.TemplateProcessingException: Exception evaluating SpringEL expression: "'/items/'+item.getId()" (template: "main" - line 56, col 32)
	at org.thymeleaf.spring6.expression.SPELVariableExpressionEvaluator.evaluate(SPELVariableExpressionEvaluator.java:292) ~[thymeleaf-spring6-3.1.3.RELEASE.jar:3.1.3.RELEASE]
	Suppressed: reactor.core.publisher.FluxOnAssembly$OnAssemblyException: 
Error has been observed at the following site(s):
	*__checkpoint ⇢ Handler ru.yandex.practicum.controller.ShopController#getItems(Model, String, String, int, int) [DispatcherHandler]
	*__checkpoint ⇢ HTTP GET "/main/items" [ExceptionHandlingWebHandler]
Original Stack Trace:
		at org.thymeleaf.spring6.expression.SPELVariableExpressionEvaluator.evaluate(SPELVariableExpressionEvaluator.java:292) ~[thymeleaf-spring6-3.1.3.RELEASE.jar:3.1.3.RELEASE]
		at org.thymeleaf.standard.expression.VariableExpression.executeVariableExpression(VariableExpression.java:166) ~[thymeleaf-3.1.3.RELEASE.jar:3.1.3.RELEASE]
		at org.thymeleaf.standard.expression.SimpleExpression.executeSimple(SimpleExpression.java:66) ~[thymeleaf-3.1.3.RELEASE.jar:3.1.3.RELEASE]
		at org.thymeleaf.standard.expression.Expression.execute(Expression.java:109) ~[thymeleaf-3.1.3.RELEASE.jar:3.1.3.RELEASE]
		at org.thymeleaf.standard.expression.Expression.execute(Expression.java:138) ~[thymeleaf-3.1.3.RELEASE.jar:3.1.3.RELEASE]
		at org.thymeleaf.standard.processor.AbstractStandardExpressionAttributeTagProcessor.doProcess(AbstractStandardExpressionAttributeTagProcessor.java:144) ~[thymeleaf-3.1.3.RELEASE.jar:3.1.3.RELEASE]
		at org.thymeleaf.processor.element.AbstractAttributeTagProcessor.doProcess(AbstractAttributeTagProcessor.java:74) ~[thymeleaf-3.1.3.RELEASE.jar:3.1.3.RELEASE]
		at org.thymeleaf.processor.element.AbstractElementTagProcessor.process(AbstractElementTagProcessor.java:95) ~[thymeleaf-3.1.3.RELEASE.jar:3.1.3.RELEASE]
		at org.thymeleaf.util.ProcessorConfigurationUtils$ElementTagProcessorWrapper.process(ProcessorConfigurationUtils.java:633) ~[thymeleaf-3.1.3.RELEASE.jar:3.1.3.RELEASE]
		at org.thymeleaf.engine.ProcessorTemplateHandler.handleOpenElement(ProcessorTemplateHandler.java:1314) ~[thymeleaf-3.1.3.RELEASE.jar:3.1.3.RELEASE]
		at org.thymeleaf.engine.OpenElementTag.beHandled(OpenElementTag.java:205) ~[thymeleaf-3.1.3.RELEASE.jar:3.1.3.RELEASE]
		at org.thymeleaf.engine.Model.process(Model.java:282) ~[thymeleaf-3.1.3.RELEASE.jar:3.1.3.RELEASE]
		at org.thymeleaf.engine.Model.process(Model.java:290) ~[thymeleaf-3.1.3.RELEASE.jar:3.1.3.RELEASE]
		at org.thymeleaf.engine.IteratedGatheringModelProcessable.processIterationModel(IteratedGatheringModelProcessable.java:368) ~[thymeleaf-3.1.3.RELEASE.jar:3.1.3.RELEASE]
		at org.thymeleaf.engine.IteratedGatheringModelProcessable.process(IteratedGatheringModelProcessable.java:222) ~[thymeleaf-3.1.3.RELEASE.jar:3.1.3.RELEASE]
		at org.thymeleaf.engine.ProcessorTemplateHandler.handleCloseElement(ProcessorTemplateHandler.java:1640) ~[thymeleaf-3.1.3.RELEASE.jar:3.1.3.RELEASE]
		at org.thymeleaf.engine.CloseElementTag.beHandled(CloseElementTag.java:139) ~[thymeleaf-3.1.3.RELEASE.jar:3.1.3.RELEASE]
		at org.thymeleaf.engine.Model.process(Model.java:282) ~[thymeleaf-3.1.3.RELEASE.jar:3.1.3.RELEASE]
		at org.thymeleaf.engine.Model.process(Model.java:290) ~[thymeleaf-3.1.3.RELEASE.jar:3.1.3.RELEASE]
		at org.thymeleaf.engine.IteratedGatheringModelProcessable.processIterationModel(IteratedGatheringModelProcessable.java:368) ~[thymeleaf-3.1.3.RELEASE.jar:3.1.3.RELEASE]
		at org.thymeleaf.engine.IteratedGatheringModelProcessable.process(IteratedGatheringModelProcessable.java:222) ~[thymeleaf-3.1.3.RELEASE.jar:3.1.3.RELEASE]
		at org.thymeleaf.engine.ProcessorTemplateHandler.handleCloseElement(ProcessorTemplateHandler.java:1640) ~[thymeleaf-3.1.3.RELEASE.jar:3.1.3.RELEASE]
		at org.thymeleaf.engine.CloseElementTag.beHandled(CloseElementTag.java:139) ~[thymeleaf-3.1.3.RELEASE.jar:3.1.3.RELEASE]
		at org.thymeleaf.engine.TemplateModel.process(TemplateModel.java:136) ~[thymeleaf-3.1.3.RELEASE.jar:3.1.3.RELEASE]
		at org.thymeleaf.engine.TemplateManager.parseAndProcess(TemplateManager.java:592) ~[thymeleaf-3.1.3.RELEASE.jar:3.1.3.RELEASE]
		at org.thymeleaf.TemplateEngine.process(TemplateEngine.java:1103) ~[thymeleaf-3.1.3.RELEASE.jar:3.1.3.RELEASE]
		at org.thymeleaf.TemplateEngine.process(TemplateEngine.java:1077) ~[thymeleaf-3.1.3.RELEASE.jar:3.1.3.RELEASE]
		at org.thymeleaf.spring6.SpringWebFluxTemplateEngine.lambda$createFullStream$0(SpringWebFluxTemplateEngine.java:198) ~[thymeleaf-spring6-3.1.3.RELEASE.jar:3.1.3.RELEASE]
		at reactor.core.publisher.MonoCreate.subscribe(MonoCreate.java:61) ~[reactor-core-3.7.8.jar:3.7.8]
		at reactor.core.publisher.InternalMonoOperator.subscribe(InternalMonoOperator.java:76) ~[reactor-core-3.7.8.jar:3.7.8]
		at reactor.core.publisher.MonoFlatMap$FlatMapMain.onNext(MonoFlatMap.java:165) ~[reactor-core-3.7.8.jar:3.7.8]
		at reactor.core.publisher.MonoIgnoreThen$ThenIgnoreMain.complete(MonoIgnoreThen.java:294) ~[reactor-core-3.7.8.jar:3.7.8]
		at reactor.core.publisher.MonoIgnoreThen$ThenIgnoreMain.onNext(MonoIgnoreThen.java:188) ~[reactor-core-3.7.8.jar:3.7.8]
		at reactor.core.publisher.MonoIgnoreThen$ThenIgnoreMain.subscribeNext(MonoIgnoreThen.java:237) ~[reactor-core-3.7.8.jar:3.7.8]
		at reactor.core.publisher.MonoIgnoreThen$ThenIgnoreMain.onComplete(MonoIgnoreThen.java:204) ~[reactor-core-3.7.8.jar:3.7.8]
		at reactor.core.publisher.MonoPeekTerminal$MonoTerminalPeekSubscriber.onComplete(MonoPeekTerminal.java:299) ~[reactor-core-3.7.8.jar:3.7.8]
		at reactor.core.publisher.MonoWhen$WhenCoordinator.signal(MonoWhen.java:213) ~[reactor-core-3.7.8.jar:3.7.8]
		at reactor.core.publisher.MonoWhen$WhenInner.onComplete(MonoWhen.java:429) ~[reactor-core-3.7.8.jar:3.7.8]
		at reactor.core.publisher.MonoPeekTerminal$MonoTerminalPeekSubscriber.onComplete(MonoPeekTerminal.java:299) ~[reactor-core-3.7.8.jar:3.7.8]
		at reactor.core.publisher.Operators$MultiSubscriptionSubscriber.onComplete(Operators.java:2230) ~[reactor-core-3.7.8.jar:3.7.8]
		at reactor.core.publisher.MonoFlatMap$FlatMapMain.onNext(MonoFlatMap.java:159) ~[reactor-core-3.7.8.jar:3.7.8]
		at reactor.core.publisher.FluxSwitchIfEmpty$SwitchIfEmptySubscriber.onNext(FluxSwitchIfEmpty.java:74) ~[reactor-core-3.7.8.jar:3.7.8]
		at reactor.core.publisher.MonoCompletionStage$MonoCompletionStageSubscription.apply(MonoCompletionStage.java:121) ~[reactor-core-3.7.8.jar:3.7.8]
		at reactor.core.publisher.MonoCompletionStage$MonoCompletionStageSubscription.apply(MonoCompletionStage.java:67) ~[reactor-core-3.7.8.jar:3.7.8]
		at java.base/java.util.concurrent.CompletableFuture.uniHandle(CompletableFuture.java:934) ~[na:na]
		at java.base/java.util.concurrent.CompletableFuture$UniHandle.tryFire(CompletableFuture.java:911) ~[na:na]
		at java.base/java.util.concurrent.CompletableFuture.postComplete(CompletableFuture.java:510) ~[na:na]
		at java.base/java.util.concurrent.CompletableFuture.complete(CompletableFuture.java:2179) ~[na:na]
		at reactor.core.publisher.MonoToCompletableFuture.onNext(MonoToCompletableFuture.java:64) ~[reactor-core-3.7.8.jar:3.7.8]
		at reactor.core.publisher.MonoUsingWhen$MonoUsingWhenSubscriber.deferredComplete(MonoUsingWhen.java:268) ~[reactor-core-3.7.8.jar:3.7.8]
		at reactor.core.publisher.FluxUsingWhen$CommitInner.onComplete(FluxUsingWhen.java:532) ~[reactor-core-3.7.8.jar:3.7.8]
		at reactor.core.publisher.MonoIgnoreElements$IgnoreElementsSubscriber.onComplete(MonoIgnoreElements.java:89) ~[reactor-core-3.7.8.jar:3.7.8]
		at reactor.core.publisher.FluxFlatMap$FlatMapMain.checkTerminated(FluxFlatMap.java:828) ~[reactor-core-3.7.8.jar:3.7.8]
		at reactor.core.publisher.FluxFlatMap$FlatMapMain.drainLoop(FluxFlatMap.java:612) ~[reactor-core-3.7.8.jar:3.7.8]
		at reactor.core.publisher.FluxFlatMap$FlatMapMain.drain(FluxFlatMap.java:592) ~[reactor-core-3.7.8.jar:3.7.8]
		at reactor.core.publisher.FluxFlatMap$FlatMapMain.onComplete(FluxFlatMap.java:469) ~[reactor-core-3.7.8.jar:3.7.8]
		at reactor.core.publisher.FluxArray$ArraySubscription.slowPath(FluxArray.java:137) ~[reactor-core-3.7.8.jar:3.7.8]
		at reactor.core.publisher.FluxArray$ArraySubscription.request(FluxArray.java:99) ~[reactor-core-3.7.8.jar:3.7.8]
		at reactor.core.publisher.FluxFlatMap$FlatMapMain.onSubscribe(FluxFlatMap.java:373) ~[reactor-core-3.7.8.jar:3.7.8]
		at reactor.core.publisher.FluxMerge.subscribe(FluxMerge.java:73) ~[reactor-core-3.7.8.jar:3.7.8]
		at reactor.core.publisher.Mono.subscribe(Mono.java:4576) ~[reactor-core-3.7.8.jar:3.7.8]
		at reactor.core.publisher.FluxUsingWhen$UsingWhenSubscriber.onComplete(FluxUsingWhen.java:389) ~[reactor-core-3.7.8.jar:3.7.8]
		at reactor.core.publisher.MonoCompletionStage$MonoCompletionStageSubscription.apply(MonoCompletionStage.java:122) ~[reactor-core-3.7.8.jar:3.7.8]
		at reactor.core.publisher.MonoCompletionStage$MonoCompletionStageSubscription.apply(MonoCompletionStage.java:67) ~[reactor-core-3.7.8.jar:3.7.8]
		at java.base/java.util.concurrent.CompletableFuture.uniHandle(CompletableFuture.java:934) ~[na:na]
		at java.base/java.util.concurrent.CompletableFuture$UniHandle.tryFire(CompletableFuture.java:911) ~[na:na]
		at java.base/java.util.concurrent.CompletableFuture.postComplete(CompletableFuture.java:510) ~[na:na]
		at java.base/java.util.concurrent.CompletableFuture.complete(CompletableFuture.java:2179) ~[na:na]
		at reactor.core.publisher.MonoToCompletableFuture.onNext(MonoToCompletableFuture.java:64) ~[reactor-core-3.7.8.jar:3.7.8]
		at reactor.core.publisher.FluxMap$MapSubscriber.onNext(FluxMap.java:122) ~[reactor-core-3.7.8.jar:3.7.8]
		at reactor.core.publisher.MonoIgnoreThen$ThenIgnoreMain.complete(MonoIgnoreThen.java:294) ~[reactor-core-3.7.8.jar:3.7.8]
		at reactor.core.publisher.MonoIgnoreThen$ThenIgnoreMain.onNext(MonoIgnoreThen.java:188) ~[reactor-core-3.7.8.jar:3.7.8]
		at reactor.core.publisher.FluxMap$MapSubscriber.onNext(FluxMap.java:122) ~[reactor-core-3.7.8.jar:3.7.8]
		at reactor.core.publisher.FluxFilter$FilterSubscriber.onNext(FluxFilter.java:113) ~[reactor-core-3.7.8.jar:3.7.8]
		at reactor.core.publisher.MonoNext$NextSubscriber.onNext(MonoNext.java:82) ~[reactor-core-3.7.8.jar:3.7.8]
		at reactor.core.publisher.FluxOnErrorResume$ResumeSubscriber.onNext(FluxOnErrorResume.java:79) ~[reactor-core-3.7.8.jar:3.7.8]
		at reactor.core.publisher.MonoFlatMapMany$FlatMapManyInner.onNext(MonoFlatMapMany.java:251) ~[reactor-core-3.7.8.jar:3.7.8]
		at reactor.core.publisher.FluxDefaultIfEmpty$DefaultIfEmptySubscriber.onNext(FluxDefaultIfEmpty.java:122) ~[reactor-core-3.7.8.jar:3.7.8]
		at reactor.core.publisher.FluxMap$MapSubscriber.onNext(FluxMap.java:122) ~[reactor-core-3.7.8.jar:3.7.8]
		at reactor.core.publisher.MonoNext$NextSubscriber.onNext(MonoNext.java:82) ~[reactor-core-3.7.8.jar:3.7.8]
		at reactor.core.publisher.MonoNext$NextSubscriber.onNext(MonoNext.java:82) ~[reactor-core-3.7.8.jar:3.7.8]
		at io.lettuce.core.RedisPublisher$ImmediateSubscriber.onNext(RedisPublisher.java:895) ~[lettuce-core-6.6.0.RELEASE.jar:6.6.0.RELEASE/643bd47]
		at io.lettuce.core.RedisPublisher$RedisSubscription.onNext(RedisPublisher.java:295) ~[lettuce-core-6.6.0.RELEASE.jar:6.6.0.RELEASE/643bd47]
		at io.lettuce.core.RedisPublisher$SubscriptionCommand.doOnComplete(RedisPublisher.java:782) ~[lettuce-core-6.6.0.RELEASE.jar:6.6.0.RELEASE/643bd47]
		at io.lettuce.core.protocol.CommandWrapper.complete(CommandWrapper.java:69) ~[lettuce-core-6.6.0.RELEASE.jar:6.6.0.RELEASE/643bd47]
		at io.lettuce.core.protocol.CommandHandler.complete(CommandHandler.java:769) ~[lettuce-core-6.6.0.RELEASE.jar:6.6.0.RELEASE/643bd47]
		at io.lettuce.core.protocol.CommandHandler.decode(CommandHandler.java:704) ~[lettuce-core-6.6.0.RELEASE.jar:6.6.0.RELEASE/643bd47]
		at io.lettuce.core.protocol.CommandHandler.channelRead(CommandHandler.java:621) ~[lettuce-core-6.6.0.RELEASE.jar:6.6.0.RELEASE/643bd47]
		at io.netty.channel.AbstractChannelHandlerContext.invokeChannelRead(AbstractChannelHandlerContext.java:442) ~[netty-transport-4.1.123.Final.jar:4.1.123.Final]
		at io.netty.channel.AbstractChannelHandlerContext.invokeChannelRead(AbstractChannelHandlerContext.java:420) ~[netty-transport-4.1.123.Final.jar:4.1.123.Final]
		at io.netty.channel.AbstractChannelHandlerContext.fireChannelRead(AbstractChannelHandlerContext.java:412) ~[netty-transport-4.1.123.Final.jar:4.1.123.Final]
		at io.netty.channel.DefaultChannelPipeline$HeadContext.channelRead(DefaultChannelPipeline.java:1357) ~[netty-transport-4.1.123.Final.jar:4.1.123.Final]
		at io.netty.channel.AbstractChannelHandlerContext.invokeChannelRead(AbstractChannelHandlerContext.java:440) ~[netty-transport-4.1.123.Final.jar:4.1.123.Final]
		at io.netty.channel.AbstractChannelHandlerContext.invokeChannelRead(AbstractChannelHandlerContext.java:420) ~[netty-transport-4.1.123.Final.jar:4.1.123.Final]
		at io.netty.channel.DefaultChannelPipeline.fireChannelRead(DefaultChannelPipeline.java:868) ~[netty-transport-4.1.123.Final.jar:4.1.123.Final]
		at io.netty.channel.kqueue.AbstractKQueueStreamChannel$KQueueStreamUnsafe.readReady(AbstractKQueueStreamChannel.java:543) ~[netty-transport-classes-kqueue-4.1.123.Final.jar:4.1.123.Final]
		at io.netty.channel.kqueue.AbstractKQueueChannel$AbstractKQueueUnsafe.readReady(AbstractKQueueChannel.java:390) ~[netty-transport-classes-kqueue-4.1.123.Final.jar:4.1.123.Final]
		at io.netty.channel.kqueue.KQueueEventLoop.processReady(KQueueEventLoop.java:274) ~[netty-transport-classes-kqueue-4.1.123.Final.jar:4.1.123.Final]
		at io.netty.channel.kqueue.KQueueEventLoop.run(KQueueEventLoop.java:352) ~[netty-transport-classes-kqueue-4.1.123.Final.jar:4.1.123.Final]
		at io.netty.util.concurrent.SingleThreadEventExecutor$4.run(SingleThreadEventExecutor.java:998) ~[netty-common-4.1.123.Final.jar:4.1.123.Final]
		at io.netty.util.internal.ThreadExecutorMap$2.run(ThreadExecutorMap.java:74) ~[netty-common-4.1.123.Final.jar:4.1.123.Final]
		at io.netty.util.concurrent.FastThreadLocalRunnable.run(FastThreadLocalRunnable.java:30) ~[netty-common-4.1.123.Final.jar:4.1.123.Final]
		at java.base/java.lang.Thread.run(Thread.java:1583) ~[na:na]
Caused by: org.springframework.expression.spel.SpelEvaluationException: EL1004E: Method call: Method getId() cannot be found on type java.util.LinkedHashMap
	at org.springframework.expression.spel.ast.MethodReference.findAccessorForMethod(MethodReference.java:238) ~[spring-expression-6.2.9.jar:6.2.9]
	at org.springframework.expression.spel.ast.MethodReference.getValueInternal(MethodReference.java:148) ~[spring-expression-6.2.9.jar:6.2.9]
	at org.springframework.expression.spel.ast.MethodReference$MethodValueRef.getValue(MethodReference.java:398) ~[spring-expression-6.2.9.jar:6.2.9]
	at org.springframework.expression.spel.ast.CompoundExpression.getValueInternal(CompoundExpression.java:97) ~[spring-expression-6.2.9.jar:6.2.9]
	at org.springframework.expression.spel.ast.OpPlus.getValueInternal(OpPlus.java:95) ~[spring-expression-6.2.9.jar:6.2.9]
	at org.springframework.expression.spel.ast.SpelNodeImpl.getValue(SpelNodeImpl.java:116) ~[spring-expression-6.2.9.jar:6.2.9]
	at org.springframework.expression.spel.standard.SpelExpression.getValue(SpelExpression.java:338) ~[spring-expression-6.2.9.jar:6.2.9]
	at org.thymeleaf.spring6.expression.SPELVariableExpressionEvaluator.evaluate(SPELVariableExpressionEvaluator.java:265) ~[thymeleaf-spring6-3.1.3.RELEASE.jar:3.1.3.RELEASE]
	at org.thymeleaf.standard.expression.VariableExpression.executeVariableExpression(VariableExpression.java:166) ~[thymeleaf-3.1.3.RELEASE.jar:3.1.3.RELEASE]
	at org.thymeleaf.standard.expression.SimpleExpression.executeSimple(SimpleExpression.java:66) ~[thymeleaf-3.1.3.RELEASE.jar:3.1.3.RELEASE]
	at org.thymeleaf.standard.expression.Expression.execute(Expression.java:109) ~[thymeleaf-3.1.3.RELEASE.jar:3.1.3.RELEASE]
	at org.thymeleaf.standard.expression.Expression.execute(Expression.java:138) ~[thymeleaf-3.1.3.RELEASE.jar:3.1.3.RELEASE]
	at org.thymeleaf.standard.processor.AbstractStandardExpressionAttributeTagProcessor.doProcess(AbstractStandardExpressionAttributeTagProcessor.java:144) ~[thymeleaf-3.1.3.RELEASE.jar:3.1.3.RELEASE]
	at org.thymeleaf.processor.element.AbstractAttributeTagProcessor.doProcess(AbstractAttributeTagProcessor.java:74) ~[thymeleaf-3.1.3.RELEASE.jar:3.1.3.RELEASE]
	at org.thymeleaf.processor.element.AbstractElementTagProcessor.process(AbstractElementTagProcessor.java:95) ~[thymeleaf-3.1.3.RELEASE.jar:3.1.3.RELEASE]
	at org.thymeleaf.util.ProcessorConfigurationUtils$ElementTagProcessorWrapper.process(ProcessorConfigurationUtils.java:633) ~[thymeleaf-3.1.3.RELEASE.jar:3.1.3.RELEASE]
	at org.thymeleaf.engine.ProcessorTemplateHandler.handleOpenElement(ProcessorTemplateHandler.java:1314) ~[thymeleaf-3.1.3.RELEASE.jar:3.1.3.RELEASE]
	at org.thymeleaf.engine.OpenElementTag.beHandled(OpenElementTag.java:205) ~[thymeleaf-3.1.3.RELEASE.jar:3.1.3.RELEASE]
	at org.thymeleaf.engine.Model.process(Model.java:282) ~[thymeleaf-3.1.3.RELEASE.jar:3.1.3.RELEASE]
	at org.thymeleaf.engine.Model.process(Model.java:290) ~[thymeleaf-3.1.3.RELEASE.jar:3.1.3.RELEASE]
	at org.thymeleaf.engine.IteratedGatheringModelProcessable.processIterationModel(IteratedGatheringModelProcessable.java:368) ~[thymeleaf-3.1.3.RELEASE.jar:3.1.3.RELEASE]
	at org.thymeleaf.engine.IteratedGatheringModelProcessable.process(IteratedGatheringModelProcessable.java:222) ~[thymeleaf-3.1.3.RELEASE.jar:3.1.3.RELEASE]
	at org.thymeleaf.engine.ProcessorTemplateHandler.handleCloseElement(ProcessorTemplateHandler.java:1640) ~[thymeleaf-3.1.3.RELEASE.jar:3.1.3.RELEASE]
	at org.thymeleaf.engine.CloseElementTag.beHandled(CloseElementTag.java:139) ~[thymeleaf-3.1.3.RELEASE.jar:3.1.3.RELEASE]
	at org.thymeleaf.engine.Model.process(Model.java:282) ~[thymeleaf-3.1.3.RELEASE.jar:3.1.3.RELEASE]
	at org.thymeleaf.engine.Model.process(Model.java:290) ~[thymeleaf-3.1.3.RELEASE.jar:3.1.3.RELEASE]
	at org.thymeleaf.engine.IteratedGatheringModelProcessable.processIterationModel(IteratedGatheringModelProcessable.java:368) ~[thymeleaf-3.1.3.RELEASE.jar:3.1.3.RELEASE]
	at org.thymeleaf.engine.IteratedGatheringModelProcessable.process(IteratedGatheringModelProcessable.java:222) ~[thymeleaf-3.1.3.RELEASE.jar:3.1.3.RELEASE]
	at org.thymeleaf.engine.ProcessorTemplateHandler.handleCloseElement(ProcessorTemplateHandler.java:1640) ~[thymeleaf-3.1.3.RELEASE.jar:3.1.3.RELEASE]
	at org.thymeleaf.engine.CloseElementTag.beHandled(CloseElementTag.java:139) ~[thymeleaf-3.1.3.RELEASE.jar:3.1.3.RELEASE]
	at org.thymeleaf.engine.TemplateModel.process(TemplateModel.java:136) ~[thymeleaf-3.1.3.RELEASE.jar:3.1.3.RELEASE]
	at org.thymeleaf.engine.TemplateManager.parseAndProcess(TemplateManager.java:592) ~[thymeleaf-3.1.3.RELEASE.jar:3.1.3.RELEASE]
	at org.thymeleaf.TemplateEngine.process(TemplateEngine.java:1103) ~[thymeleaf-3.1.3.RELEASE.jar:3.1.3.RELEASE]
	at org.thymeleaf.TemplateEngine.process(TemplateEngine.java:1077) ~[thymeleaf-3.1.3.RELEASE.jar:3.1.3.RELEASE]
	at org.thymeleaf.spring6.SpringWebFluxTemplateEngine.lambda$createFullStream$0(SpringWebFluxTemplateEngine.java:198) ~[thymeleaf-spring6-3.1.3.RELEASE.jar:3.1.3.RELEASE]
	at reactor.core.publisher.MonoCreate.subscribe(MonoCreate.java:61) ~[reactor-core-3.7.8.jar:3.7.8]
	at reactor.core.publisher.InternalMonoOperator.subscribe(InternalMonoOperator.java:76) ~[reactor-core-3.7.8.jar:3.7.8]
	at reactor.core.publisher.MonoFlatMap$FlatMapMain.onNext(MonoFlatMap.java:165) ~[reactor-core-3.7.8.jar:3.7.8]
	at reactor.core.publisher.MonoIgnoreThen$ThenIgnoreMain.complete(MonoIgnoreThen.java:294) ~[reactor-core-3.7.8.jar:3.7.8]
	at reactor.core.publisher.MonoIgnoreThen$ThenIgnoreMain.onNext(MonoIgnoreThen.java:188) ~[reactor-core-3.7.8.jar:3.7.8]
	at reactor.core.publisher.MonoIgnoreThen$ThenIgnoreMain.subscribeNext(MonoIgnoreThen.java:237) ~[reactor-core-3.7.8.jar:3.7.8]
	at reactor.core.publisher.MonoIgnoreThen$ThenIgnoreMain.onComplete(MonoIgnoreThen.java:204) ~[reactor-core-3.7.8.jar:3.7.8]
	at reactor.core.publisher.MonoPeekTerminal$MonoTerminalPeekSubscriber.onComplete(MonoPeekTerminal.java:299) ~[reactor-core-3.7.8.jar:3.7.8]
	at reactor.core.publisher.MonoWhen$WhenCoordinator.signal(MonoWhen.java:213) ~[reactor-core-3.7.8.jar:3.7.8]
	at reactor.core.publisher.MonoWhen$WhenInner.onComplete(MonoWhen.java:429) ~[reactor-core-3.7.8.jar:3.7.8]
	at reactor.core.publisher.MonoPeekTerminal$MonoTerminalPeekSubscriber.onComplete(MonoPeekTerminal.java:299) ~[reactor-core-3.7.8.jar:3.7.8]
	at reactor.core.publisher.Operators$MultiSubscriptionSubscriber.onComplete(Operators.java:2230) ~[reactor-core-3.7.8.jar:3.7.8]
	at reactor.core.publisher.MonoFlatMap$FlatMapMain.onNext(MonoFlatMap.java:159) ~[reactor-core-3.7.8.jar:3.7.8]
	at reactor.core.publisher.FluxSwitchIfEmpty$SwitchIfEmptySubscriber.onNext(FluxSwitchIfEmpty.java:74) ~[reactor-core-3.7.8.jar:3.7.8]
	at reactor.core.publisher.MonoCompletionStage$MonoCompletionStageSubscription.apply(MonoCompletionStage.java:121) ~[reactor-core-3.7.8.jar:3.7.8]
	at reactor.core.publisher.MonoCompletionStage$MonoCompletionStageSubscription.apply(MonoCompletionStage.java:67) ~[reactor-core-3.7.8.jar:3.7.8]
	at java.base/java.util.concurrent.CompletableFuture.uniHandle(CompletableFuture.java:934) ~[na:na]
	at java.base/java.util.concurrent.CompletableFuture$UniHandle.tryFire(CompletableFuture.java:911) ~[na:na]
	at java.base/java.util.concurrent.CompletableFuture.postComplete(CompletableFuture.java:510) ~[na:na]
	at java.base/java.util.concurrent.CompletableFuture.complete(CompletableFuture.java:2179) ~[na:na]
	at reactor.core.publisher.MonoToCompletableFuture.onNext(MonoToCompletableFuture.java:64) ~[reactor-core-3.7.8.jar:3.7.8]
	at reactor.core.publisher.MonoUsingWhen$MonoUsingWhenSubscriber.deferredComplete(MonoUsingWhen.java:268) ~[reactor-core-3.7.8.jar:3.7.8]
	at reactor.core.publisher.FluxUsingWhen$CommitInner.onComplete(FluxUsingWhen.java:532) ~[reactor-core-3.7.8.jar:3.7.8]
	at reactor.core.publisher.MonoIgnoreElements$IgnoreElementsSubscriber.onComplete(MonoIgnoreElements.java:89) ~[reactor-core-3.7.8.jar:3.7.8]
	at reactor.core.publisher.FluxFlatMap$FlatMapMain.checkTerminated(FluxFlatMap.java:828) ~[reactor-core-3.7.8.jar:3.7.8]
	at reactor.core.publisher.FluxFlatMap$FlatMapMain.drainLoop(FluxFlatMap.java:612) ~[reactor-core-3.7.8.jar:3.7.8]
	at reactor.core.publisher.FluxFlatMap$FlatMapMain.drain(FluxFlatMap.java:592) ~[reactor-core-3.7.8.jar:3.7.8]
	at reactor.core.publisher.FluxFlatMap$FlatMapMain.onComplete(FluxFlatMap.java:469) ~[reactor-core-3.7.8.jar:3.7.8]
	at reactor.core.publisher.FluxArray$ArraySubscription.slowPath(FluxArray.java:137) ~[reactor-core-3.7.8.jar:3.7.8]
	at reactor.core.publisher.FluxArray$ArraySubscription.request(FluxArray.java:99) ~[reactor-core-3.7.8.jar:3.7.8]
	at reactor.core.publisher.FluxFlatMap$FlatMapMain.onSubscribe(FluxFlatMap.java:373) ~[reactor-core-3.7.8.jar:3.7.8]
	at reactor.core.publisher.FluxMerge.subscribe(FluxMerge.java:73) ~[reactor-core-3.7.8.jar:3.7.8]
	at reactor.core.publisher.Mono.subscribe(Mono.java:4576) ~[reactor-core-3.7.8.jar:3.7.8]
	at reactor.core.publisher.FluxUsingWhen$UsingWhenSubscriber.onComplete(FluxUsingWhen.java:389) ~[reactor-core-3.7.8.jar:3.7.8]
	at reactor.core.publisher.MonoCompletionStage$MonoCompletionStageSubscription.apply(MonoCompletionStage.java:122) ~[reactor-core-3.7.8.jar:3.7.8]
	at reactor.core.publisher.MonoCompletionStage$MonoCompletionStageSubscription.apply(MonoCompletionStage.java:67) ~[reactor-core-3.7.8.jar:3.7.8]
	at java.base/java.util.concurrent.CompletableFuture.uniHandle(CompletableFuture.java:934) ~[na:na]
	at java.base/java.util.concurrent.CompletableFuture$UniHandle.tryFire(CompletableFuture.java:911) ~[na:na]
	at java.base/java.util.concurrent.CompletableFuture.postComplete(CompletableFuture.java:510) ~[na:na]
	at java.base/java.util.concurrent.CompletableFuture.complete(CompletableFuture.java:2179) ~[na:na]
	at reactor.core.publisher.MonoToCompletableFuture.onNext(MonoToCompletableFuture.java:64) ~[reactor-core-3.7.8.jar:3.7.8]
	at reactor.core.publisher.FluxMap$MapSubscriber.onNext(FluxMap.java:122) ~[reactor-core-3.7.8.jar:3.7.8]
	at reactor.core.publisher.MonoIgnoreThen$ThenIgnoreMain.complete(MonoIgnoreThen.java:294) ~[reactor-core-3.7.8.jar:3.7.8]
	at reactor.core.publisher.MonoIgnoreThen$ThenIgnoreMain.onNext(MonoIgnoreThen.java:188) ~[reactor-core-3.7.8.jar:3.7.8]
	at reactor.core.publisher.FluxMap$MapSubscriber.onNext(FluxMap.java:122) ~[reactor-core-3.7.8.jar:3.7.8]
	at reactor.core.publisher.FluxFilter$FilterSubscriber.onNext(FluxFilter.java:113) ~[reactor-core-3.7.8.jar:3.7.8]
	at reactor.core.publisher.MonoNext$NextSubscriber.onNext(MonoNext.java:82) ~[reactor-core-3.7.8.jar:3.7.8]
	at reactor.core.publisher.FluxOnErrorResume$ResumeSubscriber.onNext(FluxOnErrorResume.java:79) ~[reactor-core-3.7.8.jar:3.7.8]
	at reactor.core.publisher.MonoFlatMapMany$FlatMapManyInner.onNext(MonoFlatMapMany.java:251) ~[reactor-core-3.7.8.jar:3.7.8]
	at reactor.core.publisher.FluxDefaultIfEmpty$DefaultIfEmptySubscriber.onNext(FluxDefaultIfEmpty.java:122) ~[reactor-core-3.7.8.jar:3.7.8]
	at reactor.core.publisher.FluxMap$MapSubscriber.onNext(FluxMap.java:122) ~[reactor-core-3.7.8.jar:3.7.8]
	at reactor.core.publisher.MonoNext$NextSubscriber.onNext(MonoNext.java:82) ~[reactor-core-3.7.8.jar:3.7.8]
	at reactor.core.publisher.MonoNext$NextSubscriber.onNext(MonoNext.java:82) ~[reactor-core-3.7.8.jar:3.7.8]
	at io.lettuce.core.RedisPublisher$ImmediateSubscriber.onNext(RedisPublisher.java:895) ~[lettuce-core-6.6.0.RELEASE.jar:6.6.0.RELEASE/643bd47]
	at io.lettuce.core.RedisPublisher$RedisSubscription.onNext(RedisPublisher.java:295) ~[lettuce-core-6.6.0.RELEASE.jar:6.6.0.RELEASE/643bd47]
	at io.lettuce.core.RedisPublisher$SubscriptionCommand.doOnComplete(RedisPublisher.java:782) ~[lettuce-core-6.6.0.RELEASE.jar:6.6.0.RELEASE/643bd47]
	at io.lettuce.core.protocol.CommandWrapper.complete(CommandWrapper.java:69) ~[lettuce-core-6.6.0.RELEASE.jar:6.6.0.RELEASE/643bd47]
	at io.lettuce.core.protocol.CommandHandler.complete(CommandHandler.java:769) ~[lettuce-core-6.6.0.RELEASE.jar:6.6.0.RELEASE/643bd47]
	at io.lettuce.core.protocol.CommandHandler.decode(CommandHandler.java:704) ~[lettuce-core-6.6.0.RELEASE.jar:6.6.0.RELEASE/643bd47]
	at io.lettuce.core.protocol.CommandHandler.channelRead(CommandHandler.java:621) ~[lettuce-core-6.6.0.RELEASE.jar:6.6.0.RELEASE/643bd47]
	at io.netty.channel.AbstractChannelHandlerContext.invokeChannelRead(AbstractChannelHandlerContext.java:442) ~[netty-transport-4.1.123.Final.jar:4.1.123.Final]
	at io.netty.channel.AbstractChannelHandlerContext.invokeChannelRead(AbstractChannelHandlerContext.java:420) ~[netty-transport-4.1.123.Final.jar:4.1.123.Final]
	at io.netty.channel.AbstractChannelHandlerContext.fireChannelRead(AbstractChannelHandlerContext.java:412) ~[netty-transport-4.1.123.Final.jar:4.1.123.Final]
	at io.netty.channel.DefaultChannelPipeline$HeadContext.channelRead(DefaultChannelPipeline.java:1357) ~[netty-transport-4.1.123.Final.jar:4.1.123.Final]
	at io.netty.channel.AbstractChannelHandlerContext.invokeChannelRead(AbstractChannelHandlerContext.java:440) ~[netty-transport-4.1.123.Final.jar:4.1.123.Final]
	at io.netty.channel.AbstractChannelHandlerContext.invokeChannelRead(AbstractChannelHandlerContext.java:420) ~[netty-transport-4.1.123.Final.jar:4.1.123.Final]
	at io.netty.channel.DefaultChannelPipeline.fireChannelRead(DefaultChannelPipeline.java:868) ~[netty-transport-4.1.123.Final.jar:4.1.123.Final]
	at io.netty.channel.kqueue.AbstractKQueueStreamChannel$KQueueStreamUnsafe.readReady(AbstractKQueueStreamChannel.java:543) ~[netty-transport-classes-kqueue-4.1.123.Final.jar:4.1.123.Final]
	at io.netty.channel.kqueue.AbstractKQueueChannel$AbstractKQueueUnsafe.readReady(AbstractKQueueChannel.java:390) ~[netty-transport-classes-kqueue-4.1.123.Final.jar:4.1.123.Final]
	at io.netty.channel.kqueue.KQueueEventLoop.processReady(KQueueEventLoop.java:274) ~[netty-transport-classes-kqueue-4.1.123.Final.jar:4.1.123.Final]
	at io.netty.channel.kqueue.KQueueEventLoop.run(KQueueEventLoop.java:352) ~[netty-transport-classes-kqueue-4.1.123.Final.jar:4.1.123.Final]
	at io.netty.util.concurrent.SingleThreadEventExecutor$4.run(SingleThreadEventExecutor.java:998) ~[netty-common-4.1.123.Final.jar:4.1.123.Final]
	at io.netty.util.internal.ThreadExecutorMap$2.run(ThreadExecutorMap.java:74) ~[netty-common-4.1.123.Final.jar:4.1.123.Final]
	at io.netty.util.concurrent.FastThreadLocalRunnable.run(FastThreadLocalRunnable.java:30) ~[netty-common-4.1.123.Final.jar:4.1.123.Final]
	at java.base/java.lang.Thread.run(Thread.java:1583) ~[na:na]

2025-07-31T17:09:12.882+03:00  INFO 12751 --- [reactor-http-kqueue-2] r.yandex.practicum.service.ItemService   : Start getPaging: pageNumber=1, pageSize=10
2025-07-31T17:09:12.889+03:00  INFO 12751 --- [lettuce-kqueueEventLoop-5-3] r.yandex.practicum.service.ItemService   : Start getItems: pageNumber=1, pageSize=10, sort=NO, search=
2025-07-31T17:09:12.891+03:00  INFO 12751 --- [lettuce-kqueueEventLoop-5-3] reactor.Mono.MapFuseable.8               : | onSubscribe([Fuseable] FluxMapFuseable.MapFuseableConditionalSubscriber)
2025-07-31T17:09:12.891+03:00  INFO 12751 --- [lettuce-kqueueEventLoop-5-3] reactor.Mono.MapFuseable.8               : | request(unbounded)
2025-07-31T17:09:13.564+03:00  INFO 12751 --- [reactor-tcp-kqueue-2] reactor.Mono.MapFuseable.8               : | onNext([[ItemDto(id=1, title=123, description=123, imagePath=http://localhost:8084/items/image/1, count=0, price=123), ItemDto(id=2, title=wefawef, description=afwef, imagePath=http://localhost:8084/items/image/2, count=0, price=12313), ItemDto(id=3, title=товар1, description=Товар, imagePath=http://localhost:8084/items/image/3, count=0, price=12345), ItemDto(id=4, title=df, description=fads, imagePath=http://localhost:8084/items/image/4, count=0, price=21351524635765), ItemDto(id=6, title=товар новый, description=Товар, imagePath=http://localhost:8084/items/image/6, count=0, price=5)], [ItemDto(id=9, title=test3, description=test3, imagePath=http://localhost:8084/items/image/9, count=0, price=130), ItemDto(id=10, title=test4, description=test4, imagePath=http://localhost:8084/items/image/10, count=0, price=140), ItemDto(id=11, title=test5, description=test5, imagePath=http://localhost:8084/items/image/11, count=0, price=150), ItemDto(id=12, title=test5, description=test5, imagePath=http://localhost:8084/items/image/12, count=0, price=150), ItemDto(id=13, title=test6, description=test6, imagePath=http://localhost:8084/items/image/13, count=0, price=160)]])
2025-07-31T17:09:13.569+03:00  INFO 12751 --- [reactor-tcp-kqueue-2] reactor.Mono.MapFuseable.8               : | onComplete()
2025-07-31T17:09:15.286+03:00  INFO 12751 --- [lettuce-kqueueEventLoop-5-3] r.yandex.practicum.service.ItemService   : Start getItemDtoById: id=1
2025-07-31T17:09:20.746+03:00  INFO 12751 --- [reactor-http-kqueue-2] r.yandex.practicum.service.ItemService   : Start actionWithItemInCart: itemId=1, action=plus
2025-07-31T17:09:20.747+03:00  INFO 12751 --- [reactor-http-kqueue-2] r.yandex.practicum.service.ItemService   : Processing actionWithItemInCart: itemsInCart=MonoJust
2025-07-31T17:09:20.748+03:00  INFO 12751 --- [reactor-http-kqueue-2] reactor.Mono.Zip.12                      : onSubscribe([Fuseable] MonoZip.ZipCoordinator)
2025-07-31T17:09:20.748+03:00  INFO 12751 --- [reactor-http-kqueue-2] reactor.Mono.Zip.12                      : request(unbounded)
2025-07-31T17:09:20.748+03:00  INFO 12751 --- [reactor-http-kqueue-2] reactor.Mono.FlatMap.11                  : | onSubscribe([Synchronous Fuseable] Operators.ScalarSubscription)
2025-07-31T17:09:20.748+03:00  INFO 12751 --- [reactor-http-kqueue-2] reactor.Mono.FlatMap.11                  : | request(unbounded)
2025-07-31T17:09:20.749+03:00  INFO 12751 --- [reactor-http-kqueue-2] reactor.Mono.FlatMap.11                  : | onNext(ItemDto(id=1, title=123, description=123, imagePath=http://localhost:8084/items/image/1, count=1, price=123))
2025-07-31T17:09:20.749+03:00  INFO 12751 --- [reactor-http-kqueue-2] reactor.Mono.FlatMap.11                  : | onComplete()
2025-07-31T17:09:20.749+03:00  INFO 12751 --- [reactor-http-kqueue-2] r.y.practicum.service.PaymentsService    : Start getBalance
2025-07-31T17:09:20.750+03:00  INFO 12751 --- [reactor-http-kqueue-2] reactor.Mono.Zip.12                      : onNext(ItemDto(id=1, title=123, description=123, imagePath=http://localhost:8084/items/image/1, count=2, price=123))
2025-07-31T17:09:20.751+03:00  INFO 12751 --- [reactor-http-kqueue-2] reactor.Mono.Zip.12                      : onComplete()
2025-07-31T17:09:20.756+03:00  INFO 12751 --- [lettuce-kqueueEventLoop-5-3] r.yandex.practicum.service.ItemService   : Start getItemDtoById: id=1
2025-07-31T18:32:22.536+03:00  INFO 12751 --- [SpringApplicationShutdownHook] o.s.b.w.embedded.netty.GracefulShutdown  : Commencing graceful shutdown. Waiting for active requests to complete
2025-07-31T18:32:22.538+03:00  INFO 12751 --- [netty-shutdown] o.s.b.w.embedded.netty.GracefulShutdown  : Graceful shutdown complete
2025-07-31T18:32:26.560+03:00  INFO 13046 --- [main] ru.yandex.practicum.ShopApplication      : Starting ShopApplication using Java 21.0.6 with PID 13046 (/Users/Dixi/dev/online-shop/shop/build/classes/java/main started by Dixi in /Users/Dixi/dev/online-shop)
2025-07-31T18:32:26.561+03:00  INFO 13046 --- [main] ru.yandex.practicum.ShopApplication      : No active profile set, falling back to 1 default profile: "default"
2025-07-31T18:32:26.794+03:00  INFO 13046 --- [main] .s.d.r.c.RepositoryConfigurationDelegate : Multiple Spring Data modules found, entering strict repository configuration mode
2025-07-31T18:32:26.795+03:00  INFO 13046 --- [main] .s.d.r.c.RepositoryConfigurationDelegate : Bootstrapping Spring Data Redis repositories in DEFAULT mode.
2025-07-31T18:32:26.805+03:00  INFO 13046 --- [main] .s.d.r.c.RepositoryConfigurationDelegate : Finished Spring Data repository scanning in 2 ms. Found 0 Redis repository interfaces.
2025-07-31T18:32:26.808+03:00  INFO 13046 --- [main] .s.d.r.c.RepositoryConfigurationDelegate : Multiple Spring Data modules found, entering strict repository configuration mode
2025-07-31T18:32:26.808+03:00  INFO 13046 --- [main] .s.d.r.c.RepositoryConfigurationDelegate : Bootstrapping Spring Data Redis repositories in DEFAULT mode.
2025-07-31T18:32:26.816+03:00  INFO 13046 --- [main] .RepositoryConfigurationExtensionSupport : Spring Data Redis - Could not safely identify store assignment for repository candidate interface ru.yandex.practicum.repository.ItemInOrderRepository; If you want this repository to be a Redis repository, consider annotating your entities with one of these annotations: org.springframework.data.redis.core.RedisHash (preferred), or consider extending one of the following types with your repository: org.springframework.data.keyvalue.repository.KeyValueRepository
2025-07-31T18:32:26.817+03:00  INFO 13046 --- [main] .RepositoryConfigurationExtensionSupport : Spring Data Redis - Could not safely identify store assignment for repository candidate interface ru.yandex.practicum.repository.ItemRepository; If you want this repository to be a Redis repository, consider annotating your entities with one of these annotations: org.springframework.data.redis.core.RedisHash (preferred), or consider extending one of the following types with your repository: org.springframework.data.keyvalue.repository.KeyValueRepository
2025-07-31T18:32:26.817+03:00  INFO 13046 --- [main] .RepositoryConfigurationExtensionSupport : Spring Data Redis - Could not safely identify store assignment for repository candidate interface ru.yandex.practicum.repository.OrderRepository; If you want this repository to be a Redis repository, consider annotating your entities with one of these annotations: org.springframework.data.redis.core.RedisHash (preferred), or consider extending one of the following types with your repository: org.springframework.data.keyvalue.repository.KeyValueRepository
2025-07-31T18:32:26.817+03:00  INFO 13046 --- [main] .s.d.r.c.RepositoryConfigurationDelegate : Finished Spring Data repository scanning in 8 ms. Found 0 Redis repository interfaces.
2025-07-31T18:32:26.908+03:00  INFO 13046 --- [main] .s.d.r.c.RepositoryConfigurationDelegate : Multiple Spring Data modules found, entering strict repository configuration mode
2025-07-31T18:32:26.908+03:00  INFO 13046 --- [main] .s.d.r.c.RepositoryConfigurationDelegate : Bootstrapping Spring Data R2DBC repositories in DEFAULT mode.
2025-07-31T18:32:26.962+03:00  INFO 13046 --- [main] .s.d.r.c.RepositoryConfigurationDelegate : Finished Spring Data repository scanning in 53 ms. Found 3 R2DBC repository interfaces.
2025-07-31T18:32:26.966+03:00  INFO 13046 --- [main] .s.d.r.c.RepositoryConfigurationDelegate : Multiple Spring Data modules found, entering strict repository configuration mode
2025-07-31T18:32:26.966+03:00  INFO 13046 --- [main] .s.d.r.c.RepositoryConfigurationDelegate : Bootstrapping Spring Data Redis repositories in DEFAULT mode.
2025-07-31T18:32:26.968+03:00  INFO 13046 --- [main] .RepositoryConfigurationExtensionSupport : Spring Data Redis - Could not safely identify store assignment for repository candidate interface ru.yandex.practicum.repository.ItemInOrderRepository; If you want this repository to be a Redis repository, consider annotating your entities with one of these annotations: org.springframework.data.redis.core.RedisHash (preferred), or consider extending one of the following types with your repository: org.springframework.data.keyvalue.repository.KeyValueRepository
2025-07-31T18:32:26.968+03:00  INFO 13046 --- [main] .RepositoryConfigurationExtensionSupport : Spring Data Redis - Could not safely identify store assignment for repository candidate interface ru.yandex.practicum.repository.ItemRepository; If you want this repository to be a Redis repository, consider annotating your entities with one of these annotations: org.springframework.data.redis.core.RedisHash (preferred), or consider extending one of the following types with your repository: org.springframework.data.keyvalue.repository.KeyValueRepository
2025-07-31T18:32:26.968+03:00  INFO 13046 --- [main] .RepositoryConfigurationExtensionSupport : Spring Data Redis - Could not safely identify store assignment for repository candidate interface ru.yandex.practicum.repository.OrderRepository; If you want this repository to be a Redis repository, consider annotating your entities with one of these annotations: org.springframework.data.redis.core.RedisHash (preferred), or consider extending one of the following types with your repository: org.springframework.data.keyvalue.repository.KeyValueRepository
2025-07-31T18:32:26.968+03:00  INFO 13046 --- [main] .s.d.r.c.RepositoryConfigurationDelegate : Finished Spring Data repository scanning in 1 ms. Found 0 Redis repository interfaces.
2025-07-31T18:32:27.362+03:00  INFO 13046 --- [main] r.y.p.configuration.WebConfiguration     : Initialize cart
2025-07-31T18:32:28.822+03:00  INFO 13046 --- [main] o.s.b.web.embedded.netty.NettyWebServer  : Netty started on port 8084 (http)
2025-07-31T18:32:29.029+03:00  INFO 13046 --- [main] ru.yandex.practicum.ShopApplication      : Started ShopApplication in 2.645 seconds (process running for 2.895)
2025-07-31T18:32:37.827+03:00  INFO 13046 --- [reactor-http-kqueue-2] r.yandex.practicum.service.ItemService   : Start getPaging: pageNumber=1, pageSize=10
2025-07-31T18:32:37.857+03:00  INFO 13046 --- [reactor-http-kqueue-2] r.yandex.practicum.service.ItemService   : Start getItems: pageNumber=1, pageSize=10, sort=NO, search=
2025-07-31T18:32:37.866+03:00  INFO 13046 --- [reactor-http-kqueue-2] reactor.Mono.MapFuseable.2               : | onSubscribe([Fuseable] FluxMapFuseable.MapFuseableConditionalSubscriber)
2025-07-31T18:32:37.866+03:00  INFO 13046 --- [reactor-http-kqueue-2] reactor.Mono.MapFuseable.2               : | request(unbounded)
2025-07-31T18:32:37.916+03:00  INFO 13046 --- [reactor-tcp-kqueue-4] reactor.Mono.MapFuseable.2               : | cancel()
2025-07-31T18:32:37.931+03:00 ERROR 13046 --- [reactor-tcp-kqueue-4] a.w.r.e.AbstractErrorWebExceptionHandler : [a6763116-2]  500 Server Error for HTTP GET "/main/items"

org.springframework.dao.DataAccessResourceFailureException: Failed to obtain R2DBC Connection
	at org.springframework.r2dbc.connection.ConnectionFactoryUtils.lambda$getConnection$0(ConnectionFactoryUtils.java:100) ~[spring-r2dbc-6.2.9.jar:6.2.9]
	Suppressed: reactor.core.publisher.FluxOnAssembly$OnAssemblyException: 
Error has been observed at the following site(s):
	*__checkpoint ⇢ Handler ru.yandex.practicum.controller.ShopController#getItems(Model, String, String, int, int) [DispatcherHandler]
	*__checkpoint ⇢ HTTP GET "/main/items" [ExceptionHandlingWebHandler]
Original Stack Trace:
		at org.springframework.r2dbc.connection.ConnectionFactoryUtils.lambda$getConnection$0(ConnectionFactoryUtils.java:100) ~[spring-r2dbc-6.2.9.jar:6.2.9]
		at reactor.core.publisher.Mono.lambda$onErrorMap$29(Mono.java:3862) ~[reactor-core-3.7.8.jar:3.7.8]
		at reactor.core.publisher.FluxOnErrorResume$ResumeSubscriber.onError(FluxOnErrorResume.java:94) ~[reactor-core-3.7.8.jar:3.7.8]
		at reactor.core.publisher.FluxOnErrorResume$ResumeSubscriber.onError(FluxOnErrorResume.java:106) ~[reactor-core-3.7.8.jar:3.7.8]
		at reactor.core.publisher.FluxRetry$RetrySubscriber.onError(FluxRetry.java:96) ~[reactor-core-3.7.8.jar:3.7.8]
		at reactor.core.publisher.MonoFlatMap$FlatMapMain.onError(MonoFlatMap.java:180) ~[reactor-core-3.7.8.jar:3.7.8]
		at reactor.pool.AbstractPool$Borrower.fail(AbstractPool.java:479) ~[reactor-pool-1.1.3.jar:1.1.3]
		at reactor.pool.SimpleDequePool.lambda$drainLoop$9(SimpleDequePool.java:443) ~[reactor-pool-1.1.3.jar:1.1.3]
		at reactor.core.publisher.FluxDoOnEach$DoOnEachSubscriber.onError(FluxDoOnEach.java:186) ~[reactor-core-3.7.8.jar:3.7.8]
		at reactor.core.publisher.MonoSubscribeOn$SubscribeOnSubscriber.onError(MonoSubscribeOn.java:152) ~[reactor-core-3.7.8.jar:3.7.8]
		at reactor.core.publisher.FluxMapFuseable$MapFuseableSubscriber.onError(FluxMapFuseable.java:142) ~[reactor-core-3.7.8.jar:3.7.8]
		at reactor.core.publisher.FluxContextWrite$ContextWriteSubscriber.onError(FluxContextWrite.java:121) ~[reactor-core-3.7.8.jar:3.7.8]
		at reactor.core.publisher.MonoSingle$SingleSubscriber.onError(MonoSingle.java:150) ~[reactor-core-3.7.8.jar:3.7.8]
		at io.r2dbc.postgresql.util.FluxDiscardOnCancel$FluxDiscardOnCancelSubscriber.onError(FluxDiscardOnCancel.java:97) ~[r2dbc-postgresql-1.0.7.RELEASE.jar:1.0.7.RELEASE]
		at reactor.core.publisher.FluxOnErrorResume$ResumeSubscriber.onError(FluxOnErrorResume.java:106) ~[reactor-core-3.7.8.jar:3.7.8]
		at reactor.core.publisher.Operators.error(Operators.java:198) ~[reactor-core-3.7.8.jar:3.7.8]
		at reactor.core.publisher.MonoError.subscribe(MonoError.java:53) ~[reactor-core-3.7.8.jar:3.7.8]
		at reactor.core.publisher.Mono.subscribe(Mono.java:4576) ~[reactor-core-3.7.8.jar:3.7.8]
		at reactor.core.publisher.FluxOnErrorResume$ResumeSubscriber.onError(FluxOnErrorResume.java:103) ~[reactor-core-3.7.8.jar:3.7.8]
		at reactor.core.publisher.MonoFlatMap$FlatMapMain.onError(MonoFlatMap.java:180) ~[reactor-core-3.7.8.jar:3.7.8]
		at reactor.core.publisher.MonoDelayUntil$DelayUntilTrigger.onError(MonoDelayUntil.java:516) ~[reactor-core-3.7.8.jar:3.7.8]
		at reactor.core.publisher.FluxHandle$HandleSubscriber.onError(FluxHandle.java:213) ~[reactor-core-3.7.8.jar:3.7.8]
		at reactor.core.publisher.FluxHandle$HandleSubscriber.onNext(FluxHandle.java:135) ~[reactor-core-3.7.8.jar:3.7.8]
		at reactor.core.publisher.MonoFlatMapMany$FlatMapManyInner.onNext(MonoFlatMapMany.java:251) ~[reactor-core-3.7.8.jar:3.7.8]
		at reactor.core.publisher.FluxHandle$HandleSubscriber.onNext(FluxHandle.java:129) ~[reactor-core-3.7.8.jar:3.7.8]
		at reactor.core.publisher.FluxCreate$BufferAsyncSink.drain(FluxCreate.java:880) ~[reactor-core-3.7.8.jar:3.7.8]
		at reactor.core.publisher.FluxCreate$BufferAsyncSink.next(FluxCreate.java:805) ~[reactor-core-3.7.8.jar:3.7.8]
		at reactor.core.publisher.FluxCreate$SerializedFluxSink.next(FluxCreate.java:163) ~[reactor-core-3.7.8.jar:3.7.8]
		at io.r2dbc.postgresql.client.ReactorNettyClient$Conversation.emit(ReactorNettyClient.java:696) ~[r2dbc-postgresql-1.0.7.RELEASE.jar:1.0.7.RELEASE]
		at io.r2dbc.postgresql.client.ReactorNettyClient$BackendMessageSubscriber.emit(ReactorNettyClient.java:948) ~[r2dbc-postgresql-1.0.7.RELEASE.jar:1.0.7.RELEASE]
		at io.r2dbc.postgresql.client.ReactorNettyClient$BackendMessageSubscriber.onNext(ReactorNettyClient.java:822) ~[r2dbc-postgresql-1.0.7.RELEASE.jar:1.0.7.RELEASE]
		at io.r2dbc.postgresql.client.ReactorNettyClient$BackendMessageSubscriber.onNext(ReactorNettyClient.java:728) ~[r2dbc-postgresql-1.0.7.RELEASE.jar:1.0.7.RELEASE]
		at reactor.core.publisher.FluxHandle$HandleSubscriber.onNext(FluxHandle.java:129) ~[reactor-core-3.7.8.jar:3.7.8]
		at reactor.core.publisher.FluxPeekFuseable$PeekConditionalSubscriber.onNext(FluxPeekFuseable.java:854) ~[reactor-core-3.7.8.jar:3.7.8]
		at reactor.core.publisher.FluxMap$MapConditionalSubscriber.onNext(FluxMap.java:224) ~[reactor-core-3.7.8.jar:3.7.8]
		at reactor.core.publisher.FluxMap$MapConditionalSubscriber.onNext(FluxMap.java:224) ~[reactor-core-3.7.8.jar:3.7.8]
		at reactor.netty.channel.FluxReceive.drainReceiver(FluxReceive.java:292) ~[reactor-netty-core-1.2.8.jar:1.2.8]
		at reactor.netty.channel.FluxReceive.onInboundNext(FluxReceive.java:401) ~[reactor-netty-core-1.2.8.jar:1.2.8]
		at reactor.netty.channel.ChannelOperations.onInboundNext(ChannelOperations.java:435) ~[reactor-netty-core-1.2.8.jar:1.2.8]
		at reactor.netty.channel.ChannelOperationsHandler.channelRead(ChannelOperationsHandler.java:115) ~[reactor-netty-core-1.2.8.jar:1.2.8]
		at io.netty.channel.AbstractChannelHandlerContext.invokeChannelRead(AbstractChannelHandlerContext.java:444) ~[netty-transport-4.1.123.Final.jar:4.1.123.Final]
		at io.netty.channel.AbstractChannelHandlerContext.invokeChannelRead(AbstractChannelHandlerContext.java:420) ~[netty-transport-4.1.123.Final.jar:4.1.123.Final]
		at io.netty.channel.AbstractChannelHandlerContext.fireChannelRead(AbstractChannelHandlerContext.java:412) ~[netty-transport-4.1.123.Final.jar:4.1.123.Final]
		at io.netty.handler.codec.ByteToMessageDecoder.fireChannelRead(ByteToMessageDecoder.java:346) ~[netty-codec-4.1.123.Final.jar:4.1.123.Final]
		at io.netty.handler.codec.ByteToMessageDecoder.channelRead(ByteToMessageDecoder.java:318) ~[netty-codec-4.1.123.Final.jar:4.1.123.Final]
		at io.netty.channel.AbstractChannelHandlerContext.invokeChannelRead(AbstractChannelHandlerContext.java:444) ~[netty-transport-4.1.123.Final.jar:4.1.123.Final]
		at io.netty.channel.AbstractChannelHandlerContext.invokeChannelRead(AbstractChannelHandlerContext.java:420) ~[netty-transport-4.1.123.Final.jar:4.1.123.Final]
		at io.netty.channel.AbstractChannelHandlerContext.fireChannelRead(AbstractChannelHandlerContext.java:412) ~[netty-transport-4.1.123.Final.jar:4.1.123.Final]
		at io.netty.channel.DefaultChannelPipeline$HeadContext.channelRead(DefaultChannelPipeline.java:1357) ~[netty-transport-4.1.123.Final.jar:4.1.123.Final]
		at io.netty.channel.AbstractChannelHandlerContext.invokeChannelRead(AbstractChannelHandlerContext.java:440) ~[netty-transport-4.1.123.Final.jar:4.1.123.Final]
		at io.netty.channel.AbstractChannelHandlerContext.invokeChannelRead(AbstractChannelHandlerContext.java:420) ~[netty-transport-4.1.123.Final.jar:4.1.123.Final]
		at io.netty.channel.DefaultChannelPipeline.fireChannelRead(DefaultChannelPipeline.java:868) ~[netty-transport-4.1.123.Final.jar:4.1.123.Final]
		at io.netty.channel.kqueue.AbstractKQueueStreamChannel$KQueueStreamUnsafe.readReady(AbstractKQueueStreamChannel.java:543) ~[netty-transport-classes-kqueue-4.1.123.Final.jar:4.1.123.Final]
		at io.netty.channel.kqueue.AbstractKQueueChannel$AbstractKQueueUnsafe.readReady(AbstractKQueueChannel.java:390) ~[netty-transport-classes-kqueue-4.1.123.Final.jar:4.1.123.Final]
		at io.netty.channel.kqueue.KQueueEventLoop.processReady(KQueueEventLoop.java:274) ~[netty-transport-classes-kqueue-4.1.123.Final.jar:4.1.123.Final]
		at io.netty.channel.kqueue.KQueueEventLoop.run(KQueueEventLoop.java:352) ~[netty-transport-classes-kqueue-4.1.123.Final.jar:4.1.123.Final]
		at io.netty.util.concurrent.SingleThreadEventExecutor$4.run(SingleThreadEventExecutor.java:998) ~[netty-common-4.1.123.Final.jar:4.1.123.Final]
		at io.netty.util.internal.ThreadExecutorMap$2.run(ThreadExecutorMap.java:74) ~[netty-common-4.1.123.Final.jar:4.1.123.Final]
		at io.netty.util.concurrent.FastThreadLocalRunnable.run(FastThreadLocalRunnable.java:30) ~[netty-common-4.1.123.Final.jar:4.1.123.Final]
		at java.base/java.lang.Thread.run(Thread.java:1583) ~[na:na]
Caused by: io.r2dbc.postgresql.ExceptionFactory$PostgresqlAuthenticationFailure: no pg_hba.conf entry for host "fe80::1%lo0", user "shop", database "shop", no encryption
	at io.r2dbc.postgresql.ExceptionFactory.createException(ExceptionFactory.java:86) ~[r2dbc-postgresql-1.0.7.RELEASE.jar:1.0.7.RELEASE]
	at io.r2dbc.postgresql.ExceptionFactory.createException(ExceptionFactory.java:65) ~[r2dbc-postgresql-1.0.7.RELEASE.jar:1.0.7.RELEASE]
	at io.r2dbc.postgresql.ExceptionFactory.handleErrorResponse(ExceptionFactory.java:132) ~[r2dbc-postgresql-1.0.7.RELEASE.jar:1.0.7.RELEASE]
	at reactor.core.publisher.FluxHandle$HandleSubscriber.onNext(FluxHandle.java:113) ~[reactor-core-3.7.8.jar:3.7.8]
	at reactor.core.publisher.MonoFlatMapMany$FlatMapManyInner.onNext(MonoFlatMapMany.java:251) ~[reactor-core-3.7.8.jar:3.7.8]
	at reactor.core.publisher.FluxHandle$HandleSubscriber.onNext(FluxHandle.java:129) ~[reactor-core-3.7.8.jar:3.7.8]
	at reactor.core.publisher.FluxCreate$BufferAsyncSink.drain(FluxCreate.java:880) ~[reactor-core-3.7.8.jar:3.7.8]
	at reactor.core.publisher.FluxCreate$BufferAsyncSink.next(FluxCreate.java:805) ~[reactor-core-3.7.8.jar:3.7.8]
	at reactor.core.publisher.FluxCreate$SerializedFluxSink.next(FluxCreate.java:163) ~[reactor-core-3.7.8.jar:3.7.8]
	at io.r2dbc.postgresql.client.ReactorNettyClient$Conversation.emit(ReactorNettyClient.java:696) ~[r2dbc-postgresql-1.0.7.RELEASE.jar:1.0.7.RELEASE]
	at io.r2dbc.postgresql.client.ReactorNettyClient$BackendMessageSubscriber.emit(ReactorNettyClient.java:948) ~[r2dbc-postgresql-1.0.7.RELEASE.jar:1.0.7.RELEASE]
	at io.r2dbc.postgresql.client.ReactorNettyClient$BackendMessageSubscriber.onNext(ReactorNettyClient.java:822) ~[r2dbc-postgresql-1.0.7.RELEASE.jar:1.0.7.RELEASE]
	at io.r2dbc.postgresql.client.ReactorNettyClient$BackendMessageSubscriber.onNext(ReactorNettyClient.java:728) ~[r2dbc-postgresql-1.0.7.RELEASE.jar:1.0.7.RELEASE]
	at reactor.core.publisher.FluxHandle$HandleSubscriber.onNext(FluxHandle.java:129) ~[reactor-core-3.7.8.jar:3.7.8]
	at reactor.core.publisher.FluxPeekFuseable$PeekConditionalSubscriber.onNext(FluxPeekFuseable.java:854) ~[reactor-core-3.7.8.jar:3.7.8]
	at reactor.core.publisher.FluxMap$MapConditionalSubscriber.onNext(FluxMap.java:224) ~[reactor-core-3.7.8.jar:3.7.8]
	at reactor.core.publisher.FluxMap$MapConditionalSubscriber.onNext(FluxMap.java:224) ~[reactor-core-3.7.8.jar:3.7.8]
	at reactor.netty.channel.FluxReceive.drainReceiver(FluxReceive.java:292) ~[reactor-netty-core-1.2.8.jar:1.2.8]
	at reactor.netty.channel.FluxReceive.onInboundNext(FluxReceive.java:401) ~[reactor-netty-core-1.2.8.jar:1.2.8]
	at reactor.netty.channel.ChannelOperations.onInboundNext(ChannelOperations.java:435) ~[reactor-netty-core-1.2.8.jar:1.2.8]
	at reactor.netty.channel.ChannelOperationsHandler.channelRead(ChannelOperationsHandler.java:115) ~[reactor-netty-core-1.2.8.jar:1.2.8]
	at io.netty.channel.AbstractChannelHandlerContext.invokeChannelRead(AbstractChannelHandlerContext.java:444) ~[netty-transport-4.1.123.Final.jar:4.1.123.Final]
	at io.netty.channel.AbstractChannelHandlerContext.invokeChannelRead(AbstractChannelHandlerContext.java:420) ~[netty-transport-4.1.123.Final.jar:4.1.123.Final]
	at io.netty.channel.AbstractChannelHandlerContext.fireChannelRead(AbstractChannelHandlerContext.java:412) ~[netty-transport-4.1.123.Final.jar:4.1.123.Final]
	at io.netty.handler.codec.ByteToMessageDecoder.fireChannelRead(ByteToMessageDecoder.java:346) ~[netty-codec-4.1.123.Final.jar:4.1.123.Final]
	at io.netty.handler.codec.ByteToMessageDecoder.channelRead(ByteToMessageDecoder.java:318) ~[netty-codec-4.1.123.Final.jar:4.1.123.Final]
	at io.netty.channel.AbstractChannelHandlerContext.invokeChannelRead(AbstractChannelHandlerContext.java:444) ~[netty-transport-4.1.123.Final.jar:4.1.123.Final]
	at io.netty.channel.AbstractChannelHandlerContext.invokeChannelRead(AbstractChannelHandlerContext.java:420) ~[netty-transport-4.1.123.Final.jar:4.1.123.Final]
	at io.netty.channel.AbstractChannelHandlerContext.fireChannelRead(AbstractChannelHandlerContext.java:412) ~[netty-transport-4.1.123.Final.jar:4.1.123.Final]
	at io.netty.channel.DefaultChannelPipeline$HeadContext.channelRead(DefaultChannelPipeline.java:1357) ~[netty-transport-4.1.123.Final.jar:4.1.123.Final]
	at io.netty.channel.AbstractChannelHandlerContext.invokeChannelRead(AbstractChannelHandlerContext.java:440) ~[netty-transport-4.1.123.Final.jar:4.1.123.Final]
	at io.netty.channel.AbstractChannelHandlerContext.invokeChannelRead(AbstractChannelHandlerContext.java:420) ~[netty-transport-4.1.123.Final.jar:4.1.123.Final]
	at io.netty.channel.DefaultChannelPipeline.fireChannelRead(DefaultChannelPipeline.java:868) ~[netty-transport-4.1.123.Final.jar:4.1.123.Final]
	at io.netty.channel.kqueue.AbstractKQueueStreamChannel$KQueueStreamUnsafe.readReady(AbstractKQueueStreamChannel.java:543) ~[netty-transport-classes-kqueue-4.1.123.Final.jar:4.1.123.Final]
	at io.netty.channel.kqueue.AbstractKQueueChannel$AbstractKQueueUnsafe.readReady(AbstractKQueueChannel.java:390) ~[netty-transport-classes-kqueue-4.1.123.Final.jar:4.1.123.Final]
	at io.netty.channel.kqueue.KQueueEventLoop.processReady(KQueueEventLoop.java:274) ~[netty-transport-classes-kqueue-4.1.123.Final.jar:4.1.123.Final]
	at io.netty.channel.kqueue.KQueueEventLoop.run(KQueueEventLoop.java:352) ~[netty-transport-classes-kqueue-4.1.123.Final.jar:4.1.123.Final]
	at io.netty.util.concurrent.SingleThreadEventExecutor$4.run(SingleThreadEventExecutor.java:998) ~[netty-common-4.1.123.Final.jar:4.1.123.Final]
	at io.netty.util.internal.ThreadExecutorMap$2.run(ThreadExecutorMap.java:74) ~[netty-common-4.1.123.Final.jar:4.1.123.Final]
	at io.netty.util.concurrent.FastThreadLocalRunnable.run(FastThreadLocalRunnable.java:30) ~[netty-common-4.1.123.Final.jar:4.1.123.Final]
	at java.base/java.lang.Thread.run(Thread.java:1583) ~[na:na]

2025-07-31T18:32:40.024+03:00  INFO 13046 --- [reactor-http-kqueue-2] r.yandex.practicum.service.ItemService   : Start getPaging: pageNumber=1, pageSize=10
2025-07-31T18:32:40.036+03:00  INFO 13046 --- [reactor-http-kqueue-2] r.yandex.practicum.service.ItemService   : Start getItems: pageNumber=1, pageSize=10, sort=NO, search=
2025-07-31T18:32:40.037+03:00  INFO 13046 --- [reactor-http-kqueue-2] reactor.Mono.MapFuseable.3               : | onSubscribe([Fuseable] FluxMapFuseable.MapFuseableConditionalSubscriber)
2025-07-31T18:32:40.037+03:00  INFO 13046 --- [reactor-http-kqueue-2] reactor.Mono.MapFuseable.3               : | request(unbounded)
2025-07-31T18:32:40.770+03:00  INFO 13046 --- [reactor-tcp-kqueue-3] reactor.Mono.MapFuseable.3               : | onNext([[ItemDto(id=1, title=123, description=123, imagePath=http://localhost:8084/items/image/1, count=0, price=123), ItemDto(id=2, title=wefawef, description=afwef, imagePath=http://localhost:8084/items/image/2, count=0, price=12313), ItemDto(id=3, title=товар1, description=Товар, imagePath=http://localhost:8084/items/image/3, count=0, price=12345), ItemDto(id=4, title=df, description=fads, imagePath=http://localhost:8084/items/image/4, count=0, price=21351524635765), ItemDto(id=6, title=товар новый, description=Товар, imagePath=http://localhost:8084/items/image/6, count=0, price=5)], [ItemDto(id=9, title=test3, description=test3, imagePath=http://localhost:8084/items/image/9, count=0, price=130), ItemDto(id=10, title=test4, description=test4, imagePath=http://localhost:8084/items/image/10, count=0, price=140), ItemDto(id=11, title=test5, description=test5, imagePath=http://localhost:8084/items/image/11, count=0, price=150), ItemDto(id=12, title=test5, description=test5, imagePath=http://localhost:8084/items/image/12, count=0, price=150), ItemDto(id=13, title=test6, description=test6, imagePath=http://localhost:8084/items/image/13, count=0, price=160)]])
2025-07-31T18:32:40.812+03:00  INFO 13046 --- [reactor-tcp-kqueue-3] reactor.Mono.MapFuseable.3               : | onComplete()
2025-07-31T18:32:42.195+03:00  INFO 13046 --- [reactor-http-kqueue-3] r.yandex.practicum.service.ItemService   : Start getItemDtoById: id=1
2025-07-31T18:32:43.970+03:00  INFO 13046 --- [reactor-http-kqueue-3] r.yandex.practicum.service.ItemService   : Start actionWithItemInCart: itemId=1, action=plus
2025-07-31T18:32:43.971+03:00  INFO 13046 --- [reactor-http-kqueue-3] r.yandex.practicum.service.ItemService   : Processing actionWithItemInCart: itemsInCart=MonoJust
2025-07-31T18:32:43.972+03:00  INFO 13046 --- [reactor-http-kqueue-3] reactor.Mono.Zip.7                       : onSubscribe([Fuseable] MonoZip.ZipCoordinator)
2025-07-31T18:32:43.972+03:00  INFO 13046 --- [reactor-http-kqueue-3] reactor.Mono.Zip.7                       : request(unbounded)
2025-07-31T18:32:43.972+03:00  INFO 13046 --- [reactor-http-kqueue-3] r.yandex.practicum.service.ItemService   : Start getItemDtoById: id=1
2025-07-31T18:32:43.973+03:00  INFO 13046 --- [reactor-http-kqueue-3] reactor.Mono.FlatMap.6                   : | onSubscribe([Fuseable] FluxHide.SuppressFuseableSubscriber)
2025-07-31T18:32:43.973+03:00  INFO 13046 --- [reactor-http-kqueue-3] reactor.Mono.FlatMap.6                   : | request(unbounded)
2025-07-31T18:32:44.066+03:00  INFO 13046 --- [reactor-tcp-kqueue-7] reactor.Mono.FlatMap.6                   : | onNext(ItemDto(id=1, title=123, description=123, imagePath=http://localhost:8084/items/image/1, count=0, price=123))
2025-07-31T18:32:44.067+03:00  INFO 13046 --- [reactor-tcp-kqueue-7] reactor.Mono.Zip.7                       : onNext(ItemDto(id=1, title=123, description=123, imagePath=http://localhost:8084/items/image/1, count=1, price=123))
2025-07-31T18:32:44.069+03:00  INFO 13046 --- [reactor-tcp-kqueue-7] reactor.Mono.Zip.7                       : onComplete()
2025-07-31T18:32:44.069+03:00  INFO 13046 --- [reactor-tcp-kqueue-7] reactor.Mono.FlatMap.6                   : | onComplete()
2025-07-31T18:32:48.028+03:00  INFO 13046 --- [reactor-http-kqueue-3] r.yandex.practicum.service.ItemService   : Start actionWithItemInCart: itemId=1, action=plus
2025-07-31T18:32:48.029+03:00  INFO 13046 --- [reactor-http-kqueue-3] r.yandex.practicum.service.ItemService   : Processing actionWithItemInCart: itemsInCart=MonoJust
2025-07-31T18:32:48.030+03:00  INFO 13046 --- [reactor-http-kqueue-3] reactor.Mono.Zip.10                      : onSubscribe([Fuseable] MonoZip.ZipCoordinator)
2025-07-31T18:32:48.030+03:00  INFO 13046 --- [reactor-http-kqueue-3] reactor.Mono.Zip.10                      : request(unbounded)
2025-07-31T18:32:48.031+03:00  INFO 13046 --- [reactor-http-kqueue-3] reactor.Mono.FlatMap.9                   : | onSubscribe([Synchronous Fuseable] Operators.ScalarSubscription)
2025-07-31T18:32:48.031+03:00  INFO 13046 --- [reactor-http-kqueue-3] reactor.Mono.FlatMap.9                   : | request(unbounded)
2025-07-31T18:32:48.032+03:00  INFO 13046 --- [reactor-http-kqueue-3] reactor.Mono.FlatMap.9                   : | onNext(ItemDto(id=1, title=123, description=123, imagePath=http://localhost:8084/items/image/1, count=1, price=123))
2025-07-31T18:32:48.033+03:00  INFO 13046 --- [reactor-http-kqueue-3] reactor.Mono.FlatMap.9                   : | onComplete()
2025-07-31T18:32:48.033+03:00  INFO 13046 --- [reactor-http-kqueue-3] reactor.Mono.Zip.10                      : onNext(ItemDto(id=1, title=123, description=123, imagePath=http://localhost:8084/items/image/1, count=2, price=123))
2025-07-31T18:32:48.036+03:00  INFO 13046 --- [reactor-http-kqueue-3] reactor.Mono.Zip.10                      : onComplete()
2025-07-31T18:32:48.042+03:00  INFO 13046 --- [lettuce-kqueueEventLoop-5-3] r.yandex.practicum.service.ItemService   : Start getItemDtoById: id=1
2025-07-31T18:32:58.825+03:00  INFO 13046 --- [reactor-http-kqueue-3] r.yandex.practicum.service.ItemService   : Start actionWithItemInCart: itemId=1, action=plus
2025-07-31T18:32:58.825+03:00  INFO 13046 --- [reactor-http-kqueue-3] r.yandex.practicum.service.ItemService   : Processing actionWithItemInCart: itemsInCart=MonoJust
2025-07-31T18:32:58.825+03:00  INFO 13046 --- [reactor-http-kqueue-3] reactor.Mono.Zip.13                      : onSubscribe([Fuseable] MonoZip.ZipCoordinator)
2025-07-31T18:32:58.825+03:00  INFO 13046 --- [reactor-http-kqueue-3] reactor.Mono.Zip.13                      : request(unbounded)
2025-07-31T18:32:58.825+03:00  INFO 13046 --- [reactor-http-kqueue-3] reactor.Mono.FlatMap.12                  : | onSubscribe([Synchronous Fuseable] Operators.ScalarSubscription)
2025-07-31T18:32:58.825+03:00  INFO 13046 --- [reactor-http-kqueue-3] reactor.Mono.FlatMap.12                  : | request(unbounded)
2025-07-31T18:32:58.825+03:00  INFO 13046 --- [reactor-http-kqueue-3] reactor.Mono.FlatMap.12                  : | onNext(ItemDto(id=1, title=123, description=123, imagePath=http://localhost:8084/items/image/1, count=2, price=123))
2025-07-31T18:32:58.825+03:00  INFO 13046 --- [reactor-http-kqueue-3] reactor.Mono.FlatMap.12                  : | onComplete()
2025-07-31T18:32:58.825+03:00  INFO 13046 --- [reactor-http-kqueue-3] reactor.Mono.Zip.13                      : onNext(ItemDto(id=1, title=123, description=123, imagePath=http://localhost:8084/items/image/1, count=3, price=123))
2025-07-31T18:32:58.826+03:00  INFO 13046 --- [reactor-http-kqueue-3] reactor.Mono.Zip.13                      : onComplete()
2025-07-31T18:32:58.833+03:00  INFO 13046 --- [lettuce-kqueueEventLoop-5-3] r.yandex.practicum.service.ItemService   : Start getItemDtoById: id=1
2025-07-31T18:34:43.718+03:00  INFO 13046 --- [reactor-http-kqueue-8] r.yandex.practicum.service.ItemService   : Start getPaging: pageNumber=1, pageSize=10
2025-07-31T18:34:43.719+03:00  INFO 13046 --- [reactor-http-kqueue-8] r.yandex.practicum.service.ItemService   : Start getItems: pageNumber=1, pageSize=10, sort=NO, search=
2025-07-31T18:34:43.720+03:00  INFO 13046 --- [reactor-http-kqueue-8] reactor.Mono.MapFuseable.16              : | onSubscribe([Fuseable] FluxMapFuseable.MapFuseableConditionalSubscriber)
2025-07-31T18:34:43.720+03:00  INFO 13046 --- [reactor-http-kqueue-8] reactor.Mono.MapFuseable.16              : | request(unbounded)
2025-07-31T18:34:44.388+03:00  INFO 13046 --- [reactor-tcp-kqueue-4] reactor.Mono.MapFuseable.16              : | onNext([[ItemDto(id=1, title=123, description=123, imagePath=http://localhost:8084/items/image/1, count=0, price=123), ItemDto(id=2, title=wefawef, description=afwef, imagePath=http://localhost:8084/items/image/2, count=0, price=12313), ItemDto(id=3, title=товар1, description=Товар, imagePath=http://localhost:8084/items/image/3, count=0, price=12345), ItemDto(id=4, title=df, description=fads, imagePath=http://localhost:8084/items/image/4, count=0, price=21351524635765), ItemDto(id=6, title=товар новый, description=Товар, imagePath=http://localhost:8084/items/image/6, count=0, price=5)], [ItemDto(id=9, title=test3, description=test3, imagePath=http://localhost:8084/items/image/9, count=0, price=130), ItemDto(id=10, title=test4, description=test4, imagePath=http://localhost:8084/items/image/10, count=0, price=140), ItemDto(id=11, title=test5, description=test5, imagePath=http://localhost:8084/items/image/11, count=0, price=150), ItemDto(id=12, title=test5, description=test5, imagePath=http://localhost:8084/items/image/12, count=0, price=150), ItemDto(id=13, title=test6, description=test6, imagePath=http://localhost:8084/items/image/13, count=0, price=160)]])
2025-07-31T18:34:44.393+03:00  INFO 13046 --- [reactor-tcp-kqueue-4] reactor.Mono.MapFuseable.16              : | onComplete()
2025-07-31T18:34:45.932+03:00  INFO 13046 --- [lettuce-kqueueEventLoop-5-3] r.yandex.practicum.service.ItemService   : Start getItemDtoById: id=1
2025-07-31T18:34:47.813+03:00  INFO 13046 --- [reactor-http-kqueue-8] r.yandex.practicum.service.ItemService   : Start actionWithItemInCart: itemId=1, action=plus
2025-07-31T18:34:47.814+03:00  INFO 13046 --- [reactor-http-kqueue-8] r.yandex.practicum.service.ItemService   : Processing actionWithItemInCart: itemsInCart=MonoJust
2025-07-31T18:34:47.814+03:00  INFO 13046 --- [reactor-http-kqueue-8] reactor.Mono.Zip.20                      : onSubscribe([Fuseable] MonoZip.ZipCoordinator)
2025-07-31T18:34:47.814+03:00  INFO 13046 --- [reactor-http-kqueue-8] reactor.Mono.Zip.20                      : request(unbounded)
2025-07-31T18:34:47.815+03:00  INFO 13046 --- [reactor-http-kqueue-8] reactor.Mono.FlatMap.19                  : | onSubscribe([Synchronous Fuseable] Operators.ScalarSubscription)
2025-07-31T18:34:47.815+03:00  INFO 13046 --- [reactor-http-kqueue-8] reactor.Mono.FlatMap.19                  : | request(unbounded)
2025-07-31T18:34:47.815+03:00  INFO 13046 --- [reactor-http-kqueue-8] reactor.Mono.FlatMap.19                  : | onNext(ItemDto(id=1, title=123, description=123, imagePath=http://localhost:8084/items/image/1, count=3, price=123))
2025-07-31T18:34:47.816+03:00  INFO 13046 --- [reactor-http-kqueue-8] reactor.Mono.FlatMap.19                  : | onComplete()
2025-07-31T18:34:47.816+03:00  INFO 13046 --- [reactor-http-kqueue-8] reactor.Mono.Zip.20                      : onNext(ItemDto(id=1, title=123, description=123, imagePath=http://localhost:8084/items/image/1, count=4, price=123))
2025-07-31T18:34:47.819+03:00  INFO 13046 --- [reactor-http-kqueue-8] reactor.Mono.Zip.20                      : onComplete()
2025-07-31T18:34:49.226+03:00  INFO 13046 --- [reactor-http-kqueue-8] r.yandex.practicum.service.ItemService   : Start actionWithItemInCart: itemId=1, action=plus
2025-07-31T18:34:49.226+03:00  INFO 13046 --- [reactor-http-kqueue-8] r.yandex.practicum.service.ItemService   : Processing actionWithItemInCart: itemsInCart=MonoJust
2025-07-31T18:34:49.227+03:00  INFO 13046 --- [reactor-http-kqueue-8] reactor.Mono.Zip.23                      : onSubscribe([Fuseable] MonoZip.ZipCoordinator)
2025-07-31T18:34:49.227+03:00  INFO 13046 --- [reactor-http-kqueue-8] reactor.Mono.Zip.23                      : request(unbounded)
2025-07-31T18:34:49.227+03:00  INFO 13046 --- [reactor-http-kqueue-8] reactor.Mono.FlatMap.22                  : | onSubscribe([Synchronous Fuseable] Operators.ScalarSubscription)
2025-07-31T18:34:49.228+03:00  INFO 13046 --- [reactor-http-kqueue-8] reactor.Mono.FlatMap.22                  : | request(unbounded)
2025-07-31T18:34:49.228+03:00  INFO 13046 --- [reactor-http-kqueue-8] reactor.Mono.FlatMap.22                  : | onNext(ItemDto(id=1, title=123, description=123, imagePath=http://localhost:8084/items/image/1, count=4, price=123))
2025-07-31T18:34:49.228+03:00  INFO 13046 --- [reactor-http-kqueue-8] reactor.Mono.FlatMap.22                  : | onComplete()
2025-07-31T18:34:49.228+03:00  INFO 13046 --- [reactor-http-kqueue-8] reactor.Mono.Zip.23                      : onNext(ItemDto(id=1, title=123, description=123, imagePath=http://localhost:8084/items/image/1, count=5, price=123))
2025-07-31T18:34:49.232+03:00  INFO 13046 --- [reactor-http-kqueue-8] reactor.Mono.Zip.23                      : onComplete()
2025-07-31T18:34:51.458+03:00  INFO 13046 --- [reactor-http-kqueue-8] r.yandex.practicum.service.ItemService   : Start actionWithItemInCart: itemId=1, action=plus
2025-07-31T18:34:51.459+03:00  INFO 13046 --- [reactor-http-kqueue-8] r.yandex.practicum.service.ItemService   : Processing actionWithItemInCart: itemsInCart=MonoJust
2025-07-31T18:34:51.460+03:00  INFO 13046 --- [reactor-http-kqueue-8] reactor.Mono.Zip.26                      : onSubscribe([Fuseable] MonoZip.ZipCoordinator)
2025-07-31T18:34:51.460+03:00  INFO 13046 --- [reactor-http-kqueue-8] reactor.Mono.Zip.26                      : request(unbounded)
2025-07-31T18:34:51.460+03:00  INFO 13046 --- [reactor-http-kqueue-8] reactor.Mono.FlatMap.25                  : | onSubscribe([Synchronous Fuseable] Operators.ScalarSubscription)
2025-07-31T18:34:51.460+03:00  INFO 13046 --- [reactor-http-kqueue-8] reactor.Mono.FlatMap.25                  : | request(unbounded)
2025-07-31T18:34:51.460+03:00  INFO 13046 --- [reactor-http-kqueue-8] reactor.Mono.FlatMap.25                  : | onNext(ItemDto(id=1, title=123, description=123, imagePath=http://localhost:8084/items/image/1, count=5, price=123))
2025-07-31T18:34:51.460+03:00  INFO 13046 --- [reactor-http-kqueue-8] reactor.Mono.FlatMap.25                  : | onComplete()
2025-07-31T18:34:51.460+03:00  INFO 13046 --- [reactor-http-kqueue-8] reactor.Mono.Zip.26                      : onNext(ItemDto(id=1, title=123, description=123, imagePath=http://localhost:8084/items/image/1, count=6, price=123))
2025-07-31T18:34:51.463+03:00  INFO 13046 --- [reactor-http-kqueue-8] reactor.Mono.Zip.26                      : onComplete()
2025-07-31T18:34:51.473+03:00  INFO 13046 --- [lettuce-kqueueEventLoop-5-3] r.yandex.practicum.service.ItemService   : Start getItemDtoById: id=1
2025-07-31T18:34:53.248+03:00  INFO 13046 --- [reactor-http-kqueue-8] r.yandex.practicum.service.ItemService   : Start getPaging: pageNumber=1, pageSize=10
2025-07-31T18:34:53.254+03:00  INFO 13046 --- [reactor-http-kqueue-8] r.yandex.practicum.service.ItemService   : Start getItems: pageNumber=1, pageSize=10, sort=NO, search=
2025-07-31T18:34:53.256+03:00  INFO 13046 --- [reactor-http-kqueue-8] reactor.Mono.MapFuseable.28              : | onSubscribe([Fuseable] FluxMapFuseable.MapFuseableConditionalSubscriber)
2025-07-31T18:34:53.258+03:00  INFO 13046 --- [reactor-http-kqueue-8] reactor.Mono.MapFuseable.28              : | request(unbounded)
2025-07-31T18:34:53.967+03:00  INFO 13046 --- [reactor-tcp-kqueue-4] reactor.Mono.MapFuseable.28              : | onNext([[ItemDto(id=1, title=123, description=123, imagePath=http://localhost:8084/items/image/1, count=0, price=123), ItemDto(id=2, title=wefawef, description=afwef, imagePath=http://localhost:8084/items/image/2, count=0, price=12313), ItemDto(id=3, title=товар1, description=Товар, imagePath=http://localhost:8084/items/image/3, count=0, price=12345), ItemDto(id=4, title=df, description=fads, imagePath=http://localhost:8084/items/image/4, count=0, price=21351524635765), ItemDto(id=6, title=товар новый, description=Товар, imagePath=http://localhost:8084/items/image/6, count=0, price=5)], [ItemDto(id=9, title=test3, description=test3, imagePath=http://localhost:8084/items/image/9, count=0, price=130), ItemDto(id=10, title=test4, description=test4, imagePath=http://localhost:8084/items/image/10, count=0, price=140), ItemDto(id=11, title=test5, description=test5, imagePath=http://localhost:8084/items/image/11, count=0, price=150), ItemDto(id=12, title=test5, description=test5, imagePath=http://localhost:8084/items/image/12, count=0, price=150), ItemDto(id=13, title=test6, description=test6, imagePath=http://localhost:8084/items/image/13, count=0, price=160)]])
2025-07-31T18:34:53.970+03:00  INFO 13046 --- [reactor-tcp-kqueue-4] reactor.Mono.MapFuseable.28              : | onComplete()
2025-07-31T18:35:03.022+03:00  INFO 13046 --- [SpringApplicationShutdownHook] o.s.b.w.embedded.netty.GracefulShutdown  : Commencing graceful shutdown. Waiting for active requests to complete
2025-07-31T18:35:03.023+03:00  INFO 13046 --- [netty-shutdown] o.s.b.w.embedded.netty.GracefulShutdown  : Graceful shutdown complete
2025-07-31T18:35:06.830+03:00  INFO 13097 --- [main] ru.yandex.practicum.ShopApplication      : Starting ShopApplication using Java 21.0.6 with PID 13097 (/Users/Dixi/dev/online-shop/shop/build/classes/java/main started by Dixi in /Users/Dixi/dev/online-shop)
2025-07-31T18:35:06.831+03:00  INFO 13097 --- [main] ru.yandex.practicum.ShopApplication      : No active profile set, falling back to 1 default profile: "default"
2025-07-31T18:35:07.074+03:00  INFO 13097 --- [main] .s.d.r.c.RepositoryConfigurationDelegate : Multiple Spring Data modules found, entering strict repository configuration mode
2025-07-31T18:35:07.074+03:00  INFO 13097 --- [main] .s.d.r.c.RepositoryConfigurationDelegate : Bootstrapping Spring Data Redis repositories in DEFAULT mode.
2025-07-31T18:35:07.085+03:00  INFO 13097 --- [main] .s.d.r.c.RepositoryConfigurationDelegate : Finished Spring Data repository scanning in 2 ms. Found 0 Redis repository interfaces.
2025-07-31T18:35:07.089+03:00  INFO 13097 --- [main] .s.d.r.c.RepositoryConfigurationDelegate : Multiple Spring Data modules found, entering strict repository configuration mode
2025-07-31T18:35:07.089+03:00  INFO 13097 --- [main] .s.d.r.c.RepositoryConfigurationDelegate : Bootstrapping Spring Data Redis repositories in DEFAULT mode.
2025-07-31T18:35:07.097+03:00  INFO 13097 --- [main] .RepositoryConfigurationExtensionSupport : Spring Data Redis - Could not safely identify store assignment for repository candidate interface ru.yandex.practicum.repository.ItemInOrderRepository; If you want this repository to be a Redis repository, consider annotating your entities with one of these annotations: org.springframework.data.redis.core.RedisHash (preferred), or consider extending one of the following types with your repository: org.springframework.data.keyvalue.repository.KeyValueRepository
2025-07-31T18:35:07.098+03:00  INFO 13097 --- [main] .RepositoryConfigurationExtensionSupport : Spring Data Redis - Could not safely identify store assignment for repository candidate interface ru.yandex.practicum.repository.ItemRepository; If you want this repository to be a Redis repository, consider annotating your entities with one of these annotations: org.springframework.data.redis.core.RedisHash (preferred), or consider extending one of the following types with your repository: org.springframework.data.keyvalue.repository.KeyValueRepository
2025-07-31T18:35:07.098+03:00  INFO 13097 --- [main] .RepositoryConfigurationExtensionSupport : Spring Data Redis - Could not safely identify store assignment for repository candidate interface ru.yandex.practicum.repository.OrderRepository; If you want this repository to be a Redis repository, consider annotating your entities with one of these annotations: org.springframework.data.redis.core.RedisHash (preferred), or consider extending one of the following types with your repository: org.springframework.data.keyvalue.repository.KeyValueRepository
2025-07-31T18:35:07.098+03:00  INFO 13097 --- [main] .s.d.r.c.RepositoryConfigurationDelegate : Finished Spring Data repository scanning in 8 ms. Found 0 Redis repository interfaces.
2025-07-31T18:35:07.192+03:00  INFO 13097 --- [main] .s.d.r.c.RepositoryConfigurationDelegate : Multiple Spring Data modules found, entering strict repository configuration mode
2025-07-31T18:35:07.192+03:00  INFO 13097 --- [main] .s.d.r.c.RepositoryConfigurationDelegate : Bootstrapping Spring Data R2DBC repositories in DEFAULT mode.
2025-07-31T18:35:07.249+03:00  INFO 13097 --- [main] .s.d.r.c.RepositoryConfigurationDelegate : Finished Spring Data repository scanning in 56 ms. Found 3 R2DBC repository interfaces.
2025-07-31T18:35:07.253+03:00  INFO 13097 --- [main] .s.d.r.c.RepositoryConfigurationDelegate : Multiple Spring Data modules found, entering strict repository configuration mode
2025-07-31T18:35:07.254+03:00  INFO 13097 --- [main] .s.d.r.c.RepositoryConfigurationDelegate : Bootstrapping Spring Data Redis repositories in DEFAULT mode.
2025-07-31T18:35:07.256+03:00  INFO 13097 --- [main] .RepositoryConfigurationExtensionSupport : Spring Data Redis - Could not safely identify store assignment for repository candidate interface ru.yandex.practicum.repository.ItemInOrderRepository; If you want this repository to be a Redis repository, consider annotating your entities with one of these annotations: org.springframework.data.redis.core.RedisHash (preferred), or consider extending one of the following types with your repository: org.springframework.data.keyvalue.repository.KeyValueRepository
2025-07-31T18:35:07.256+03:00  INFO 13097 --- [main] .RepositoryConfigurationExtensionSupport : Spring Data Redis - Could not safely identify store assignment for repository candidate interface ru.yandex.practicum.repository.ItemRepository; If you want this repository to be a Redis repository, consider annotating your entities with one of these annotations: org.springframework.data.redis.core.RedisHash (preferred), or consider extending one of the following types with your repository: org.springframework.data.keyvalue.repository.KeyValueRepository
2025-07-31T18:35:07.256+03:00  INFO 13097 --- [main] .RepositoryConfigurationExtensionSupport : Spring Data Redis - Could not safely identify store assignment for repository candidate interface ru.yandex.practicum.repository.OrderRepository; If you want this repository to be a Redis repository, consider annotating your entities with one of these annotations: org.springframework.data.redis.core.RedisHash (preferred), or consider extending one of the following types with your repository: org.springframework.data.keyvalue.repository.KeyValueRepository
2025-07-31T18:35:07.256+03:00  INFO 13097 --- [main] .s.d.r.c.RepositoryConfigurationDelegate : Finished Spring Data repository scanning in 2 ms. Found 0 Redis repository interfaces.
2025-07-31T18:35:07.665+03:00  INFO 13097 --- [main] r.y.p.configuration.WebConfiguration     : Initialize cart
2025-07-31T18:35:08.613+03:00  INFO 13097 --- [main] o.s.b.web.embedded.netty.NettyWebServer  : Netty started on port 8084 (http)
2025-07-31T18:35:08.814+03:00  INFO 13097 --- [main] ru.yandex.practicum.ShopApplication      : Started ShopApplication in 2.155 seconds (process running for 2.417)
2025-07-31T18:35:18.708+03:00  INFO 13097 --- [reactor-http-kqueue-2] r.yandex.practicum.service.ItemService   : Start getPaging: pageNumber=1, pageSize=10
2025-07-31T18:35:18.739+03:00  INFO 13097 --- [reactor-http-kqueue-2] r.yandex.practicum.service.ItemService   : Start getItems: pageNumber=1, pageSize=10, sort=NO, search=
2025-07-31T18:35:18.747+03:00  INFO 13097 --- [reactor-http-kqueue-2] reactor.Mono.MapFuseable.2               : | onSubscribe([Fuseable] FluxMapFuseable.MapFuseableConditionalSubscriber)
2025-07-31T18:35:18.747+03:00  INFO 13097 --- [reactor-http-kqueue-2] reactor.Mono.MapFuseable.2               : | request(unbounded)
2025-07-31T18:35:19.544+03:00  INFO 13097 --- [reactor-tcp-kqueue-1] reactor.Mono.MapFuseable.2               : | onNext([[ItemDto(id=1, title=123, description=123, imagePath=http://localhost:8084/items/image/1, count=0, price=123), ItemDto(id=2, title=wefawef, description=afwef, imagePath=http://localhost:8084/items/image/2, count=0, price=12313), ItemDto(id=3, title=товар1, description=Товар, imagePath=http://localhost:8084/items/image/3, count=0, price=12345), ItemDto(id=4, title=df, description=fads, imagePath=http://localhost:8084/items/image/4, count=0, price=21351524635765), ItemDto(id=6, title=товар новый, description=Товар, imagePath=http://localhost:8084/items/image/6, count=0, price=5)], [ItemDto(id=9, title=test3, description=test3, imagePath=http://localhost:8084/items/image/9, count=0, price=130), ItemDto(id=10, title=test4, description=test4, imagePath=http://localhost:8084/items/image/10, count=0, price=140), ItemDto(id=11, title=test5, description=test5, imagePath=http://localhost:8084/items/image/11, count=0, price=150), ItemDto(id=12, title=test5, description=test5, imagePath=http://localhost:8084/items/image/12, count=0, price=150), ItemDto(id=13, title=test6, description=test6, imagePath=http://localhost:8084/items/image/13, count=0, price=160)]])
2025-07-31T18:35:19.587+03:00  INFO 13097 --- [reactor-tcp-kqueue-1] reactor.Mono.MapFuseable.2               : | onComplete()
2025-07-31T18:35:21.869+03:00  INFO 13097 --- [reactor-http-kqueue-2] r.yandex.practicum.service.ItemService   : Start actionWithItemInCart: itemId=1, action=plus
2025-07-31T18:35:21.871+03:00  INFO 13097 --- [reactor-http-kqueue-2] reactor.Mono.Zip.6                       : onSubscribe([Fuseable] MonoZip.ZipCoordinator)
2025-07-31T18:35:21.871+03:00  INFO 13097 --- [reactor-http-kqueue-2] reactor.Mono.Zip.6                       : request(unbounded)
2025-07-31T18:35:21.871+03:00  INFO 13097 --- [reactor-http-kqueue-2] reactor.Mono.Just.4                      : | onSubscribe([Synchronous Fuseable] Operators.ScalarSubscription)
2025-07-31T18:35:21.872+03:00  INFO 13097 --- [reactor-http-kqueue-2] reactor.Mono.FlatMap.5                   : | onSubscribe([Fuseable] MonoFlatMap.FlatMapMain)
2025-07-31T18:35:21.872+03:00  INFO 13097 --- [reactor-http-kqueue-2] reactor.Mono.FlatMap.5                   : | request(unbounded)
2025-07-31T18:35:21.872+03:00  INFO 13097 --- [reactor-http-kqueue-2] reactor.Mono.Just.4                      : | request(unbounded)
2025-07-31T18:35:21.872+03:00  INFO 13097 --- [reactor-http-kqueue-2] reactor.Mono.Just.4                      : | onNext({})
2025-07-31T18:35:21.872+03:00  INFO 13097 --- [reactor-http-kqueue-2] r.yandex.practicum.service.ItemService   : Start getItemDtoById: id=1
2025-07-31T18:35:21.873+03:00  INFO 13097 --- [reactor-http-kqueue-2] reactor.Mono.Just.4                      : | onComplete()
2025-07-31T18:35:21.873+03:00  INFO 13097 --- [reactor-http-kqueue-2] reactor.Mono.Just.4                      : | onSubscribe([Synchronous Fuseable] Operators.ScalarSubscription)
2025-07-31T18:35:21.873+03:00  INFO 13097 --- [reactor-http-kqueue-2] reactor.Mono.Just.4                      : | request(unbounded)
2025-07-31T18:35:21.873+03:00  INFO 13097 --- [reactor-http-kqueue-2] reactor.Mono.Just.4                      : | onNext({})
2025-07-31T18:35:21.873+03:00  INFO 13097 --- [reactor-http-kqueue-2] reactor.Mono.Just.4                      : | onComplete()
2025-07-31T18:35:21.970+03:00  INFO 13097 --- [reactor-tcp-kqueue-8] reactor.Mono.FlatMap.5                   : | onNext(ItemDto(id=1, title=123, description=123, imagePath=http://localhost:8084/items/image/1, count=0, price=123))
2025-07-31T18:35:21.970+03:00  INFO 13097 --- [reactor-tcp-kqueue-8] reactor.Mono.Zip.6                       : onNext(ItemDto(id=1, title=123, description=123, imagePath=http://localhost:8084/items/image/1, count=1, price=123))
2025-07-31T18:35:21.972+03:00  INFO 13097 --- [reactor-tcp-kqueue-8] reactor.Mono.Zip.6                       : onComplete()
2025-07-31T18:35:21.972+03:00  INFO 13097 --- [reactor-tcp-kqueue-8] reactor.Mono.FlatMap.5                   : | onComplete()
2025-07-31T18:35:21.975+03:00  INFO 13097 --- [reactor-http-kqueue-2] r.yandex.practicum.service.ItemService   : Start getPaging: pageNumber=1, pageSize=10
2025-07-31T18:35:21.993+03:00 ERROR 13097 --- [lettuce-kqueueEventLoop-5-3] org.thymeleaf.TemplateEngine             : [THYMELEAF][lettuce-kqueueEventLoop-5-3] Exception processing template "main": Exception evaluating SpringEL expression: "'/items/'+item.getId()" (template: "main" - line 56, col 32)

org.thymeleaf.exceptions.TemplateProcessingException: Exception evaluating SpringEL expression: "'/items/'+item.getId()" (template: "main" - line 56, col 32)
	at org.thymeleaf.spring6.expression.SPELVariableExpressionEvaluator.evaluate(SPELVariableExpressionEvaluator.java:292) ~[thymeleaf-spring6-3.1.3.RELEASE.jar:3.1.3.RELEASE]
	at org.thymeleaf.standard.expression.VariableExpression.executeVariableExpression(VariableExpression.java:166) ~[thymeleaf-3.1.3.RELEASE.jar:3.1.3.RELEASE]
	at org.thymeleaf.standard.expression.SimpleExpression.executeSimple(SimpleExpression.java:66) ~[thymeleaf-3.1.3.RELEASE.jar:3.1.3.RELEASE]
	at org.thymeleaf.standard.expression.Expression.execute(Expression.java:109) ~[thymeleaf-3.1.3.RELEASE.jar:3.1.3.RELEASE]
	at org.thymeleaf.standard.expression.Expression.execute(Expression.java:138) ~[thymeleaf-3.1.3.RELEASE.jar:3.1.3.RELEASE]
	at org.thymeleaf.standard.processor.AbstractStandardExpressionAttributeTagProcessor.doProcess(AbstractStandardExpressionAttributeTagProcessor.java:144) ~[thymeleaf-3.1.3.RELEASE.jar:3.1.3.RELEASE]
	at org.thymeleaf.processor.element.AbstractAttributeTagProcessor.doProcess(AbstractAttributeTagProcessor.java:74) ~[thymeleaf-3.1.3.RELEASE.jar:3.1.3.RELEASE]
	at org.thymeleaf.processor.element.AbstractElementTagProcessor.process(AbstractElementTagProcessor.java:95) ~[thymeleaf-3.1.3.RELEASE.jar:3.1.3.RELEASE]
	at org.thymeleaf.util.ProcessorConfigurationUtils$ElementTagProcessorWrapper.process(ProcessorConfigurationUtils.java:633) ~[thymeleaf-3.1.3.RELEASE.jar:3.1.3.RELEASE]
	at org.thymeleaf.engine.ProcessorTemplateHandler.handleOpenElement(ProcessorTemplateHandler.java:1314) ~[thymeleaf-3.1.3.RELEASE.jar:3.1.3.RELEASE]
	at org.thymeleaf.engine.OpenElementTag.beHandled(OpenElementTag.java:205) ~[thymeleaf-3.1.3.RELEASE.jar:3.1.3.RELEASE]
	at org.thymeleaf.engine.Model.process(Model.java:282) ~[thymeleaf-3.1.3.RELEASE.jar:3.1.3.RELEASE]
	at org.thymeleaf.engine.Model.process(Model.java:290) ~[thymeleaf-3.1.3.RELEASE.jar:3.1.3.RELEASE]
	at org.thymeleaf.engine.IteratedGatheringModelProcessable.processIterationModel(IteratedGatheringModelProcessable.java:368) ~[thymeleaf-3.1.3.RELEASE.jar:3.1.3.RELEASE]
	at org.thymeleaf.engine.IteratedGatheringModelProcessable.process(IteratedGatheringModelProcessable.java:222) ~[thymeleaf-3.1.3.RELEASE.jar:3.1.3.RELEASE]
	at org.thymeleaf.engine.ProcessorTemplateHandler.handleCloseElement(ProcessorTemplateHandler.java:1640) ~[thymeleaf-3.1.3.RELEASE.jar:3.1.3.RELEASE]
	at org.thymeleaf.engine.CloseElementTag.beHandled(CloseElementTag.java:139) ~[thymeleaf-3.1.3.RELEASE.jar:3.1.3.RELEASE]
	at org.thymeleaf.engine.Model.process(Model.java:282) ~[thymeleaf-3.1.3.RELEASE.jar:3.1.3.RELEASE]
	at org.thymeleaf.engine.Model.process(Model.java:290) ~[thymeleaf-3.1.3.RELEASE.jar:3.1.3.RELEASE]
	at org.thymeleaf.engine.IteratedGatheringModelProcessable.processIterationModel(IteratedGatheringModelProcessable.java:368) ~[thymeleaf-3.1.3.RELEASE.jar:3.1.3.RELEASE]
	at org.thymeleaf.engine.IteratedGatheringModelProcessable.process(IteratedGatheringModelProcessable.java:222) ~[thymeleaf-3.1.3.RELEASE.jar:3.1.3.RELEASE]
	at org.thymeleaf.engine.ProcessorTemplateHandler.handleCloseElement(ProcessorTemplateHandler.java:1640) ~[thymeleaf-3.1.3.RELEASE.jar:3.1.3.RELEASE]
	at org.thymeleaf.engine.CloseElementTag.beHandled(CloseElementTag.java:139) ~[thymeleaf-3.1.3.RELEASE.jar:3.1.3.RELEASE]
	at org.thymeleaf.engine.TemplateModel.process(TemplateModel.java:136) ~[thymeleaf-3.1.3.RELEASE.jar:3.1.3.RELEASE]
	at org.thymeleaf.engine.TemplateManager.parseAndProcess(TemplateManager.java:592) ~[thymeleaf-3.1.3.RELEASE.jar:3.1.3.RELEASE]
	at org.thymeleaf.TemplateEngine.process(TemplateEngine.java:1103) ~[thymeleaf-3.1.3.RELEASE.jar:3.1.3.RELEASE]
	at org.thymeleaf.TemplateEngine.process(TemplateEngine.java:1077) ~[thymeleaf-3.1.3.RELEASE.jar:3.1.3.RELEASE]
	at org.thymeleaf.spring6.SpringWebFluxTemplateEngine.lambda$createFullStream$0(SpringWebFluxTemplateEngine.java:198) ~[thymeleaf-spring6-3.1.3.RELEASE.jar:3.1.3.RELEASE]
	at reactor.core.publisher.MonoCreate.subscribe(MonoCreate.java:61) ~[reactor-core-3.7.8.jar:3.7.8]
	at reactor.core.publisher.InternalMonoOperator.subscribe(InternalMonoOperator.java:76) ~[reactor-core-3.7.8.jar:3.7.8]
	at reactor.core.publisher.MonoFlatMap$FlatMapMain.onNext(MonoFlatMap.java:165) ~[reactor-core-3.7.8.jar:3.7.8]
	at reactor.core.publisher.MonoIgnoreThen$ThenIgnoreMain.complete(MonoIgnoreThen.java:294) ~[reactor-core-3.7.8.jar:3.7.8]
	at reactor.core.publisher.MonoIgnoreThen$ThenIgnoreMain.onNext(MonoIgnoreThen.java:188) ~[reactor-core-3.7.8.jar:3.7.8]
	at reactor.core.publisher.MonoIgnoreThen$ThenIgnoreMain.subscribeNext(MonoIgnoreThen.java:237) ~[reactor-core-3.7.8.jar:3.7.8]
	at reactor.core.publisher.MonoIgnoreThen$ThenIgnoreMain.onComplete(MonoIgnoreThen.java:204) ~[reactor-core-3.7.8.jar:3.7.8]
	at reactor.core.publisher.MonoPeekTerminal$MonoTerminalPeekSubscriber.onComplete(MonoPeekTerminal.java:299) ~[reactor-core-3.7.8.jar:3.7.8]
	at reactor.core.publisher.MonoWhen$WhenCoordinator.signal(MonoWhen.java:213) ~[reactor-core-3.7.8.jar:3.7.8]
	at reactor.core.publisher.MonoWhen$WhenInner.onComplete(MonoWhen.java:429) ~[reactor-core-3.7.8.jar:3.7.8]
	at reactor.core.publisher.MonoPeekTerminal$MonoTerminalPeekSubscriber.onComplete(MonoPeekTerminal.java:299) ~[reactor-core-3.7.8.jar:3.7.8]
	at reactor.core.publisher.Operators$MultiSubscriptionSubscriber.onComplete(Operators.java:2230) ~[reactor-core-3.7.8.jar:3.7.8]
	at reactor.core.publisher.MonoFlatMap$FlatMapMain.onNext(MonoFlatMap.java:159) ~[reactor-core-3.7.8.jar:3.7.8]
	at reactor.core.publisher.FluxSwitchIfEmpty$SwitchIfEmptySubscriber.onNext(FluxSwitchIfEmpty.java:74) ~[reactor-core-3.7.8.jar:3.7.8]
	at reactor.core.publisher.MonoCompletionStage$MonoCompletionStageSubscription.apply(MonoCompletionStage.java:121) ~[reactor-core-3.7.8.jar:3.7.8]
	at reactor.core.publisher.MonoCompletionStage$MonoCompletionStageSubscription.apply(MonoCompletionStage.java:67) ~[reactor-core-3.7.8.jar:3.7.8]
	at java.base/java.util.concurrent.CompletableFuture.uniHandle(CompletableFuture.java:934) ~[na:na]
	at java.base/java.util.concurrent.CompletableFuture$UniHandle.tryFire(CompletableFuture.java:911) ~[na:na]
	at java.base/java.util.concurrent.CompletableFuture.postComplete(CompletableFuture.java:510) ~[na:na]
	at java.base/java.util.concurrent.CompletableFuture.complete(CompletableFuture.java:2179) ~[na:na]
	at reactor.core.publisher.MonoToCompletableFuture.onNext(MonoToCompletableFuture.java:64) ~[reactor-core-3.7.8.jar:3.7.8]
	at reactor.core.publisher.MonoUsingWhen$MonoUsingWhenSubscriber.deferredComplete(MonoUsingWhen.java:268) ~[reactor-core-3.7.8.jar:3.7.8]
	at reactor.core.publisher.FluxUsingWhen$CommitInner.onComplete(FluxUsingWhen.java:532) ~[reactor-core-3.7.8.jar:3.7.8]
	at reactor.core.publisher.MonoIgnoreElements$IgnoreElementsSubscriber.onComplete(MonoIgnoreElements.java:89) ~[reactor-core-3.7.8.jar:3.7.8]
	at reactor.core.publisher.FluxFlatMap$FlatMapMain.checkTerminated(FluxFlatMap.java:828) ~[reactor-core-3.7.8.jar:3.7.8]
	at reactor.core.publisher.FluxFlatMap$FlatMapMain.drainLoop(FluxFlatMap.java:612) ~[reactor-core-3.7.8.jar:3.7.8]
	at reactor.core.publisher.FluxFlatMap$FlatMapMain.drain(FluxFlatMap.java:592) ~[reactor-core-3.7.8.jar:3.7.8]
	at reactor.core.publisher.FluxFlatMap$FlatMapMain.onComplete(FluxFlatMap.java:469) ~[reactor-core-3.7.8.jar:3.7.8]
	at reactor.core.publisher.FluxArray$ArraySubscription.slowPath(FluxArray.java:137) ~[reactor-core-3.7.8.jar:3.7.8]
	at reactor.core.publisher.FluxArray$ArraySubscription.request(FluxArray.java:99) ~[reactor-core-3.7.8.jar:3.7.8]
	at reactor.core.publisher.FluxFlatMap$FlatMapMain.onSubscribe(FluxFlatMap.java:373) ~[reactor-core-3.7.8.jar:3.7.8]
	at reactor.core.publisher.FluxMerge.subscribe(FluxMerge.java:73) ~[reactor-core-3.7.8.jar:3.7.8]
	at reactor.core.publisher.Mono.subscribe(Mono.java:4576) ~[reactor-core-3.7.8.jar:3.7.8]
	at reactor.core.publisher.FluxUsingWhen$UsingWhenSubscriber.onComplete(FluxUsingWhen.java:389) ~[reactor-core-3.7.8.jar:3.7.8]
	at reactor.core.publisher.MonoCompletionStage$MonoCompletionStageSubscription.apply(MonoCompletionStage.java:122) ~[reactor-core-3.7.8.jar:3.7.8]
	at reactor.core.publisher.MonoCompletionStage$MonoCompletionStageSubscription.apply(MonoCompletionStage.java:67) ~[reactor-core-3.7.8.jar:3.7.8]
	at java.base/java.util.concurrent.CompletableFuture.uniHandle(CompletableFuture.java:934) ~[na:na]
	at java.base/java.util.concurrent.CompletableFuture$UniHandle.tryFire(CompletableFuture.java:911) ~[na:na]
	at java.base/java.util.concurrent.CompletableFuture.postComplete(CompletableFuture.java:510) ~[na:na]
	at java.base/java.util.concurrent.CompletableFuture.complete(CompletableFuture.java:2179) ~[na:na]
	at reactor.core.publisher.MonoToCompletableFuture.onNext(MonoToCompletableFuture.java:64) ~[reactor-core-3.7.8.jar:3.7.8]
	at reactor.core.publisher.FluxMap$MapSubscriber.onNext(FluxMap.java:122) ~[reactor-core-3.7.8.jar:3.7.8]
	at reactor.core.publisher.MonoIgnoreThen$ThenIgnoreMain.complete(MonoIgnoreThen.java:294) ~[reactor-core-3.7.8.jar:3.7.8]
	at reactor.core.publisher.MonoIgnoreThen$ThenIgnoreMain.onNext(MonoIgnoreThen.java:188) ~[reactor-core-3.7.8.jar:3.7.8]
	at reactor.core.publisher.FluxMap$MapSubscriber.onNext(FluxMap.java:122) ~[reactor-core-3.7.8.jar:3.7.8]
	at reactor.core.publisher.FluxFilter$FilterSubscriber.onNext(FluxFilter.java:113) ~[reactor-core-3.7.8.jar:3.7.8]
	at reactor.core.publisher.MonoNext$NextSubscriber.onNext(MonoNext.java:82) ~[reactor-core-3.7.8.jar:3.7.8]
	at reactor.core.publisher.FluxOnErrorResume$ResumeSubscriber.onNext(FluxOnErrorResume.java:79) ~[reactor-core-3.7.8.jar:3.7.8]
	at reactor.core.publisher.MonoFlatMapMany$FlatMapManyInner.onNext(MonoFlatMapMany.java:251) ~[reactor-core-3.7.8.jar:3.7.8]
	at reactor.core.publisher.FluxDefaultIfEmpty$DefaultIfEmptySubscriber.onNext(FluxDefaultIfEmpty.java:122) ~[reactor-core-3.7.8.jar:3.7.8]
	at reactor.core.publisher.FluxMap$MapSubscriber.onNext(FluxMap.java:122) ~[reactor-core-3.7.8.jar:3.7.8]
	at reactor.core.publisher.MonoNext$NextSubscriber.onNext(MonoNext.java:82) ~[reactor-core-3.7.8.jar:3.7.8]
	at reactor.core.publisher.MonoNext$NextSubscriber.onNext(MonoNext.java:82) ~[reactor-core-3.7.8.jar:3.7.8]
	at io.lettuce.core.RedisPublisher$ImmediateSubscriber.onNext(RedisPublisher.java:895) ~[lettuce-core-6.6.0.RELEASE.jar:6.6.0.RELEASE/643bd47]
	at io.lettuce.core.RedisPublisher$RedisSubscription.onNext(RedisPublisher.java:295) ~[lettuce-core-6.6.0.RELEASE.jar:6.6.0.RELEASE/643bd47]
	at io.lettuce.core.RedisPublisher$SubscriptionCommand.doOnComplete(RedisPublisher.java:782) ~[lettuce-core-6.6.0.RELEASE.jar:6.6.0.RELEASE/643bd47]
	at io.lettuce.core.protocol.CommandWrapper.complete(CommandWrapper.java:69) ~[lettuce-core-6.6.0.RELEASE.jar:6.6.0.RELEASE/643bd47]
	at io.lettuce.core.protocol.CommandHandler.complete(CommandHandler.java:769) ~[lettuce-core-6.6.0.RELEASE.jar:6.6.0.RELEASE/643bd47]
	at io.lettuce.core.protocol.CommandHandler.decode(CommandHandler.java:704) ~[lettuce-core-6.6.0.RELEASE.jar:6.6.0.RELEASE/643bd47]
	at io.lettuce.core.protocol.CommandHandler.channelRead(CommandHandler.java:621) ~[lettuce-core-6.6.0.RELEASE.jar:6.6.0.RELEASE/643bd47]
	at io.netty.channel.AbstractChannelHandlerContext.invokeChannelRead(AbstractChannelHandlerContext.java:442) ~[netty-transport-4.1.123.Final.jar:4.1.123.Final]
	at io.netty.channel.AbstractChannelHandlerContext.invokeChannelRead(AbstractChannelHandlerContext.java:420) ~[netty-transport-4.1.123.Final.jar:4.1.123.Final]
	at io.netty.channel.AbstractChannelHandlerContext.fireChannelRead(AbstractChannelHandlerContext.java:412) ~[netty-transport-4.1.123.Final.jar:4.1.123.Final]
	at io.netty.channel.DefaultChannelPipeline$HeadContext.channelRead(DefaultChannelPipeline.java:1357) ~[netty-transport-4.1.123.Final.jar:4.1.123.Final]
	at io.netty.channel.AbstractChannelHandlerContext.invokeChannelRead(AbstractChannelHandlerContext.java:440) ~[netty-transport-4.1.123.Final.jar:4.1.123.Final]
	at io.netty.channel.AbstractChannelHandlerContext.invokeChannelRead(AbstractChannelHandlerContext.java:420) ~[netty-transport-4.1.123.Final.jar:4.1.123.Final]
	at io.netty.channel.DefaultChannelPipeline.fireChannelRead(DefaultChannelPipeline.java:868) ~[netty-transport-4.1.123.Final.jar:4.1.123.Final]
	at io.netty.channel.kqueue.AbstractKQueueStreamChannel$KQueueStreamUnsafe.readReady(AbstractKQueueStreamChannel.java:543) ~[netty-transport-classes-kqueue-4.1.123.Final.jar:4.1.123.Final]
	at io.netty.channel.kqueue.AbstractKQueueChannel$AbstractKQueueUnsafe.readReady(AbstractKQueueChannel.java:390) ~[netty-transport-classes-kqueue-4.1.123.Final.jar:4.1.123.Final]
	at io.netty.channel.kqueue.KQueueEventLoop.processReady(KQueueEventLoop.java:274) ~[netty-transport-classes-kqueue-4.1.123.Final.jar:4.1.123.Final]
	at io.netty.channel.kqueue.KQueueEventLoop.run(KQueueEventLoop.java:352) ~[netty-transport-classes-kqueue-4.1.123.Final.jar:4.1.123.Final]
	at io.netty.util.concurrent.SingleThreadEventExecutor$4.run(SingleThreadEventExecutor.java:998) ~[netty-common-4.1.123.Final.jar:4.1.123.Final]
	at io.netty.util.internal.ThreadExecutorMap$2.run(ThreadExecutorMap.java:74) ~[netty-common-4.1.123.Final.jar:4.1.123.Final]
	at io.netty.util.concurrent.FastThreadLocalRunnable.run(FastThreadLocalRunnable.java:30) ~[netty-common-4.1.123.Final.jar:4.1.123.Final]
	at java.base/java.lang.Thread.run(Thread.java:1583) ~[na:na]
Caused by: org.springframework.expression.spel.SpelEvaluationException: EL1004E: Method call: Method getId() cannot be found on type java.util.LinkedHashMap
	at org.springframework.expression.spel.ast.MethodReference.findAccessorForMethod(MethodReference.java:238) ~[spring-expression-6.2.9.jar:6.2.9]
	at org.springframework.expression.spel.ast.MethodReference.getValueInternal(MethodReference.java:148) ~[spring-expression-6.2.9.jar:6.2.9]
	at org.springframework.expression.spel.ast.MethodReference$MethodValueRef.getValue(MethodReference.java:398) ~[spring-expression-6.2.9.jar:6.2.9]
	at org.springframework.expression.spel.ast.CompoundExpression.getValueInternal(CompoundExpression.java:97) ~[spring-expression-6.2.9.jar:6.2.9]
	at org.springframework.expression.spel.ast.OpPlus.getValueInternal(OpPlus.java:95) ~[spring-expression-6.2.9.jar:6.2.9]
	at org.springframework.expression.spel.ast.SpelNodeImpl.getValue(SpelNodeImpl.java:116) ~[spring-expression-6.2.9.jar:6.2.9]
	at org.springframework.expression.spel.standard.SpelExpression.getValue(SpelExpression.java:338) ~[spring-expression-6.2.9.jar:6.2.9]
	at org.thymeleaf.spring6.expression.SPELVariableExpressionEvaluator.evaluate(SPELVariableExpressionEvaluator.java:265) ~[thymeleaf-spring6-3.1.3.RELEASE.jar:3.1.3.RELEASE]
	... 102 common frames omitted

2025-07-31T18:35:21.995+03:00 ERROR 13097 --- [lettuce-kqueueEventLoop-5-3] o.t.spring6.SpringWebFluxTemplateEngine  : [THYMELEAF][lettuce-kqueueEventLoop-5-3] Exception processing template "main": Exception evaluating SpringEL expression: "'/items/'+item.getId()" (template: "main" - line 56, col 32)

org.thymeleaf.exceptions.TemplateProcessingException: Exception evaluating SpringEL expression: "'/items/'+item.getId()" (template: "main" - line 56, col 32)
	at org.thymeleaf.spring6.expression.SPELVariableExpressionEvaluator.evaluate(SPELVariableExpressionEvaluator.java:292) ~[thymeleaf-spring6-3.1.3.RELEASE.jar:3.1.3.RELEASE]
	at org.thymeleaf.standard.expression.VariableExpression.executeVariableExpression(VariableExpression.java:166) ~[thymeleaf-3.1.3.RELEASE.jar:3.1.3.RELEASE]
	at org.thymeleaf.standard.expression.SimpleExpression.executeSimple(SimpleExpression.java:66) ~[thymeleaf-3.1.3.RELEASE.jar:3.1.3.RELEASE]
	at org.thymeleaf.standard.expression.Expression.execute(Expression.java:109) ~[thymeleaf-3.1.3.RELEASE.jar:3.1.3.RELEASE]
	at org.thymeleaf.standard.expression.Expression.execute(Expression.java:138) ~[thymeleaf-3.1.3.RELEASE.jar:3.1.3.RELEASE]
	at org.thymeleaf.standard.processor.AbstractStandardExpressionAttributeTagProcessor.doProcess(AbstractStandardExpressionAttributeTagProcessor.java:144) ~[thymeleaf-3.1.3.RELEASE.jar:3.1.3.RELEASE]
	at org.thymeleaf.processor.element.AbstractAttributeTagProcessor.doProcess(AbstractAttributeTagProcessor.java:74) ~[thymeleaf-3.1.3.RELEASE.jar:3.1.3.RELEASE]
	at org.thymeleaf.processor.element.AbstractElementTagProcessor.process(AbstractElementTagProcessor.java:95) ~[thymeleaf-3.1.3.RELEASE.jar:3.1.3.RELEASE]
	at org.thymeleaf.util.ProcessorConfigurationUtils$ElementTagProcessorWrapper.process(ProcessorConfigurationUtils.java:633) ~[thymeleaf-3.1.3.RELEASE.jar:3.1.3.RELEASE]
	at org.thymeleaf.engine.ProcessorTemplateHandler.handleOpenElement(ProcessorTemplateHandler.java:1314) ~[thymeleaf-3.1.3.RELEASE.jar:3.1.3.RELEASE]
	at org.thymeleaf.engine.OpenElementTag.beHandled(OpenElementTag.java:205) ~[thymeleaf-3.1.3.RELEASE.jar:3.1.3.RELEASE]
	at org.thymeleaf.engine.Model.process(Model.java:282) ~[thymeleaf-3.1.3.RELEASE.jar:3.1.3.RELEASE]
	at org.thymeleaf.engine.Model.process(Model.java:290) ~[thymeleaf-3.1.3.RELEASE.jar:3.1.3.RELEASE]
	at org.thymeleaf.engine.IteratedGatheringModelProcessable.processIterationModel(IteratedGatheringModelProcessable.java:368) ~[thymeleaf-3.1.3.RELEASE.jar:3.1.3.RELEASE]
	at org.thymeleaf.engine.IteratedGatheringModelProcessable.process(IteratedGatheringModelProcessable.java:222) ~[thymeleaf-3.1.3.RELEASE.jar:3.1.3.RELEASE]
	at org.thymeleaf.engine.ProcessorTemplateHandler.handleCloseElement(ProcessorTemplateHandler.java:1640) ~[thymeleaf-3.1.3.RELEASE.jar:3.1.3.RELEASE]
	at org.thymeleaf.engine.CloseElementTag.beHandled(CloseElementTag.java:139) ~[thymeleaf-3.1.3.RELEASE.jar:3.1.3.RELEASE]
	at org.thymeleaf.engine.Model.process(Model.java:282) ~[thymeleaf-3.1.3.RELEASE.jar:3.1.3.RELEASE]
	at org.thymeleaf.engine.Model.process(Model.java:290) ~[thymeleaf-3.1.3.RELEASE.jar:3.1.3.RELEASE]
	at org.thymeleaf.engine.IteratedGatheringModelProcessable.processIterationModel(IteratedGatheringModelProcessable.java:368) ~[thymeleaf-3.1.3.RELEASE.jar:3.1.3.RELEASE]
	at org.thymeleaf.engine.IteratedGatheringModelProcessable.process(IteratedGatheringModelProcessable.java:222) ~[thymeleaf-3.1.3.RELEASE.jar:3.1.3.RELEASE]
	at org.thymeleaf.engine.ProcessorTemplateHandler.handleCloseElement(ProcessorTemplateHandler.java:1640) ~[thymeleaf-3.1.3.RELEASE.jar:3.1.3.RELEASE]
	at org.thymeleaf.engine.CloseElementTag.beHandled(CloseElementTag.java:139) ~[thymeleaf-3.1.3.RELEASE.jar:3.1.3.RELEASE]
	at org.thymeleaf.engine.TemplateModel.process(TemplateModel.java:136) ~[thymeleaf-3.1.3.RELEASE.jar:3.1.3.RELEASE]
	at org.thymeleaf.engine.TemplateManager.parseAndProcess(TemplateManager.java:592) ~[thymeleaf-3.1.3.RELEASE.jar:3.1.3.RELEASE]
	at org.thymeleaf.TemplateEngine.process(TemplateEngine.java:1103) ~[thymeleaf-3.1.3.RELEASE.jar:3.1.3.RELEASE]
	at org.thymeleaf.TemplateEngine.process(TemplateEngine.java:1077) ~[thymeleaf-3.1.3.RELEASE.jar:3.1.3.RELEASE]
	at org.thymeleaf.spring6.SpringWebFluxTemplateEngine.lambda$createFullStream$0(SpringWebFluxTemplateEngine.java:198) ~[thymeleaf-spring6-3.1.3.RELEASE.jar:3.1.3.RELEASE]
	at reactor.core.publisher.MonoCreate.subscribe(MonoCreate.java:61) ~[reactor-core-3.7.8.jar:3.7.8]
	at reactor.core.publisher.InternalMonoOperator.subscribe(InternalMonoOperator.java:76) ~[reactor-core-3.7.8.jar:3.7.8]
	at reactor.core.publisher.MonoFlatMap$FlatMapMain.onNext(MonoFlatMap.java:165) ~[reactor-core-3.7.8.jar:3.7.8]
	at reactor.core.publisher.MonoIgnoreThen$ThenIgnoreMain.complete(MonoIgnoreThen.java:294) ~[reactor-core-3.7.8.jar:3.7.8]
	at reactor.core.publisher.MonoIgnoreThen$ThenIgnoreMain.onNext(MonoIgnoreThen.java:188) ~[reactor-core-3.7.8.jar:3.7.8]
	at reactor.core.publisher.MonoIgnoreThen$ThenIgnoreMain.subscribeNext(MonoIgnoreThen.java:237) ~[reactor-core-3.7.8.jar:3.7.8]
	at reactor.core.publisher.MonoIgnoreThen$ThenIgnoreMain.onComplete(MonoIgnoreThen.java:204) ~[reactor-core-3.7.8.jar:3.7.8]
	at reactor.core.publisher.MonoPeekTerminal$MonoTerminalPeekSubscriber.onComplete(MonoPeekTerminal.java:299) ~[reactor-core-3.7.8.jar:3.7.8]
	at reactor.core.publisher.MonoWhen$WhenCoordinator.signal(MonoWhen.java:213) ~[reactor-core-3.7.8.jar:3.7.8]
	at reactor.core.publisher.MonoWhen$WhenInner.onComplete(MonoWhen.java:429) ~[reactor-core-3.7.8.jar:3.7.8]
	at reactor.core.publisher.MonoPeekTerminal$MonoTerminalPeekSubscriber.onComplete(MonoPeekTerminal.java:299) ~[reactor-core-3.7.8.jar:3.7.8]
	at reactor.core.publisher.Operators$MultiSubscriptionSubscriber.onComplete(Operators.java:2230) ~[reactor-core-3.7.8.jar:3.7.8]
	at reactor.core.publisher.MonoFlatMap$FlatMapMain.onNext(MonoFlatMap.java:159) ~[reactor-core-3.7.8.jar:3.7.8]
	at reactor.core.publisher.FluxSwitchIfEmpty$SwitchIfEmptySubscriber.onNext(FluxSwitchIfEmpty.java:74) ~[reactor-core-3.7.8.jar:3.7.8]
	at reactor.core.publisher.MonoCompletionStage$MonoCompletionStageSubscription.apply(MonoCompletionStage.java:121) ~[reactor-core-3.7.8.jar:3.7.8]
	at reactor.core.publisher.MonoCompletionStage$MonoCompletionStageSubscription.apply(MonoCompletionStage.java:67) ~[reactor-core-3.7.8.jar:3.7.8]
	at java.base/java.util.concurrent.CompletableFuture.uniHandle(CompletableFuture.java:934) ~[na:na]
	at java.base/java.util.concurrent.CompletableFuture$UniHandle.tryFire(CompletableFuture.java:911) ~[na:na]
	at java.base/java.util.concurrent.CompletableFuture.postComplete(CompletableFuture.java:510) ~[na:na]
	at java.base/java.util.concurrent.CompletableFuture.complete(CompletableFuture.java:2179) ~[na:na]
	at reactor.core.publisher.MonoToCompletableFuture.onNext(MonoToCompletableFuture.java:64) ~[reactor-core-3.7.8.jar:3.7.8]
	at reactor.core.publisher.MonoUsingWhen$MonoUsingWhenSubscriber.deferredComplete(MonoUsingWhen.java:268) ~[reactor-core-3.7.8.jar:3.7.8]
	at reactor.core.publisher.FluxUsingWhen$CommitInner.onComplete(FluxUsingWhen.java:532) ~[reactor-core-3.7.8.jar:3.7.8]
	at reactor.core.publisher.MonoIgnoreElements$IgnoreElementsSubscriber.onComplete(MonoIgnoreElements.java:89) ~[reactor-core-3.7.8.jar:3.7.8]
	at reactor.core.publisher.FluxFlatMap$FlatMapMain.checkTerminated(FluxFlatMap.java:828) ~[reactor-core-3.7.8.jar:3.7.8]
	at reactor.core.publisher.FluxFlatMap$FlatMapMain.drainLoop(FluxFlatMap.java:612) ~[reactor-core-3.7.8.jar:3.7.8]
	at reactor.core.publisher.FluxFlatMap$FlatMapMain.drain(FluxFlatMap.java:592) ~[reactor-core-3.7.8.jar:3.7.8]
	at reactor.core.publisher.FluxFlatMap$FlatMapMain.onComplete(FluxFlatMap.java:469) ~[reactor-core-3.7.8.jar:3.7.8]
	at reactor.core.publisher.FluxArray$ArraySubscription.slowPath(FluxArray.java:137) ~[reactor-core-3.7.8.jar:3.7.8]
	at reactor.core.publisher.FluxArray$ArraySubscription.request(FluxArray.java:99) ~[reactor-core-3.7.8.jar:3.7.8]
	at reactor.core.publisher.FluxFlatMap$FlatMapMain.onSubscribe(FluxFlatMap.java:373) ~[reactor-core-3.7.8.jar:3.7.8]
	at reactor.core.publisher.FluxMerge.subscribe(FluxMerge.java:73) ~[reactor-core-3.7.8.jar:3.7.8]
	at reactor.core.publisher.Mono.subscribe(Mono.java:4576) ~[reactor-core-3.7.8.jar:3.7.8]
	at reactor.core.publisher.FluxUsingWhen$UsingWhenSubscriber.onComplete(FluxUsingWhen.java:389) ~[reactor-core-3.7.8.jar:3.7.8]
	at reactor.core.publisher.MonoCompletionStage$MonoCompletionStageSubscription.apply(MonoCompletionStage.java:122) ~[reactor-core-3.7.8.jar:3.7.8]
	at reactor.core.publisher.MonoCompletionStage$MonoCompletionStageSubscription.apply(MonoCompletionStage.java:67) ~[reactor-core-3.7.8.jar:3.7.8]
	at java.base/java.util.concurrent.CompletableFuture.uniHandle(CompletableFuture.java:934) ~[na:na]
	at java.base/java.util.concurrent.CompletableFuture$UniHandle.tryFire(CompletableFuture.java:911) ~[na:na]
	at java.base/java.util.concurrent.CompletableFuture.postComplete(CompletableFuture.java:510) ~[na:na]
	at java.base/java.util.concurrent.CompletableFuture.complete(CompletableFuture.java:2179) ~[na:na]
	at reactor.core.publisher.MonoToCompletableFuture.onNext(MonoToCompletableFuture.java:64) ~[reactor-core-3.7.8.jar:3.7.8]
	at reactor.core.publisher.FluxMap$MapSubscriber.onNext(FluxMap.java:122) ~[reactor-core-3.7.8.jar:3.7.8]
	at reactor.core.publisher.MonoIgnoreThen$ThenIgnoreMain.complete(MonoIgnoreThen.java:294) ~[reactor-core-3.7.8.jar:3.7.8]
	at reactor.core.publisher.MonoIgnoreThen$ThenIgnoreMain.onNext(MonoIgnoreThen.java:188) ~[reactor-core-3.7.8.jar:3.7.8]
	at reactor.core.publisher.FluxMap$MapSubscriber.onNext(FluxMap.java:122) ~[reactor-core-3.7.8.jar:3.7.8]
	at reactor.core.publisher.FluxFilter$FilterSubscriber.onNext(FluxFilter.java:113) ~[reactor-core-3.7.8.jar:3.7.8]
	at reactor.core.publisher.MonoNext$NextSubscriber.onNext(MonoNext.java:82) ~[reactor-core-3.7.8.jar:3.7.8]
	at reactor.core.publisher.FluxOnErrorResume$ResumeSubscriber.onNext(FluxOnErrorResume.java:79) ~[reactor-core-3.7.8.jar:3.7.8]
	at reactor.core.publisher.MonoFlatMapMany$FlatMapManyInner.onNext(MonoFlatMapMany.java:251) ~[reactor-core-3.7.8.jar:3.7.8]
	at reactor.core.publisher.FluxDefaultIfEmpty$DefaultIfEmptySubscriber.onNext(FluxDefaultIfEmpty.java:122) ~[reactor-core-3.7.8.jar:3.7.8]
	at reactor.core.publisher.FluxMap$MapSubscriber.onNext(FluxMap.java:122) ~[reactor-core-3.7.8.jar:3.7.8]
	at reactor.core.publisher.MonoNext$NextSubscriber.onNext(MonoNext.java:82) ~[reactor-core-3.7.8.jar:3.7.8]
	at reactor.core.publisher.MonoNext$NextSubscriber.onNext(MonoNext.java:82) ~[reactor-core-3.7.8.jar:3.7.8]
	at io.lettuce.core.RedisPublisher$ImmediateSubscriber.onNext(RedisPublisher.java:895) ~[lettuce-core-6.6.0.RELEASE.jar:6.6.0.RELEASE/643bd47]
	at io.lettuce.core.RedisPublisher$RedisSubscription.onNext(RedisPublisher.java:295) ~[lettuce-core-6.6.0.RELEASE.jar:6.6.0.RELEASE/643bd47]
	at io.lettuce.core.RedisPublisher$SubscriptionCommand.doOnComplete(RedisPublisher.java:782) ~[lettuce-core-6.6.0.RELEASE.jar:6.6.0.RELEASE/643bd47]
	at io.lettuce.core.protocol.CommandWrapper.complete(CommandWrapper.java:69) ~[lettuce-core-6.6.0.RELEASE.jar:6.6.0.RELEASE/643bd47]
	at io.lettuce.core.protocol.CommandHandler.complete(CommandHandler.java:769) ~[lettuce-core-6.6.0.RELEASE.jar:6.6.0.RELEASE/643bd47]
	at io.lettuce.core.protocol.CommandHandler.decode(CommandHandler.java:704) ~[lettuce-core-6.6.0.RELEASE.jar:6.6.0.RELEASE/643bd47]
	at io.lettuce.core.protocol.CommandHandler.channelRead(CommandHandler.java:621) ~[lettuce-core-6.6.0.RELEASE.jar:6.6.0.RELEASE/643bd47]
	at io.netty.channel.AbstractChannelHandlerContext.invokeChannelRead(AbstractChannelHandlerContext.java:442) ~[netty-transport-4.1.123.Final.jar:4.1.123.Final]
	at io.netty.channel.AbstractChannelHandlerContext.invokeChannelRead(AbstractChannelHandlerContext.java:420) ~[netty-transport-4.1.123.Final.jar:4.1.123.Final]
	at io.netty.channel.AbstractChannelHandlerContext.fireChannelRead(AbstractChannelHandlerContext.java:412) ~[netty-transport-4.1.123.Final.jar:4.1.123.Final]
	at io.netty.channel.DefaultChannelPipeline$HeadContext.channelRead(DefaultChannelPipeline.java:1357) ~[netty-transport-4.1.123.Final.jar:4.1.123.Final]
	at io.netty.channel.AbstractChannelHandlerContext.invokeChannelRead(AbstractChannelHandlerContext.java:440) ~[netty-transport-4.1.123.Final.jar:4.1.123.Final]
	at io.netty.channel.AbstractChannelHandlerContext.invokeChannelRead(AbstractChannelHandlerContext.java:420) ~[netty-transport-4.1.123.Final.jar:4.1.123.Final]
	at io.netty.channel.DefaultChannelPipeline.fireChannelRead(DefaultChannelPipeline.java:868) ~[netty-transport-4.1.123.Final.jar:4.1.123.Final]
	at io.netty.channel.kqueue.AbstractKQueueStreamChannel$KQueueStreamUnsafe.readReady(AbstractKQueueStreamChannel.java:543) ~[netty-transport-classes-kqueue-4.1.123.Final.jar:4.1.123.Final]
	at io.netty.channel.kqueue.AbstractKQueueChannel$AbstractKQueueUnsafe.readReady(AbstractKQueueChannel.java:390) ~[netty-transport-classes-kqueue-4.1.123.Final.jar:4.1.123.Final]
	at io.netty.channel.kqueue.KQueueEventLoop.processReady(KQueueEventLoop.java:274) ~[netty-transport-classes-kqueue-4.1.123.Final.jar:4.1.123.Final]
	at io.netty.channel.kqueue.KQueueEventLoop.run(KQueueEventLoop.java:352) ~[netty-transport-classes-kqueue-4.1.123.Final.jar:4.1.123.Final]
	at io.netty.util.concurrent.SingleThreadEventExecutor$4.run(SingleThreadEventExecutor.java:998) ~[netty-common-4.1.123.Final.jar:4.1.123.Final]
	at io.netty.util.internal.ThreadExecutorMap$2.run(ThreadExecutorMap.java:74) ~[netty-common-4.1.123.Final.jar:4.1.123.Final]
	at io.netty.util.concurrent.FastThreadLocalRunnable.run(FastThreadLocalRunnable.java:30) ~[netty-common-4.1.123.Final.jar:4.1.123.Final]
	at java.base/java.lang.Thread.run(Thread.java:1583) ~[na:na]
Caused by: org.springframework.expression.spel.SpelEvaluationException: EL1004E: Method call: Method getId() cannot be found on type java.util.LinkedHashMap
	at org.springframework.expression.spel.ast.MethodReference.findAccessorForMethod(MethodReference.java:238) ~[spring-expression-6.2.9.jar:6.2.9]
	at org.springframework.expression.spel.ast.MethodReference.getValueInternal(MethodReference.java:148) ~[spring-expression-6.2.9.jar:6.2.9]
	at org.springframework.expression.spel.ast.MethodReference$MethodValueRef.getValue(MethodReference.java:398) ~[spring-expression-6.2.9.jar:6.2.9]
	at org.springframework.expression.spel.ast.CompoundExpression.getValueInternal(CompoundExpression.java:97) ~[spring-expression-6.2.9.jar:6.2.9]
	at org.springframework.expression.spel.ast.OpPlus.getValueInternal(OpPlus.java:95) ~[spring-expression-6.2.9.jar:6.2.9]
	at org.springframework.expression.spel.ast.SpelNodeImpl.getValue(SpelNodeImpl.java:116) ~[spring-expression-6.2.9.jar:6.2.9]
	at org.springframework.expression.spel.standard.SpelExpression.getValue(SpelExpression.java:338) ~[spring-expression-6.2.9.jar:6.2.9]
	at org.thymeleaf.spring6.expression.SPELVariableExpressionEvaluator.evaluate(SPELVariableExpressionEvaluator.java:265) ~[thymeleaf-spring6-3.1.3.RELEASE.jar:3.1.3.RELEASE]
	... 102 common frames omitted

2025-07-31T18:35:22.007+03:00 ERROR 13097 --- [lettuce-kqueueEventLoop-5-3] a.w.r.e.AbstractErrorWebExceptionHandler : [22b1968f-14]  500 Server Error for HTTP GET "/main/items"

org.thymeleaf.exceptions.TemplateProcessingException: Exception evaluating SpringEL expression: "'/items/'+item.getId()" (template: "main" - line 56, col 32)
	at org.thymeleaf.spring6.expression.SPELVariableExpressionEvaluator.evaluate(SPELVariableExpressionEvaluator.java:292) ~[thymeleaf-spring6-3.1.3.RELEASE.jar:3.1.3.RELEASE]
	Suppressed: reactor.core.publisher.FluxOnAssembly$OnAssemblyException: 
Error has been observed at the following site(s):
	*__checkpoint ⇢ Handler ru.yandex.practicum.controller.ShopController#getItems(Model, String, String, int, int) [DispatcherHandler]
	*__checkpoint ⇢ HTTP GET "/main/items" [ExceptionHandlingWebHandler]
Original Stack Trace:
		at org.thymeleaf.spring6.expression.SPELVariableExpressionEvaluator.evaluate(SPELVariableExpressionEvaluator.java:292) ~[thymeleaf-spring6-3.1.3.RELEASE.jar:3.1.3.RELEASE]
		at org.thymeleaf.standard.expression.VariableExpression.executeVariableExpression(VariableExpression.java:166) ~[thymeleaf-3.1.3.RELEASE.jar:3.1.3.RELEASE]
		at org.thymeleaf.standard.expression.SimpleExpression.executeSimple(SimpleExpression.java:66) ~[thymeleaf-3.1.3.RELEASE.jar:3.1.3.RELEASE]
		at org.thymeleaf.standard.expression.Expression.execute(Expression.java:109) ~[thymeleaf-3.1.3.RELEASE.jar:3.1.3.RELEASE]
		at org.thymeleaf.standard.expression.Expression.execute(Expression.java:138) ~[thymeleaf-3.1.3.RELEASE.jar:3.1.3.RELEASE]
		at org.thymeleaf.standard.processor.AbstractStandardExpressionAttributeTagProcessor.doProcess(AbstractStandardExpressionAttributeTagProcessor.java:144) ~[thymeleaf-3.1.3.RELEASE.jar:3.1.3.RELEASE]
		at org.thymeleaf.processor.element.AbstractAttributeTagProcessor.doProcess(AbstractAttributeTagProcessor.java:74) ~[thymeleaf-3.1.3.RELEASE.jar:3.1.3.RELEASE]
		at org.thymeleaf.processor.element.AbstractElementTagProcessor.process(AbstractElementTagProcessor.java:95) ~[thymeleaf-3.1.3.RELEASE.jar:3.1.3.RELEASE]
		at org.thymeleaf.util.ProcessorConfigurationUtils$ElementTagProcessorWrapper.process(ProcessorConfigurationUtils.java:633) ~[thymeleaf-3.1.3.RELEASE.jar:3.1.3.RELEASE]
		at org.thymeleaf.engine.ProcessorTemplateHandler.handleOpenElement(ProcessorTemplateHandler.java:1314) ~[thymeleaf-3.1.3.RELEASE.jar:3.1.3.RELEASE]
		at org.thymeleaf.engine.OpenElementTag.beHandled(OpenElementTag.java:205) ~[thymeleaf-3.1.3.RELEASE.jar:3.1.3.RELEASE]
		at org.thymeleaf.engine.Model.process(Model.java:282) ~[thymeleaf-3.1.3.RELEASE.jar:3.1.3.RELEASE]
		at org.thymeleaf.engine.Model.process(Model.java:290) ~[thymeleaf-3.1.3.RELEASE.jar:3.1.3.RELEASE]
		at org.thymeleaf.engine.IteratedGatheringModelProcessable.processIterationModel(IteratedGatheringModelProcessable.java:368) ~[thymeleaf-3.1.3.RELEASE.jar:3.1.3.RELEASE]
		at org.thymeleaf.engine.IteratedGatheringModelProcessable.process(IteratedGatheringModelProcessable.java:222) ~[thymeleaf-3.1.3.RELEASE.jar:3.1.3.RELEASE]
		at org.thymeleaf.engine.ProcessorTemplateHandler.handleCloseElement(ProcessorTemplateHandler.java:1640) ~[thymeleaf-3.1.3.RELEASE.jar:3.1.3.RELEASE]
		at org.thymeleaf.engine.CloseElementTag.beHandled(CloseElementTag.java:139) ~[thymeleaf-3.1.3.RELEASE.jar:3.1.3.RELEASE]
		at org.thymeleaf.engine.Model.process(Model.java:282) ~[thymeleaf-3.1.3.RELEASE.jar:3.1.3.RELEASE]
		at org.thymeleaf.engine.Model.process(Model.java:290) ~[thymeleaf-3.1.3.RELEASE.jar:3.1.3.RELEASE]
		at org.thymeleaf.engine.IteratedGatheringModelProcessable.processIterationModel(IteratedGatheringModelProcessable.java:368) ~[thymeleaf-3.1.3.RELEASE.jar:3.1.3.RELEASE]
		at org.thymeleaf.engine.IteratedGatheringModelProcessable.process(IteratedGatheringModelProcessable.java:222) ~[thymeleaf-3.1.3.RELEASE.jar:3.1.3.RELEASE]
		at org.thymeleaf.engine.ProcessorTemplateHandler.handleCloseElement(ProcessorTemplateHandler.java:1640) ~[thymeleaf-3.1.3.RELEASE.jar:3.1.3.RELEASE]
		at org.thymeleaf.engine.CloseElementTag.beHandled(CloseElementTag.java:139) ~[thymeleaf-3.1.3.RELEASE.jar:3.1.3.RELEASE]
		at org.thymeleaf.engine.TemplateModel.process(TemplateModel.java:136) ~[thymeleaf-3.1.3.RELEASE.jar:3.1.3.RELEASE]
		at org.thymeleaf.engine.TemplateManager.parseAndProcess(TemplateManager.java:592) ~[thymeleaf-3.1.3.RELEASE.jar:3.1.3.RELEASE]
		at org.thymeleaf.TemplateEngine.process(TemplateEngine.java:1103) ~[thymeleaf-3.1.3.RELEASE.jar:3.1.3.RELEASE]
		at org.thymeleaf.TemplateEngine.process(TemplateEngine.java:1077) ~[thymeleaf-3.1.3.RELEASE.jar:3.1.3.RELEASE]
		at org.thymeleaf.spring6.SpringWebFluxTemplateEngine.lambda$createFullStream$0(SpringWebFluxTemplateEngine.java:198) ~[thymeleaf-spring6-3.1.3.RELEASE.jar:3.1.3.RELEASE]
		at reactor.core.publisher.MonoCreate.subscribe(MonoCreate.java:61) ~[reactor-core-3.7.8.jar:3.7.8]
		at reactor.core.publisher.InternalMonoOperator.subscribe(InternalMonoOperator.java:76) ~[reactor-core-3.7.8.jar:3.7.8]
		at reactor.core.publisher.MonoFlatMap$FlatMapMain.onNext(MonoFlatMap.java:165) ~[reactor-core-3.7.8.jar:3.7.8]
		at reactor.core.publisher.MonoIgnoreThen$ThenIgnoreMain.complete(MonoIgnoreThen.java:294) ~[reactor-core-3.7.8.jar:3.7.8]
		at reactor.core.publisher.MonoIgnoreThen$ThenIgnoreMain.onNext(MonoIgnoreThen.java:188) ~[reactor-core-3.7.8.jar:3.7.8]
		at reactor.core.publisher.MonoIgnoreThen$ThenIgnoreMain.subscribeNext(MonoIgnoreThen.java:237) ~[reactor-core-3.7.8.jar:3.7.8]
		at reactor.core.publisher.MonoIgnoreThen$ThenIgnoreMain.onComplete(MonoIgnoreThen.java:204) ~[reactor-core-3.7.8.jar:3.7.8]
		at reactor.core.publisher.MonoPeekTerminal$MonoTerminalPeekSubscriber.onComplete(MonoPeekTerminal.java:299) ~[reactor-core-3.7.8.jar:3.7.8]
		at reactor.core.publisher.MonoWhen$WhenCoordinator.signal(MonoWhen.java:213) ~[reactor-core-3.7.8.jar:3.7.8]
		at reactor.core.publisher.MonoWhen$WhenInner.onComplete(MonoWhen.java:429) ~[reactor-core-3.7.8.jar:3.7.8]
		at reactor.core.publisher.MonoPeekTerminal$MonoTerminalPeekSubscriber.onComplete(MonoPeekTerminal.java:299) ~[reactor-core-3.7.8.jar:3.7.8]
		at reactor.core.publisher.Operators$MultiSubscriptionSubscriber.onComplete(Operators.java:2230) ~[reactor-core-3.7.8.jar:3.7.8]
		at reactor.core.publisher.MonoFlatMap$FlatMapMain.onNext(MonoFlatMap.java:159) ~[reactor-core-3.7.8.jar:3.7.8]
		at reactor.core.publisher.FluxSwitchIfEmpty$SwitchIfEmptySubscriber.onNext(FluxSwitchIfEmpty.java:74) ~[reactor-core-3.7.8.jar:3.7.8]
		at reactor.core.publisher.MonoCompletionStage$MonoCompletionStageSubscription.apply(MonoCompletionStage.java:121) ~[reactor-core-3.7.8.jar:3.7.8]
		at reactor.core.publisher.MonoCompletionStage$MonoCompletionStageSubscription.apply(MonoCompletionStage.java:67) ~[reactor-core-3.7.8.jar:3.7.8]
		at java.base/java.util.concurrent.CompletableFuture.uniHandle(CompletableFuture.java:934) ~[na:na]
		at java.base/java.util.concurrent.CompletableFuture$UniHandle.tryFire(CompletableFuture.java:911) ~[na:na]
		at java.base/java.util.concurrent.CompletableFuture.postComplete(CompletableFuture.java:510) ~[na:na]
		at java.base/java.util.concurrent.CompletableFuture.complete(CompletableFuture.java:2179) ~[na:na]
		at reactor.core.publisher.MonoToCompletableFuture.onNext(MonoToCompletableFuture.java:64) ~[reactor-core-3.7.8.jar:3.7.8]
		at reactor.core.publisher.MonoUsingWhen$MonoUsingWhenSubscriber.deferredComplete(MonoUsingWhen.java:268) ~[reactor-core-3.7.8.jar:3.7.8]
		at reactor.core.publisher.FluxUsingWhen$CommitInner.onComplete(FluxUsingWhen.java:532) ~[reactor-core-3.7.8.jar:3.7.8]
		at reactor.core.publisher.MonoIgnoreElements$IgnoreElementsSubscriber.onComplete(MonoIgnoreElements.java:89) ~[reactor-core-3.7.8.jar:3.7.8]
		at reactor.core.publisher.FluxFlatMap$FlatMapMain.checkTerminated(FluxFlatMap.java:828) ~[reactor-core-3.7.8.jar:3.7.8]
		at reactor.core.publisher.FluxFlatMap$FlatMapMain.drainLoop(FluxFlatMap.java:612) ~[reactor-core-3.7.8.jar:3.7.8]
		at reactor.core.publisher.FluxFlatMap$FlatMapMain.drain(FluxFlatMap.java:592) ~[reactor-core-3.7.8.jar:3.7.8]
		at reactor.core.publisher.FluxFlatMap$FlatMapMain.onComplete(FluxFlatMap.java:469) ~[reactor-core-3.7.8.jar:3.7.8]
		at reactor.core.publisher.FluxArray$ArraySubscription.slowPath(FluxArray.java:137) ~[reactor-core-3.7.8.jar:3.7.8]
		at reactor.core.publisher.FluxArray$ArraySubscription.request(FluxArray.java:99) ~[reactor-core-3.7.8.jar:3.7.8]
		at reactor.core.publisher.FluxFlatMap$FlatMapMain.onSubscribe(FluxFlatMap.java:373) ~[reactor-core-3.7.8.jar:3.7.8]
		at reactor.core.publisher.FluxMerge.subscribe(FluxMerge.java:73) ~[reactor-core-3.7.8.jar:3.7.8]
		at reactor.core.publisher.Mono.subscribe(Mono.java:4576) ~[reactor-core-3.7.8.jar:3.7.8]
		at reactor.core.publisher.FluxUsingWhen$UsingWhenSubscriber.onComplete(FluxUsingWhen.java:389) ~[reactor-core-3.7.8.jar:3.7.8]
		at reactor.core.publisher.MonoCompletionStage$MonoCompletionStageSubscription.apply(MonoCompletionStage.java:122) ~[reactor-core-3.7.8.jar:3.7.8]
		at reactor.core.publisher.MonoCompletionStage$MonoCompletionStageSubscription.apply(MonoCompletionStage.java:67) ~[reactor-core-3.7.8.jar:3.7.8]
		at java.base/java.util.concurrent.CompletableFuture.uniHandle(CompletableFuture.java:934) ~[na:na]
		at java.base/java.util.concurrent.CompletableFuture$UniHandle.tryFire(CompletableFuture.java:911) ~[na:na]
		at java.base/java.util.concurrent.CompletableFuture.postComplete(CompletableFuture.java:510) ~[na:na]
		at java.base/java.util.concurrent.CompletableFuture.complete(CompletableFuture.java:2179) ~[na:na]
		at reactor.core.publisher.MonoToCompletableFuture.onNext(MonoToCompletableFuture.java:64) ~[reactor-core-3.7.8.jar:3.7.8]
		at reactor.core.publisher.FluxMap$MapSubscriber.onNext(FluxMap.java:122) ~[reactor-core-3.7.8.jar:3.7.8]
		at reactor.core.publisher.MonoIgnoreThen$ThenIgnoreMain.complete(MonoIgnoreThen.java:294) ~[reactor-core-3.7.8.jar:3.7.8]
		at reactor.core.publisher.MonoIgnoreThen$ThenIgnoreMain.onNext(MonoIgnoreThen.java:188) ~[reactor-core-3.7.8.jar:3.7.8]
		at reactor.core.publisher.FluxMap$MapSubscriber.onNext(FluxMap.java:122) ~[reactor-core-3.7.8.jar:3.7.8]
		at reactor.core.publisher.FluxFilter$FilterSubscriber.onNext(FluxFilter.java:113) ~[reactor-core-3.7.8.jar:3.7.8]
		at reactor.core.publisher.MonoNext$NextSubscriber.onNext(MonoNext.java:82) ~[reactor-core-3.7.8.jar:3.7.8]
		at reactor.core.publisher.FluxOnErrorResume$ResumeSubscriber.onNext(FluxOnErrorResume.java:79) ~[reactor-core-3.7.8.jar:3.7.8]
		at reactor.core.publisher.MonoFlatMapMany$FlatMapManyInner.onNext(MonoFlatMapMany.java:251) ~[reactor-core-3.7.8.jar:3.7.8]
		at reactor.core.publisher.FluxDefaultIfEmpty$DefaultIfEmptySubscriber.onNext(FluxDefaultIfEmpty.java:122) ~[reactor-core-3.7.8.jar:3.7.8]
		at reactor.core.publisher.FluxMap$MapSubscriber.onNext(FluxMap.java:122) ~[reactor-core-3.7.8.jar:3.7.8]
		at reactor.core.publisher.MonoNext$NextSubscriber.onNext(MonoNext.java:82) ~[reactor-core-3.7.8.jar:3.7.8]
		at reactor.core.publisher.MonoNext$NextSubscriber.onNext(MonoNext.java:82) ~[reactor-core-3.7.8.jar:3.7.8]
		at io.lettuce.core.RedisPublisher$ImmediateSubscriber.onNext(RedisPublisher.java:895) ~[lettuce-core-6.6.0.RELEASE.jar:6.6.0.RELEASE/643bd47]
		at io.lettuce.core.RedisPublisher$RedisSubscription.onNext(RedisPublisher.java:295) ~[lettuce-core-6.6.0.RELEASE.jar:6.6.0.RELEASE/643bd47]
		at io.lettuce.core.RedisPublisher$SubscriptionCommand.doOnComplete(RedisPublisher.java:782) ~[lettuce-core-6.6.0.RELEASE.jar:6.6.0.RELEASE/643bd47]
		at io.lettuce.core.protocol.CommandWrapper.complete(CommandWrapper.java:69) ~[lettuce-core-6.6.0.RELEASE.jar:6.6.0.RELEASE/643bd47]
		at io.lettuce.core.protocol.CommandHandler.complete(CommandHandler.java:769) ~[lettuce-core-6.6.0.RELEASE.jar:6.6.0.RELEASE/643bd47]
		at io.lettuce.core.protocol.CommandHandler.decode(CommandHandler.java:704) ~[lettuce-core-6.6.0.RELEASE.jar:6.6.0.RELEASE/643bd47]
		at io.lettuce.core.protocol.CommandHandler.channelRead(CommandHandler.java:621) ~[lettuce-core-6.6.0.RELEASE.jar:6.6.0.RELEASE/643bd47]
		at io.netty.channel.AbstractChannelHandlerContext.invokeChannelRead(AbstractChannelHandlerContext.java:442) ~[netty-transport-4.1.123.Final.jar:4.1.123.Final]
		at io.netty.channel.AbstractChannelHandlerContext.invokeChannelRead(AbstractChannelHandlerContext.java:420) ~[netty-transport-4.1.123.Final.jar:4.1.123.Final]
		at io.netty.channel.AbstractChannelHandlerContext.fireChannelRead(AbstractChannelHandlerContext.java:412) ~[netty-transport-4.1.123.Final.jar:4.1.123.Final]
		at io.netty.channel.DefaultChannelPipeline$HeadContext.channelRead(DefaultChannelPipeline.java:1357) ~[netty-transport-4.1.123.Final.jar:4.1.123.Final]
		at io.netty.channel.AbstractChannelHandlerContext.invokeChannelRead(AbstractChannelHandlerContext.java:440) ~[netty-transport-4.1.123.Final.jar:4.1.123.Final]
		at io.netty.channel.AbstractChannelHandlerContext.invokeChannelRead(AbstractChannelHandlerContext.java:420) ~[netty-transport-4.1.123.Final.jar:4.1.123.Final]
		at io.netty.channel.DefaultChannelPipeline.fireChannelRead(DefaultChannelPipeline.java:868) ~[netty-transport-4.1.123.Final.jar:4.1.123.Final]
		at io.netty.channel.kqueue.AbstractKQueueStreamChannel$KQueueStreamUnsafe.readReady(AbstractKQueueStreamChannel.java:543) ~[netty-transport-classes-kqueue-4.1.123.Final.jar:4.1.123.Final]
		at io.netty.channel.kqueue.AbstractKQueueChannel$AbstractKQueueUnsafe.readReady(AbstractKQueueChannel.java:390) ~[netty-transport-classes-kqueue-4.1.123.Final.jar:4.1.123.Final]
		at io.netty.channel.kqueue.KQueueEventLoop.processReady(KQueueEventLoop.java:274) ~[netty-transport-classes-kqueue-4.1.123.Final.jar:4.1.123.Final]
		at io.netty.channel.kqueue.KQueueEventLoop.run(KQueueEventLoop.java:352) ~[netty-transport-classes-kqueue-4.1.123.Final.jar:4.1.123.Final]
		at io.netty.util.concurrent.SingleThreadEventExecutor$4.run(SingleThreadEventExecutor.java:998) ~[netty-common-4.1.123.Final.jar:4.1.123.Final]
		at io.netty.util.internal.ThreadExecutorMap$2.run(ThreadExecutorMap.java:74) ~[netty-common-4.1.123.Final.jar:4.1.123.Final]
		at io.netty.util.concurrent.FastThreadLocalRunnable.run(FastThreadLocalRunnable.java:30) ~[netty-common-4.1.123.Final.jar:4.1.123.Final]
		at java.base/java.lang.Thread.run(Thread.java:1583) ~[na:na]
Caused by: org.springframework.expression.spel.SpelEvaluationException: EL1004E: Method call: Method getId() cannot be found on type java.util.LinkedHashMap
	at org.springframework.expression.spel.ast.MethodReference.findAccessorForMethod(MethodReference.java:238) ~[spring-expression-6.2.9.jar:6.2.9]
	at org.springframework.expression.spel.ast.MethodReference.getValueInternal(MethodReference.java:148) ~[spring-expression-6.2.9.jar:6.2.9]
	at org.springframework.expression.spel.ast.MethodReference$MethodValueRef.getValue(MethodReference.java:398) ~[spring-expression-6.2.9.jar:6.2.9]
	at org.springframework.expression.spel.ast.CompoundExpression.getValueInternal(CompoundExpression.java:97) ~[spring-expression-6.2.9.jar:6.2.9]
	at org.springframework.expression.spel.ast.OpPlus.getValueInternal(OpPlus.java:95) ~[spring-expression-6.2.9.jar:6.2.9]
	at org.springframework.expression.spel.ast.SpelNodeImpl.getValue(SpelNodeImpl.java:116) ~[spring-expression-6.2.9.jar:6.2.9]
	at org.springframework.expression.spel.standard.SpelExpression.getValue(SpelExpression.java:338) ~[spring-expression-6.2.9.jar:6.2.9]
	at org.thymeleaf.spring6.expression.SPELVariableExpressionEvaluator.evaluate(SPELVariableExpressionEvaluator.java:265) ~[thymeleaf-spring6-3.1.3.RELEASE.jar:3.1.3.RELEASE]
	at org.thymeleaf.standard.expression.VariableExpression.executeVariableExpression(VariableExpression.java:166) ~[thymeleaf-3.1.3.RELEASE.jar:3.1.3.RELEASE]
	at org.thymeleaf.standard.expression.SimpleExpression.executeSimple(SimpleExpression.java:66) ~[thymeleaf-3.1.3.RELEASE.jar:3.1.3.RELEASE]
	at org.thymeleaf.standard.expression.Expression.execute(Expression.java:109) ~[thymeleaf-3.1.3.RELEASE.jar:3.1.3.RELEASE]
	at org.thymeleaf.standard.expression.Expression.execute(Expression.java:138) ~[thymeleaf-3.1.3.RELEASE.jar:3.1.3.RELEASE]
	at org.thymeleaf.standard.processor.AbstractStandardExpressionAttributeTagProcessor.doProcess(AbstractStandardExpressionAttributeTagProcessor.java:144) ~[thymeleaf-3.1.3.RELEASE.jar:3.1.3.RELEASE]
	at org.thymeleaf.processor.element.AbstractAttributeTagProcessor.doProcess(AbstractAttributeTagProcessor.java:74) ~[thymeleaf-3.1.3.RELEASE.jar:3.1.3.RELEASE]
	at org.thymeleaf.processor.element.AbstractElementTagProcessor.process(AbstractElementTagProcessor.java:95) ~[thymeleaf-3.1.3.RELEASE.jar:3.1.3.RELEASE]
	at org.thymeleaf.util.ProcessorConfigurationUtils$ElementTagProcessorWrapper.process(ProcessorConfigurationUtils.java:633) ~[thymeleaf-3.1.3.RELEASE.jar:3.1.3.RELEASE]
	at org.thymeleaf.engine.ProcessorTemplateHandler.handleOpenElement(ProcessorTemplateHandler.java:1314) ~[thymeleaf-3.1.3.RELEASE.jar:3.1.3.RELEASE]
	at org.thymeleaf.engine.OpenElementTag.beHandled(OpenElementTag.java:205) ~[thymeleaf-3.1.3.RELEASE.jar:3.1.3.RELEASE]
	at org.thymeleaf.engine.Model.process(Model.java:282) ~[thymeleaf-3.1.3.RELEASE.jar:3.1.3.RELEASE]
	at org.thymeleaf.engine.Model.process(Model.java:290) ~[thymeleaf-3.1.3.RELEASE.jar:3.1.3.RELEASE]
	at org.thymeleaf.engine.IteratedGatheringModelProcessable.processIterationModel(IteratedGatheringModelProcessable.java:368) ~[thymeleaf-3.1.3.RELEASE.jar:3.1.3.RELEASE]
	at org.thymeleaf.engine.IteratedGatheringModelProcessable.process(IteratedGatheringModelProcessable.java:222) ~[thymeleaf-3.1.3.RELEASE.jar:3.1.3.RELEASE]
	at org.thymeleaf.engine.ProcessorTemplateHandler.handleCloseElement(ProcessorTemplateHandler.java:1640) ~[thymeleaf-3.1.3.RELEASE.jar:3.1.3.RELEASE]
	at org.thymeleaf.engine.CloseElementTag.beHandled(CloseElementTag.java:139) ~[thymeleaf-3.1.3.RELEASE.jar:3.1.3.RELEASE]
	at org.thymeleaf.engine.Model.process(Model.java:282) ~[thymeleaf-3.1.3.RELEASE.jar:3.1.3.RELEASE]
	at org.thymeleaf.engine.Model.process(Model.java:290) ~[thymeleaf-3.1.3.RELEASE.jar:3.1.3.RELEASE]
	at org.thymeleaf.engine.IteratedGatheringModelProcessable.processIterationModel(IteratedGatheringModelProcessable.java:368) ~[thymeleaf-3.1.3.RELEASE.jar:3.1.3.RELEASE]
	at org.thymeleaf.engine.IteratedGatheringModelProcessable.process(IteratedGatheringModelProcessable.java:222) ~[thymeleaf-3.1.3.RELEASE.jar:3.1.3.RELEASE]
	at org.thymeleaf.engine.ProcessorTemplateHandler.handleCloseElement(ProcessorTemplateHandler.java:1640) ~[thymeleaf-3.1.3.RELEASE.jar:3.1.3.RELEASE]
	at org.thymeleaf.engine.CloseElementTag.beHandled(CloseElementTag.java:139) ~[thymeleaf-3.1.3.RELEASE.jar:3.1.3.RELEASE]
	at org.thymeleaf.engine.TemplateModel.process(TemplateModel.java:136) ~[thymeleaf-3.1.3.RELEASE.jar:3.1.3.RELEASE]
	at org.thymeleaf.engine.TemplateManager.parseAndProcess(TemplateManager.java:592) ~[thymeleaf-3.1.3.RELEASE.jar:3.1.3.RELEASE]
	at org.thymeleaf.TemplateEngine.process(TemplateEngine.java:1103) ~[thymeleaf-3.1.3.RELEASE.jar:3.1.3.RELEASE]
	at org.thymeleaf.TemplateEngine.process(TemplateEngine.java:1077) ~[thymeleaf-3.1.3.RELEASE.jar:3.1.3.RELEASE]
	at org.thymeleaf.spring6.SpringWebFluxTemplateEngine.lambda$createFullStream$0(SpringWebFluxTemplateEngine.java:198) ~[thymeleaf-spring6-3.1.3.RELEASE.jar:3.1.3.RELEASE]
	at reactor.core.publisher.MonoCreate.subscribe(MonoCreate.java:61) ~[reactor-core-3.7.8.jar:3.7.8]
	at reactor.core.publisher.InternalMonoOperator.subscribe(InternalMonoOperator.java:76) ~[reactor-core-3.7.8.jar:3.7.8]
	at reactor.core.publisher.MonoFlatMap$FlatMapMain.onNext(MonoFlatMap.java:165) ~[reactor-core-3.7.8.jar:3.7.8]
	at reactor.core.publisher.MonoIgnoreThen$ThenIgnoreMain.complete(MonoIgnoreThen.java:294) ~[reactor-core-3.7.8.jar:3.7.8]
	at reactor.core.publisher.MonoIgnoreThen$ThenIgnoreMain.onNext(MonoIgnoreThen.java:188) ~[reactor-core-3.7.8.jar:3.7.8]
	at reactor.core.publisher.MonoIgnoreThen$ThenIgnoreMain.subscribeNext(MonoIgnoreThen.java:237) ~[reactor-core-3.7.8.jar:3.7.8]
	at reactor.core.publisher.MonoIgnoreThen$ThenIgnoreMain.onComplete(MonoIgnoreThen.java:204) ~[reactor-core-3.7.8.jar:3.7.8]
	at reactor.core.publisher.MonoPeekTerminal$MonoTerminalPeekSubscriber.onComplete(MonoPeekTerminal.java:299) ~[reactor-core-3.7.8.jar:3.7.8]
	at reactor.core.publisher.MonoWhen$WhenCoordinator.signal(MonoWhen.java:213) ~[reactor-core-3.7.8.jar:3.7.8]
	at reactor.core.publisher.MonoWhen$WhenInner.onComplete(MonoWhen.java:429) ~[reactor-core-3.7.8.jar:3.7.8]
	at reactor.core.publisher.MonoPeekTerminal$MonoTerminalPeekSubscriber.onComplete(MonoPeekTerminal.java:299) ~[reactor-core-3.7.8.jar:3.7.8]
	at reactor.core.publisher.Operators$MultiSubscriptionSubscriber.onComplete(Operators.java:2230) ~[reactor-core-3.7.8.jar:3.7.8]
	at reactor.core.publisher.MonoFlatMap$FlatMapMain.onNext(MonoFlatMap.java:159) ~[reactor-core-3.7.8.jar:3.7.8]
	at reactor.core.publisher.FluxSwitchIfEmpty$SwitchIfEmptySubscriber.onNext(FluxSwitchIfEmpty.java:74) ~[reactor-core-3.7.8.jar:3.7.8]
	at reactor.core.publisher.MonoCompletionStage$MonoCompletionStageSubscription.apply(MonoCompletionStage.java:121) ~[reactor-core-3.7.8.jar:3.7.8]
	at reactor.core.publisher.MonoCompletionStage$MonoCompletionStageSubscription.apply(MonoCompletionStage.java:67) ~[reactor-core-3.7.8.jar:3.7.8]
	at java.base/java.util.concurrent.CompletableFuture.uniHandle(CompletableFuture.java:934) ~[na:na]
	at java.base/java.util.concurrent.CompletableFuture$UniHandle.tryFire(CompletableFuture.java:911) ~[na:na]
	at java.base/java.util.concurrent.CompletableFuture.postComplete(CompletableFuture.java:510) ~[na:na]
	at java.base/java.util.concurrent.CompletableFuture.complete(CompletableFuture.java:2179) ~[na:na]
	at reactor.core.publisher.MonoToCompletableFuture.onNext(MonoToCompletableFuture.java:64) ~[reactor-core-3.7.8.jar:3.7.8]
	at reactor.core.publisher.MonoUsingWhen$MonoUsingWhenSubscriber.deferredComplete(MonoUsingWhen.java:268) ~[reactor-core-3.7.8.jar:3.7.8]
	at reactor.core.publisher.FluxUsingWhen$CommitInner.onComplete(FluxUsingWhen.java:532) ~[reactor-core-3.7.8.jar:3.7.8]
	at reactor.core.publisher.MonoIgnoreElements$IgnoreElementsSubscriber.onComplete(MonoIgnoreElements.java:89) ~[reactor-core-3.7.8.jar:3.7.8]
	at reactor.core.publisher.FluxFlatMap$FlatMapMain.checkTerminated(FluxFlatMap.java:828) ~[reactor-core-3.7.8.jar:3.7.8]
	at reactor.core.publisher.FluxFlatMap$FlatMapMain.drainLoop(FluxFlatMap.java:612) ~[reactor-core-3.7.8.jar:3.7.8]
	at reactor.core.publisher.FluxFlatMap$FlatMapMain.drain(FluxFlatMap.java:592) ~[reactor-core-3.7.8.jar:3.7.8]
	at reactor.core.publisher.FluxFlatMap$FlatMapMain.onComplete(FluxFlatMap.java:469) ~[reactor-core-3.7.8.jar:3.7.8]
	at reactor.core.publisher.FluxArray$ArraySubscription.slowPath(FluxArray.java:137) ~[reactor-core-3.7.8.jar:3.7.8]
	at reactor.core.publisher.FluxArray$ArraySubscription.request(FluxArray.java:99) ~[reactor-core-3.7.8.jar:3.7.8]
	at reactor.core.publisher.FluxFlatMap$FlatMapMain.onSubscribe(FluxFlatMap.java:373) ~[reactor-core-3.7.8.jar:3.7.8]
	at reactor.core.publisher.FluxMerge.subscribe(FluxMerge.java:73) ~[reactor-core-3.7.8.jar:3.7.8]
	at reactor.core.publisher.Mono.subscribe(Mono.java:4576) ~[reactor-core-3.7.8.jar:3.7.8]
	at reactor.core.publisher.FluxUsingWhen$UsingWhenSubscriber.onComplete(FluxUsingWhen.java:389) ~[reactor-core-3.7.8.jar:3.7.8]
	at reactor.core.publisher.MonoCompletionStage$MonoCompletionStageSubscription.apply(MonoCompletionStage.java:122) ~[reactor-core-3.7.8.jar:3.7.8]
	at reactor.core.publisher.MonoCompletionStage$MonoCompletionStageSubscription.apply(MonoCompletionStage.java:67) ~[reactor-core-3.7.8.jar:3.7.8]
	at java.base/java.util.concurrent.CompletableFuture.uniHandle(CompletableFuture.java:934) ~[na:na]
	at java.base/java.util.concurrent.CompletableFuture$UniHandle.tryFire(CompletableFuture.java:911) ~[na:na]
	at java.base/java.util.concurrent.CompletableFuture.postComplete(CompletableFuture.java:510) ~[na:na]
	at java.base/java.util.concurrent.CompletableFuture.complete(CompletableFuture.java:2179) ~[na:na]
	at reactor.core.publisher.MonoToCompletableFuture.onNext(MonoToCompletableFuture.java:64) ~[reactor-core-3.7.8.jar:3.7.8]
	at reactor.core.publisher.FluxMap$MapSubscriber.onNext(FluxMap.java:122) ~[reactor-core-3.7.8.jar:3.7.8]
	at reactor.core.publisher.MonoIgnoreThen$ThenIgnoreMain.complete(MonoIgnoreThen.java:294) ~[reactor-core-3.7.8.jar:3.7.8]
	at reactor.core.publisher.MonoIgnoreThen$ThenIgnoreMain.onNext(MonoIgnoreThen.java:188) ~[reactor-core-3.7.8.jar:3.7.8]
	at reactor.core.publisher.FluxMap$MapSubscriber.onNext(FluxMap.java:122) ~[reactor-core-3.7.8.jar:3.7.8]
	at reactor.core.publisher.FluxFilter$FilterSubscriber.onNext(FluxFilter.java:113) ~[reactor-core-3.7.8.jar:3.7.8]
	at reactor.core.publisher.MonoNext$NextSubscriber.onNext(MonoNext.java:82) ~[reactor-core-3.7.8.jar:3.7.8]
	at reactor.core.publisher.FluxOnErrorResume$ResumeSubscriber.onNext(FluxOnErrorResume.java:79) ~[reactor-core-3.7.8.jar:3.7.8]
	at reactor.core.publisher.MonoFlatMapMany$FlatMapManyInner.onNext(MonoFlatMapMany.java:251) ~[reactor-core-3.7.8.jar:3.7.8]
	at reactor.core.publisher.FluxDefaultIfEmpty$DefaultIfEmptySubscriber.onNext(FluxDefaultIfEmpty.java:122) ~[reactor-core-3.7.8.jar:3.7.8]
	at reactor.core.publisher.FluxMap$MapSubscriber.onNext(FluxMap.java:122) ~[reactor-core-3.7.8.jar:3.7.8]
	at reactor.core.publisher.MonoNext$NextSubscriber.onNext(MonoNext.java:82) ~[reactor-core-3.7.8.jar:3.7.8]
	at reactor.core.publisher.MonoNext$NextSubscriber.onNext(MonoNext.java:82) ~[reactor-core-3.7.8.jar:3.7.8]
	at io.lettuce.core.RedisPublisher$ImmediateSubscriber.onNext(RedisPublisher.java:895) ~[lettuce-core-6.6.0.RELEASE.jar:6.6.0.RELEASE/643bd47]
	at io.lettuce.core.RedisPublisher$RedisSubscription.onNext(RedisPublisher.java:295) ~[lettuce-core-6.6.0.RELEASE.jar:6.6.0.RELEASE/643bd47]
	at io.lettuce.core.RedisPublisher$SubscriptionCommand.doOnComplete(RedisPublisher.java:782) ~[lettuce-core-6.6.0.RELEASE.jar:6.6.0.RELEASE/643bd47]
	at io.lettuce.core.protocol.CommandWrapper.complete(CommandWrapper.java:69) ~[lettuce-core-6.6.0.RELEASE.jar:6.6.0.RELEASE/643bd47]
	at io.lettuce.core.protocol.CommandHandler.complete(CommandHandler.java:769) ~[lettuce-core-6.6.0.RELEASE.jar:6.6.0.RELEASE/643bd47]
	at io.lettuce.core.protocol.CommandHandler.decode(CommandHandler.java:704) ~[lettuce-core-6.6.0.RELEASE.jar:6.6.0.RELEASE/643bd47]
	at io.lettuce.core.protocol.CommandHandler.channelRead(CommandHandler.java:621) ~[lettuce-core-6.6.0.RELEASE.jar:6.6.0.RELEASE/643bd47]
	at io.netty.channel.AbstractChannelHandlerContext.invokeChannelRead(AbstractChannelHandlerContext.java:442) ~[netty-transport-4.1.123.Final.jar:4.1.123.Final]
	at io.netty.channel.AbstractChannelHandlerContext.invokeChannelRead(AbstractChannelHandlerContext.java:420) ~[netty-transport-4.1.123.Final.jar:4.1.123.Final]
	at io.netty.channel.AbstractChannelHandlerContext.fireChannelRead(AbstractChannelHandlerContext.java:412) ~[netty-transport-4.1.123.Final.jar:4.1.123.Final]
	at io.netty.channel.DefaultChannelPipeline$HeadContext.channelRead(DefaultChannelPipeline.java:1357) ~[netty-transport-4.1.123.Final.jar:4.1.123.Final]
	at io.netty.channel.AbstractChannelHandlerContext.invokeChannelRead(AbstractChannelHandlerContext.java:440) ~[netty-transport-4.1.123.Final.jar:4.1.123.Final]
	at io.netty.channel.AbstractChannelHandlerContext.invokeChannelRead(AbstractChannelHandlerContext.java:420) ~[netty-transport-4.1.123.Final.jar:4.1.123.Final]
	at io.netty.channel.DefaultChannelPipeline.fireChannelRead(DefaultChannelPipeline.java:868) ~[netty-transport-4.1.123.Final.jar:4.1.123.Final]
	at io.netty.channel.kqueue.AbstractKQueueStreamChannel$KQueueStreamUnsafe.readReady(AbstractKQueueStreamChannel.java:543) ~[netty-transport-classes-kqueue-4.1.123.Final.jar:4.1.123.Final]
	at io.netty.channel.kqueue.AbstractKQueueChannel$AbstractKQueueUnsafe.readReady(AbstractKQueueChannel.java:390) ~[netty-transport-classes-kqueue-4.1.123.Final.jar:4.1.123.Final]
	at io.netty.channel.kqueue.KQueueEventLoop.processReady(KQueueEventLoop.java:274) ~[netty-transport-classes-kqueue-4.1.123.Final.jar:4.1.123.Final]
	at io.netty.channel.kqueue.KQueueEventLoop.run(KQueueEventLoop.java:352) ~[netty-transport-classes-kqueue-4.1.123.Final.jar:4.1.123.Final]
	at io.netty.util.concurrent.SingleThreadEventExecutor$4.run(SingleThreadEventExecutor.java:998) ~[netty-common-4.1.123.Final.jar:4.1.123.Final]
	at io.netty.util.internal.ThreadExecutorMap$2.run(ThreadExecutorMap.java:74) ~[netty-common-4.1.123.Final.jar:4.1.123.Final]
	at io.netty.util.concurrent.FastThreadLocalRunnable.run(FastThreadLocalRunnable.java:30) ~[netty-common-4.1.123.Final.jar:4.1.123.Final]
	at java.base/java.lang.Thread.run(Thread.java:1583) ~[na:na]

2025-07-31T18:35:24.372+03:00  INFO 13097 --- [reactor-http-kqueue-2] r.yandex.practicum.service.ItemService   : Start getPaging: pageNumber=1, pageSize=10
2025-07-31T18:35:24.384+03:00 ERROR 13097 --- [reactor-tcp-kqueue-8] org.thymeleaf.TemplateEngine             : [THYMELEAF][reactor-tcp-kqueue-8] Exception processing template "main": Exception evaluating SpringEL expression: "'/items/'+item.getId()" (template: "main" - line 56, col 32)

org.thymeleaf.exceptions.TemplateProcessingException: Exception evaluating SpringEL expression: "'/items/'+item.getId()" (template: "main" - line 56, col 32)
	at org.thymeleaf.spring6.expression.SPELVariableExpressionEvaluator.evaluate(SPELVariableExpressionEvaluator.java:292) ~[thymeleaf-spring6-3.1.3.RELEASE.jar:3.1.3.RELEASE]
	at org.thymeleaf.standard.expression.VariableExpression.executeVariableExpression(VariableExpression.java:166) ~[thymeleaf-3.1.3.RELEASE.jar:3.1.3.RELEASE]
	at org.thymeleaf.standard.expression.SimpleExpression.executeSimple(SimpleExpression.java:66) ~[thymeleaf-3.1.3.RELEASE.jar:3.1.3.RELEASE]
	at org.thymeleaf.standard.expression.Expression.execute(Expression.java:109) ~[thymeleaf-3.1.3.RELEASE.jar:3.1.3.RELEASE]
	at org.thymeleaf.standard.expression.Expression.execute(Expression.java:138) ~[thymeleaf-3.1.3.RELEASE.jar:3.1.3.RELEASE]
	at org.thymeleaf.standard.processor.AbstractStandardExpressionAttributeTagProcessor.doProcess(AbstractStandardExpressionAttributeTagProcessor.java:144) ~[thymeleaf-3.1.3.RELEASE.jar:3.1.3.RELEASE]
	at org.thymeleaf.processor.element.AbstractAttributeTagProcessor.doProcess(AbstractAttributeTagProcessor.java:74) ~[thymeleaf-3.1.3.RELEASE.jar:3.1.3.RELEASE]
	at org.thymeleaf.processor.element.AbstractElementTagProcessor.process(AbstractElementTagProcessor.java:95) ~[thymeleaf-3.1.3.RELEASE.jar:3.1.3.RELEASE]
	at org.thymeleaf.util.ProcessorConfigurationUtils$ElementTagProcessorWrapper.process(ProcessorConfigurationUtils.java:633) ~[thymeleaf-3.1.3.RELEASE.jar:3.1.3.RELEASE]
	at org.thymeleaf.engine.ProcessorTemplateHandler.handleOpenElement(ProcessorTemplateHandler.java:1314) ~[thymeleaf-3.1.3.RELEASE.jar:3.1.3.RELEASE]
	at org.thymeleaf.engine.OpenElementTag.beHandled(OpenElementTag.java:205) ~[thymeleaf-3.1.3.RELEASE.jar:3.1.3.RELEASE]
	at org.thymeleaf.engine.Model.process(Model.java:282) ~[thymeleaf-3.1.3.RELEASE.jar:3.1.3.RELEASE]
	at org.thymeleaf.engine.Model.process(Model.java:290) ~[thymeleaf-3.1.3.RELEASE.jar:3.1.3.RELEASE]
	at org.thymeleaf.engine.IteratedGatheringModelProcessable.processIterationModel(IteratedGatheringModelProcessable.java:368) ~[thymeleaf-3.1.3.RELEASE.jar:3.1.3.RELEASE]
	at org.thymeleaf.engine.IteratedGatheringModelProcessable.process(IteratedGatheringModelProcessable.java:222) ~[thymeleaf-3.1.3.RELEASE.jar:3.1.3.RELEASE]
	at org.thymeleaf.engine.ProcessorTemplateHandler.handleCloseElement(ProcessorTemplateHandler.java:1640) ~[thymeleaf-3.1.3.RELEASE.jar:3.1.3.RELEASE]
	at org.thymeleaf.engine.CloseElementTag.beHandled(CloseElementTag.java:139) ~[thymeleaf-3.1.3.RELEASE.jar:3.1.3.RELEASE]
	at org.thymeleaf.engine.Model.process(Model.java:282) ~[thymeleaf-3.1.3.RELEASE.jar:3.1.3.RELEASE]
	at org.thymeleaf.engine.Model.process(Model.java:290) ~[thymeleaf-3.1.3.RELEASE.jar:3.1.3.RELEASE]
	at org.thymeleaf.engine.IteratedGatheringModelProcessable.processIterationModel(IteratedGatheringModelProcessable.java:368) ~[thymeleaf-3.1.3.RELEASE.jar:3.1.3.RELEASE]
	at org.thymeleaf.engine.IteratedGatheringModelProcessable.process(IteratedGatheringModelProcessable.java:222) ~[thymeleaf-3.1.3.RELEASE.jar:3.1.3.RELEASE]
	at org.thymeleaf.engine.ProcessorTemplateHandler.handleCloseElement(ProcessorTemplateHandler.java:1640) ~[thymeleaf-3.1.3.RELEASE.jar:3.1.3.RELEASE]
	at org.thymeleaf.engine.CloseElementTag.beHandled(CloseElementTag.java:139) ~[thymeleaf-3.1.3.RELEASE.jar:3.1.3.RELEASE]
	at org.thymeleaf.engine.TemplateModel.process(TemplateModel.java:136) ~[thymeleaf-3.1.3.RELEASE.jar:3.1.3.RELEASE]
	at org.thymeleaf.engine.TemplateManager.parseAndProcess(TemplateManager.java:592) ~[thymeleaf-3.1.3.RELEASE.jar:3.1.3.RELEASE]
	at org.thymeleaf.TemplateEngine.process(TemplateEngine.java:1103) ~[thymeleaf-3.1.3.RELEASE.jar:3.1.3.RELEASE]
	at org.thymeleaf.TemplateEngine.process(TemplateEngine.java:1077) ~[thymeleaf-3.1.3.RELEASE.jar:3.1.3.RELEASE]
	at org.thymeleaf.spring6.SpringWebFluxTemplateEngine.lambda$createFullStream$0(SpringWebFluxTemplateEngine.java:198) ~[thymeleaf-spring6-3.1.3.RELEASE.jar:3.1.3.RELEASE]
	at reactor.core.publisher.MonoCreate.subscribe(MonoCreate.java:61) ~[reactor-core-3.7.8.jar:3.7.8]
	at reactor.core.publisher.InternalMonoOperator.subscribe(InternalMonoOperator.java:76) ~[reactor-core-3.7.8.jar:3.7.8]
	at reactor.core.publisher.MonoFlatMap$FlatMapMain.onNext(MonoFlatMap.java:165) ~[reactor-core-3.7.8.jar:3.7.8]
	at reactor.core.publisher.MonoIgnoreThen$ThenIgnoreMain.complete(MonoIgnoreThen.java:294) ~[reactor-core-3.7.8.jar:3.7.8]
	at reactor.core.publisher.MonoIgnoreThen$ThenIgnoreMain.onNext(MonoIgnoreThen.java:188) ~[reactor-core-3.7.8.jar:3.7.8]
	at reactor.core.publisher.MonoIgnoreThen$ThenIgnoreMain.subscribeNext(MonoIgnoreThen.java:237) ~[reactor-core-3.7.8.jar:3.7.8]
	at reactor.core.publisher.MonoIgnoreThen$ThenIgnoreMain.onComplete(MonoIgnoreThen.java:204) ~[reactor-core-3.7.8.jar:3.7.8]
	at reactor.core.publisher.MonoPeekTerminal$MonoTerminalPeekSubscriber.onComplete(MonoPeekTerminal.java:299) ~[reactor-core-3.7.8.jar:3.7.8]
	at reactor.core.publisher.MonoWhen$WhenCoordinator.signal(MonoWhen.java:213) ~[reactor-core-3.7.8.jar:3.7.8]
	at reactor.core.publisher.MonoWhen$WhenInner.onComplete(MonoWhen.java:429) ~[reactor-core-3.7.8.jar:3.7.8]
	at reactor.core.publisher.MonoPeekTerminal$MonoTerminalPeekSubscriber.onComplete(MonoPeekTerminal.java:299) ~[reactor-core-3.7.8.jar:3.7.8]
	at reactor.core.publisher.MonoZip$ZipCoordinator.signal(MonoZip.java:298) ~[reactor-core-3.7.8.jar:3.7.8]
	at reactor.core.publisher.MonoZip$ZipInner.onNext(MonoZip.java:478) ~[reactor-core-3.7.8.jar:3.7.8]
	at reactor.core.publisher.FluxMap$MapSubscriber.onNext(FluxMap.java:122) ~[reactor-core-3.7.8.jar:3.7.8]
	at reactor.core.publisher.MonoUsingWhen$MonoUsingWhenSubscriber.deferredComplete(MonoUsingWhen.java:268) ~[reactor-core-3.7.8.jar:3.7.8]
	at reactor.core.publisher.FluxUsingWhen$CommitInner.onComplete(FluxUsingWhen.java:532) ~[reactor-core-3.7.8.jar:3.7.8]
	at reactor.core.publisher.Operators.complete(Operators.java:137) ~[reactor-core-3.7.8.jar:3.7.8]
	at reactor.core.publisher.MonoEmpty.subscribe(MonoEmpty.java:46) ~[reactor-core-3.7.8.jar:3.7.8]
	at reactor.core.publisher.Mono.subscribe(Mono.java:4576) ~[reactor-core-3.7.8.jar:3.7.8]
	at reactor.core.publisher.FluxUsingWhen$UsingWhenSubscriber.onComplete(FluxUsingWhen.java:389) ~[reactor-core-3.7.8.jar:3.7.8]
	at reactor.core.publisher.FluxDefaultIfEmpty$DefaultIfEmptySubscriber.onComplete(FluxDefaultIfEmpty.java:139) ~[reactor-core-3.7.8.jar:3.7.8]
	at reactor.core.publisher.MonoNext$NextSubscriber.onComplete(MonoNext.java:102) ~[reactor-core-3.7.8.jar:3.7.8]
	at reactor.core.publisher.MonoNext$NextSubscriber.onNext(MonoNext.java:83) ~[reactor-core-3.7.8.jar:3.7.8]
	at reactor.core.publisher.FluxOnErrorResume$ResumeSubscriber.onNext(FluxOnErrorResume.java:79) ~[reactor-core-3.7.8.jar:3.7.8]
	at reactor.core.publisher.FluxUsingWhen$UsingWhenSubscriber.onNext(FluxUsingWhen.java:348) ~[reactor-core-3.7.8.jar:3.7.8]
	at reactor.core.publisher.FluxFlatMap$FlatMapMain.tryEmit(FluxFlatMap.java:547) ~[reactor-core-3.7.8.jar:3.7.8]
	at reactor.core.publisher.FluxFlatMap$FlatMapInner.onNext(FluxFlatMap.java:988) ~[reactor-core-3.7.8.jar:3.7.8]
	at reactor.core.publisher.FluxHandleFuseable$HandleFuseableSubscriber.onNext(FluxHandleFuseable.java:194) ~[reactor-core-3.7.8.jar:3.7.8]
	at reactor.core.publisher.FluxWindowPredicate$WindowFlux.drainRegular(FluxWindowPredicate.java:670) ~[reactor-core-3.7.8.jar:3.7.8]
	at reactor.core.publisher.FluxWindowPredicate$WindowFlux.drain(FluxWindowPredicate.java:748) ~[reactor-core-3.7.8.jar:3.7.8]
	at reactor.core.publisher.FluxWindowPredicate$WindowFlux.onNext(FluxWindowPredicate.java:790) ~[reactor-core-3.7.8.jar:3.7.8]
	at reactor.core.publisher.FluxWindowPredicate$WindowPredicateMain.onNext(FluxWindowPredicate.java:268) ~[reactor-core-3.7.8.jar:3.7.8]
	at io.r2dbc.postgresql.util.FluxDiscardOnCancel$FluxDiscardOnCancelSubscriber.onNext(FluxDiscardOnCancel.java:91) ~[r2dbc-postgresql-1.0.7.RELEASE.jar:1.0.7.RELEASE]
	at reactor.core.publisher.FluxContextWrite$ContextWriteSubscriber.onNext(FluxContextWrite.java:107) ~[reactor-core-3.7.8.jar:3.7.8]
	at reactor.core.publisher.FluxCreate$BufferAsyncSink.drain(FluxCreate.java:880) ~[reactor-core-3.7.8.jar:3.7.8]
	at reactor.core.publisher.FluxCreate$BufferAsyncSink.next(FluxCreate.java:805) ~[reactor-core-3.7.8.jar:3.7.8]
	at reactor.core.publisher.FluxCreate$SerializedFluxSink.next(FluxCreate.java:163) ~[reactor-core-3.7.8.jar:3.7.8]
	at io.r2dbc.postgresql.client.ReactorNettyClient$Conversation.emit(ReactorNettyClient.java:696) ~[r2dbc-postgresql-1.0.7.RELEASE.jar:1.0.7.RELEASE]
	at io.r2dbc.postgresql.client.ReactorNettyClient$BackendMessageSubscriber.emit(ReactorNettyClient.java:948) ~[r2dbc-postgresql-1.0.7.RELEASE.jar:1.0.7.RELEASE]
	at io.r2dbc.postgresql.client.ReactorNettyClient$BackendMessageSubscriber.onNext(ReactorNettyClient.java:822) ~[r2dbc-postgresql-1.0.7.RELEASE.jar:1.0.7.RELEASE]
	at io.r2dbc.postgresql.client.ReactorNettyClient$BackendMessageSubscriber.onNext(ReactorNettyClient.java:728) ~[r2dbc-postgresql-1.0.7.RELEASE.jar:1.0.7.RELEASE]
	at reactor.core.publisher.FluxHandle$HandleSubscriber.onNext(FluxHandle.java:129) ~[reactor-core-3.7.8.jar:3.7.8]
	at reactor.core.publisher.FluxPeekFuseable$PeekConditionalSubscriber.onNext(FluxPeekFuseable.java:854) ~[reactor-core-3.7.8.jar:3.7.8]
	at reactor.core.publisher.FluxMap$MapConditionalSubscriber.onNext(FluxMap.java:224) ~[reactor-core-3.7.8.jar:3.7.8]
	at reactor.core.publisher.FluxMap$MapConditionalSubscriber.onNext(FluxMap.java:224) ~[reactor-core-3.7.8.jar:3.7.8]
	at reactor.netty.channel.FluxReceive.drainReceiver(FluxReceive.java:292) ~[reactor-netty-core-1.2.8.jar:1.2.8]
	at reactor.netty.channel.FluxReceive.onInboundNext(FluxReceive.java:401) ~[reactor-netty-core-1.2.8.jar:1.2.8]
	at reactor.netty.channel.ChannelOperations.onInboundNext(ChannelOperations.java:435) ~[reactor-netty-core-1.2.8.jar:1.2.8]
	at reactor.netty.channel.ChannelOperationsHandler.channelRead(ChannelOperationsHandler.java:115) ~[reactor-netty-core-1.2.8.jar:1.2.8]
	at io.netty.channel.AbstractChannelHandlerContext.invokeChannelRead(AbstractChannelHandlerContext.java:444) ~[netty-transport-4.1.123.Final.jar:4.1.123.Final]
	at io.netty.channel.AbstractChannelHandlerContext.invokeChannelRead(AbstractChannelHandlerContext.java:420) ~[netty-transport-4.1.123.Final.jar:4.1.123.Final]
	at io.netty.channel.AbstractChannelHandlerContext.fireChannelRead(AbstractChannelHandlerContext.java:412) ~[netty-transport-4.1.123.Final.jar:4.1.123.Final]
	at io.netty.handler.codec.ByteToMessageDecoder.fireChannelRead(ByteToMessageDecoder.java:346) ~[netty-codec-4.1.123.Final.jar:4.1.123.Final]
	at io.netty.handler.codec.ByteToMessageDecoder.fireChannelRead(ByteToMessageDecoder.java:333) ~[netty-codec-4.1.123.Final.jar:4.1.123.Final]
	at io.netty.handler.codec.ByteToMessageDecoder.callDecode(ByteToMessageDecoder.java:455) ~[netty-codec-4.1.123.Final.jar:4.1.123.Final]
	at io.netty.handler.codec.ByteToMessageDecoder.channelRead(ByteToMessageDecoder.java:290) ~[netty-codec-4.1.123.Final.jar:4.1.123.Final]
	at io.netty.channel.AbstractChannelHandlerContext.invokeChannelRead(AbstractChannelHandlerContext.java:444) ~[netty-transport-4.1.123.Final.jar:4.1.123.Final]
	at io.netty.channel.AbstractChannelHandlerContext.invokeChannelRead(AbstractChannelHandlerContext.java:420) ~[netty-transport-4.1.123.Final.jar:4.1.123.Final]
	at io.netty.channel.AbstractChannelHandlerContext.fireChannelRead(AbstractChannelHandlerContext.java:412) ~[netty-transport-4.1.123.Final.jar:4.1.123.Final]
	at io.netty.channel.DefaultChannelPipeline$HeadContext.channelRead(DefaultChannelPipeline.java:1357) ~[netty-transport-4.1.123.Final.jar:4.1.123.Final]
	at io.netty.channel.AbstractChannelHandlerContext.invokeChannelRead(AbstractChannelHandlerContext.java:440) ~[netty-transport-4.1.123.Final.jar:4.1.123.Final]
	at io.netty.channel.AbstractChannelHandlerContext.invokeChannelRead(AbstractChannelHandlerContext.java:420) ~[netty-transport-4.1.123.Final.jar:4.1.123.Final]
	at io.netty.channel.DefaultChannelPipeline.fireChannelRead(DefaultChannelPipeline.java:868) ~[netty-transport-4.1.123.Final.jar:4.1.123.Final]
	at io.netty.channel.kqueue.AbstractKQueueStreamChannel$KQueueStreamUnsafe.readReady(AbstractKQueueStreamChannel.java:543) ~[netty-transport-classes-kqueue-4.1.123.Final.jar:4.1.123.Final]
	at io.netty.channel.kqueue.AbstractKQueueChannel$AbstractKQueueUnsafe.readReady(AbstractKQueueChannel.java:390) ~[netty-transport-classes-kqueue-4.1.123.Final.jar:4.1.123.Final]
	at io.netty.channel.kqueue.KQueueEventLoop.processReady(KQueueEventLoop.java:274) ~[netty-transport-classes-kqueue-4.1.123.Final.jar:4.1.123.Final]
	at io.netty.channel.kqueue.KQueueEventLoop.run(KQueueEventLoop.java:352) ~[netty-transport-classes-kqueue-4.1.123.Final.jar:4.1.123.Final]
	at io.netty.util.concurrent.SingleThreadEventExecutor$4.run(SingleThreadEventExecutor.java:998) ~[netty-common-4.1.123.Final.jar:4.1.123.Final]
	at io.netty.util.internal.ThreadExecutorMap$2.run(ThreadExecutorMap.java:74) ~[netty-common-4.1.123.Final.jar:4.1.123.Final]
	at io.netty.util.concurrent.FastThreadLocalRunnable.run(FastThreadLocalRunnable.java:30) ~[netty-common-4.1.123.Final.jar:4.1.123.Final]
	at java.base/java.lang.Thread.run(Thread.java:1583) ~[na:na]
Caused by: org.springframework.expression.spel.SpelEvaluationException: EL1004E: Method call: Method getId() cannot be found on type java.util.LinkedHashMap
	at org.springframework.expression.spel.ast.MethodReference.findAccessorForMethod(MethodReference.java:238) ~[spring-expression-6.2.9.jar:6.2.9]
	at org.springframework.expression.spel.ast.MethodReference.getValueInternal(MethodReference.java:148) ~[spring-expression-6.2.9.jar:6.2.9]
	at org.springframework.expression.spel.ast.MethodReference$MethodValueRef.getValue(MethodReference.java:398) ~[spring-expression-6.2.9.jar:6.2.9]
	at org.springframework.expression.spel.ast.CompoundExpression.getValueInternal(CompoundExpression.java:97) ~[spring-expression-6.2.9.jar:6.2.9]
	at org.springframework.expression.spel.ast.OpPlus.getValueInternal(OpPlus.java:95) ~[spring-expression-6.2.9.jar:6.2.9]
	at org.springframework.expression.spel.ast.SpelNodeImpl.getValue(SpelNodeImpl.java:116) ~[spring-expression-6.2.9.jar:6.2.9]
	at org.springframework.expression.spel.standard.SpelExpression.getValue(SpelExpression.java:338) ~[spring-expression-6.2.9.jar:6.2.9]
	at org.thymeleaf.spring6.expression.SPELVariableExpressionEvaluator.evaluate(SPELVariableExpressionEvaluator.java:265) ~[thymeleaf-spring6-3.1.3.RELEASE.jar:3.1.3.RELEASE]
	... 98 common frames omitted

2025-07-31T18:35:24.386+03:00 ERROR 13097 --- [reactor-tcp-kqueue-8] o.t.spring6.SpringWebFluxTemplateEngine  : [THYMELEAF][reactor-tcp-kqueue-8] Exception processing template "main": Exception evaluating SpringEL expression: "'/items/'+item.getId()" (template: "main" - line 56, col 32)

org.thymeleaf.exceptions.TemplateProcessingException: Exception evaluating SpringEL expression: "'/items/'+item.getId()" (template: "main" - line 56, col 32)
	at org.thymeleaf.spring6.expression.SPELVariableExpressionEvaluator.evaluate(SPELVariableExpressionEvaluator.java:292) ~[thymeleaf-spring6-3.1.3.RELEASE.jar:3.1.3.RELEASE]
	at org.thymeleaf.standard.expression.VariableExpression.executeVariableExpression(VariableExpression.java:166) ~[thymeleaf-3.1.3.RELEASE.jar:3.1.3.RELEASE]
	at org.thymeleaf.standard.expression.SimpleExpression.executeSimple(SimpleExpression.java:66) ~[thymeleaf-3.1.3.RELEASE.jar:3.1.3.RELEASE]
	at org.thymeleaf.standard.expression.Expression.execute(Expression.java:109) ~[thymeleaf-3.1.3.RELEASE.jar:3.1.3.RELEASE]
	at org.thymeleaf.standard.expression.Expression.execute(Expression.java:138) ~[thymeleaf-3.1.3.RELEASE.jar:3.1.3.RELEASE]
	at org.thymeleaf.standard.processor.AbstractStandardExpressionAttributeTagProcessor.doProcess(AbstractStandardExpressionAttributeTagProcessor.java:144) ~[thymeleaf-3.1.3.RELEASE.jar:3.1.3.RELEASE]
	at org.thymeleaf.processor.element.AbstractAttributeTagProcessor.doProcess(AbstractAttributeTagProcessor.java:74) ~[thymeleaf-3.1.3.RELEASE.jar:3.1.3.RELEASE]
	at org.thymeleaf.processor.element.AbstractElementTagProcessor.process(AbstractElementTagProcessor.java:95) ~[thymeleaf-3.1.3.RELEASE.jar:3.1.3.RELEASE]
	at org.thymeleaf.util.ProcessorConfigurationUtils$ElementTagProcessorWrapper.process(ProcessorConfigurationUtils.java:633) ~[thymeleaf-3.1.3.RELEASE.jar:3.1.3.RELEASE]
	at org.thymeleaf.engine.ProcessorTemplateHandler.handleOpenElement(ProcessorTemplateHandler.java:1314) ~[thymeleaf-3.1.3.RELEASE.jar:3.1.3.RELEASE]
	at org.thymeleaf.engine.OpenElementTag.beHandled(OpenElementTag.java:205) ~[thymeleaf-3.1.3.RELEASE.jar:3.1.3.RELEASE]
	at org.thymeleaf.engine.Model.process(Model.java:282) ~[thymeleaf-3.1.3.RELEASE.jar:3.1.3.RELEASE]
	at org.thymeleaf.engine.Model.process(Model.java:290) ~[thymeleaf-3.1.3.RELEASE.jar:3.1.3.RELEASE]
	at org.thymeleaf.engine.IteratedGatheringModelProcessable.processIterationModel(IteratedGatheringModelProcessable.java:368) ~[thymeleaf-3.1.3.RELEASE.jar:3.1.3.RELEASE]
	at org.thymeleaf.engine.IteratedGatheringModelProcessable.process(IteratedGatheringModelProcessable.java:222) ~[thymeleaf-3.1.3.RELEASE.jar:3.1.3.RELEASE]
	at org.thymeleaf.engine.ProcessorTemplateHandler.handleCloseElement(ProcessorTemplateHandler.java:1640) ~[thymeleaf-3.1.3.RELEASE.jar:3.1.3.RELEASE]
	at org.thymeleaf.engine.CloseElementTag.beHandled(CloseElementTag.java:139) ~[thymeleaf-3.1.3.RELEASE.jar:3.1.3.RELEASE]
	at org.thymeleaf.engine.Model.process(Model.java:282) ~[thymeleaf-3.1.3.RELEASE.jar:3.1.3.RELEASE]
	at org.thymeleaf.engine.Model.process(Model.java:290) ~[thymeleaf-3.1.3.RELEASE.jar:3.1.3.RELEASE]
	at org.thymeleaf.engine.IteratedGatheringModelProcessable.processIterationModel(IteratedGatheringModelProcessable.java:368) ~[thymeleaf-3.1.3.RELEASE.jar:3.1.3.RELEASE]
	at org.thymeleaf.engine.IteratedGatheringModelProcessable.process(IteratedGatheringModelProcessable.java:222) ~[thymeleaf-3.1.3.RELEASE.jar:3.1.3.RELEASE]
	at org.thymeleaf.engine.ProcessorTemplateHandler.handleCloseElement(ProcessorTemplateHandler.java:1640) ~[thymeleaf-3.1.3.RELEASE.jar:3.1.3.RELEASE]
	at org.thymeleaf.engine.CloseElementTag.beHandled(CloseElementTag.java:139) ~[thymeleaf-3.1.3.RELEASE.jar:3.1.3.RELEASE]
	at org.thymeleaf.engine.TemplateModel.process(TemplateModel.java:136) ~[thymeleaf-3.1.3.RELEASE.jar:3.1.3.RELEASE]
	at org.thymeleaf.engine.TemplateManager.parseAndProcess(TemplateManager.java:592) ~[thymeleaf-3.1.3.RELEASE.jar:3.1.3.RELEASE]
	at org.thymeleaf.TemplateEngine.process(TemplateEngine.java:1103) ~[thymeleaf-3.1.3.RELEASE.jar:3.1.3.RELEASE]
	at org.thymeleaf.TemplateEngine.process(TemplateEngine.java:1077) ~[thymeleaf-3.1.3.RELEASE.jar:3.1.3.RELEASE]
	at org.thymeleaf.spring6.SpringWebFluxTemplateEngine.lambda$createFullStream$0(SpringWebFluxTemplateEngine.java:198) ~[thymeleaf-spring6-3.1.3.RELEASE.jar:3.1.3.RELEASE]
	at reactor.core.publisher.MonoCreate.subscribe(MonoCreate.java:61) ~[reactor-core-3.7.8.jar:3.7.8]
	at reactor.core.publisher.InternalMonoOperator.subscribe(InternalMonoOperator.java:76) ~[reactor-core-3.7.8.jar:3.7.8]
	at reactor.core.publisher.MonoFlatMap$FlatMapMain.onNext(MonoFlatMap.java:165) ~[reactor-core-3.7.8.jar:3.7.8]
	at reactor.core.publisher.MonoIgnoreThen$ThenIgnoreMain.complete(MonoIgnoreThen.java:294) ~[reactor-core-3.7.8.jar:3.7.8]
	at reactor.core.publisher.MonoIgnoreThen$ThenIgnoreMain.onNext(MonoIgnoreThen.java:188) ~[reactor-core-3.7.8.jar:3.7.8]
	at reactor.core.publisher.MonoIgnoreThen$ThenIgnoreMain.subscribeNext(MonoIgnoreThen.java:237) ~[reactor-core-3.7.8.jar:3.7.8]
	at reactor.core.publisher.MonoIgnoreThen$ThenIgnoreMain.onComplete(MonoIgnoreThen.java:204) ~[reactor-core-3.7.8.jar:3.7.8]
	at reactor.core.publisher.MonoPeekTerminal$MonoTerminalPeekSubscriber.onComplete(MonoPeekTerminal.java:299) ~[reactor-core-3.7.8.jar:3.7.8]
	at reactor.core.publisher.MonoWhen$WhenCoordinator.signal(MonoWhen.java:213) ~[reactor-core-3.7.8.jar:3.7.8]
	at reactor.core.publisher.MonoWhen$WhenInner.onComplete(MonoWhen.java:429) ~[reactor-core-3.7.8.jar:3.7.8]
	at reactor.core.publisher.MonoPeekTerminal$MonoTerminalPeekSubscriber.onComplete(MonoPeekTerminal.java:299) ~[reactor-core-3.7.8.jar:3.7.8]
	at reactor.core.publisher.MonoZip$ZipCoordinator.signal(MonoZip.java:298) ~[reactor-core-3.7.8.jar:3.7.8]
	at reactor.core.publisher.MonoZip$ZipInner.onNext(MonoZip.java:478) ~[reactor-core-3.7.8.jar:3.7.8]
	at reactor.core.publisher.FluxMap$MapSubscriber.onNext(FluxMap.java:122) ~[reactor-core-3.7.8.jar:3.7.8]
	at reactor.core.publisher.MonoUsingWhen$MonoUsingWhenSubscriber.deferredComplete(MonoUsingWhen.java:268) ~[reactor-core-3.7.8.jar:3.7.8]
	at reactor.core.publisher.FluxUsingWhen$CommitInner.onComplete(FluxUsingWhen.java:532) ~[reactor-core-3.7.8.jar:3.7.8]
	at reactor.core.publisher.Operators.complete(Operators.java:137) ~[reactor-core-3.7.8.jar:3.7.8]
	at reactor.core.publisher.MonoEmpty.subscribe(MonoEmpty.java:46) ~[reactor-core-3.7.8.jar:3.7.8]
	at reactor.core.publisher.Mono.subscribe(Mono.java:4576) ~[reactor-core-3.7.8.jar:3.7.8]
	at reactor.core.publisher.FluxUsingWhen$UsingWhenSubscriber.onComplete(FluxUsingWhen.java:389) ~[reactor-core-3.7.8.jar:3.7.8]
	at reactor.core.publisher.FluxDefaultIfEmpty$DefaultIfEmptySubscriber.onComplete(FluxDefaultIfEmpty.java:139) ~[reactor-core-3.7.8.jar:3.7.8]
	at reactor.core.publisher.MonoNext$NextSubscriber.onComplete(MonoNext.java:102) ~[reactor-core-3.7.8.jar:3.7.8]
	at reactor.core.publisher.MonoNext$NextSubscriber.onNext(MonoNext.java:83) ~[reactor-core-3.7.8.jar:3.7.8]
	at reactor.core.publisher.FluxOnErrorResume$ResumeSubscriber.onNext(FluxOnErrorResume.java:79) ~[reactor-core-3.7.8.jar:3.7.8]
	at reactor.core.publisher.FluxUsingWhen$UsingWhenSubscriber.onNext(FluxUsingWhen.java:348) ~[reactor-core-3.7.8.jar:3.7.8]
	at reactor.core.publisher.FluxFlatMap$FlatMapMain.tryEmit(FluxFlatMap.java:547) ~[reactor-core-3.7.8.jar:3.7.8]
	at reactor.core.publisher.FluxFlatMap$FlatMapInner.onNext(FluxFlatMap.java:988) ~[reactor-core-3.7.8.jar:3.7.8]
	at reactor.core.publisher.FluxHandleFuseable$HandleFuseableSubscriber.onNext(FluxHandleFuseable.java:194) ~[reactor-core-3.7.8.jar:3.7.8]
	at reactor.core.publisher.FluxWindowPredicate$WindowFlux.drainRegular(FluxWindowPredicate.java:670) ~[reactor-core-3.7.8.jar:3.7.8]
	at reactor.core.publisher.FluxWindowPredicate$WindowFlux.drain(FluxWindowPredicate.java:748) ~[reactor-core-3.7.8.jar:3.7.8]
	at reactor.core.publisher.FluxWindowPredicate$WindowFlux.onNext(FluxWindowPredicate.java:790) ~[reactor-core-3.7.8.jar:3.7.8]
	at reactor.core.publisher.FluxWindowPredicate$WindowPredicateMain.onNext(FluxWindowPredicate.java:268) ~[reactor-core-3.7.8.jar:3.7.8]
	at io.r2dbc.postgresql.util.FluxDiscardOnCancel$FluxDiscardOnCancelSubscriber.onNext(FluxDiscardOnCancel.java:91) ~[r2dbc-postgresql-1.0.7.RELEASE.jar:1.0.7.RELEASE]
	at reactor.core.publisher.FluxContextWrite$ContextWriteSubscriber.onNext(FluxContextWrite.java:107) ~[reactor-core-3.7.8.jar:3.7.8]
	at reactor.core.publisher.FluxCreate$BufferAsyncSink.drain(FluxCreate.java:880) ~[reactor-core-3.7.8.jar:3.7.8]
	at reactor.core.publisher.FluxCreate$BufferAsyncSink.next(FluxCreate.java:805) ~[reactor-core-3.7.8.jar:3.7.8]
	at reactor.core.publisher.FluxCreate$SerializedFluxSink.next(FluxCreate.java:163) ~[reactor-core-3.7.8.jar:3.7.8]
	at io.r2dbc.postgresql.client.ReactorNettyClient$Conversation.emit(ReactorNettyClient.java:696) ~[r2dbc-postgresql-1.0.7.RELEASE.jar:1.0.7.RELEASE]
	at io.r2dbc.postgresql.client.ReactorNettyClient$BackendMessageSubscriber.emit(ReactorNettyClient.java:948) ~[r2dbc-postgresql-1.0.7.RELEASE.jar:1.0.7.RELEASE]
	at io.r2dbc.postgresql.client.ReactorNettyClient$BackendMessageSubscriber.onNext(ReactorNettyClient.java:822) ~[r2dbc-postgresql-1.0.7.RELEASE.jar:1.0.7.RELEASE]
	at io.r2dbc.postgresql.client.ReactorNettyClient$BackendMessageSubscriber.onNext(ReactorNettyClient.java:728) ~[r2dbc-postgresql-1.0.7.RELEASE.jar:1.0.7.RELEASE]
	at reactor.core.publisher.FluxHandle$HandleSubscriber.onNext(FluxHandle.java:129) ~[reactor-core-3.7.8.jar:3.7.8]
	at reactor.core.publisher.FluxPeekFuseable$PeekConditionalSubscriber.onNext(FluxPeekFuseable.java:854) ~[reactor-core-3.7.8.jar:3.7.8]
	at reactor.core.publisher.FluxMap$MapConditionalSubscriber.onNext(FluxMap.java:224) ~[reactor-core-3.7.8.jar:3.7.8]
	at reactor.core.publisher.FluxMap$MapConditionalSubscriber.onNext(FluxMap.java:224) ~[reactor-core-3.7.8.jar:3.7.8]
	at reactor.netty.channel.FluxReceive.drainReceiver(FluxReceive.java:292) ~[reactor-netty-core-1.2.8.jar:1.2.8]
	at reactor.netty.channel.FluxReceive.onInboundNext(FluxReceive.java:401) ~[reactor-netty-core-1.2.8.jar:1.2.8]
	at reactor.netty.channel.ChannelOperations.onInboundNext(ChannelOperations.java:435) ~[reactor-netty-core-1.2.8.jar:1.2.8]
	at reactor.netty.channel.ChannelOperationsHandler.channelRead(ChannelOperationsHandler.java:115) ~[reactor-netty-core-1.2.8.jar:1.2.8]
	at io.netty.channel.AbstractChannelHandlerContext.invokeChannelRead(AbstractChannelHandlerContext.java:444) ~[netty-transport-4.1.123.Final.jar:4.1.123.Final]
	at io.netty.channel.AbstractChannelHandlerContext.invokeChannelRead(AbstractChannelHandlerContext.java:420) ~[netty-transport-4.1.123.Final.jar:4.1.123.Final]
	at io.netty.channel.AbstractChannelHandlerContext.fireChannelRead(AbstractChannelHandlerContext.java:412) ~[netty-transport-4.1.123.Final.jar:4.1.123.Final]
	at io.netty.handler.codec.ByteToMessageDecoder.fireChannelRead(ByteToMessageDecoder.java:346) ~[netty-codec-4.1.123.Final.jar:4.1.123.Final]
	at io.netty.handler.codec.ByteToMessageDecoder.fireChannelRead(ByteToMessageDecoder.java:333) ~[netty-codec-4.1.123.Final.jar:4.1.123.Final]
	at io.netty.handler.codec.ByteToMessageDecoder.callDecode(ByteToMessageDecoder.java:455) ~[netty-codec-4.1.123.Final.jar:4.1.123.Final]
	at io.netty.handler.codec.ByteToMessageDecoder.channelRead(ByteToMessageDecoder.java:290) ~[netty-codec-4.1.123.Final.jar:4.1.123.Final]
	at io.netty.channel.AbstractChannelHandlerContext.invokeChannelRead(AbstractChannelHandlerContext.java:444) ~[netty-transport-4.1.123.Final.jar:4.1.123.Final]
	at io.netty.channel.AbstractChannelHandlerContext.invokeChannelRead(AbstractChannelHandlerContext.java:420) ~[netty-transport-4.1.123.Final.jar:4.1.123.Final]
	at io.netty.channel.AbstractChannelHandlerContext.fireChannelRead(AbstractChannelHandlerContext.java:412) ~[netty-transport-4.1.123.Final.jar:4.1.123.Final]
	at io.netty.channel.DefaultChannelPipeline$HeadContext.channelRead(DefaultChannelPipeline.java:1357) ~[netty-transport-4.1.123.Final.jar:4.1.123.Final]
	at io.netty.channel.AbstractChannelHandlerContext.invokeChannelRead(AbstractChannelHandlerContext.java:440) ~[netty-transport-4.1.123.Final.jar:4.1.123.Final]
	at io.netty.channel.AbstractChannelHandlerContext.invokeChannelRead(AbstractChannelHandlerContext.java:420) ~[netty-transport-4.1.123.Final.jar:4.1.123.Final]
	at io.netty.channel.DefaultChannelPipeline.fireChannelRead(DefaultChannelPipeline.java:868) ~[netty-transport-4.1.123.Final.jar:4.1.123.Final]
	at io.netty.channel.kqueue.AbstractKQueueStreamChannel$KQueueStreamUnsafe.readReady(AbstractKQueueStreamChannel.java:543) ~[netty-transport-classes-kqueue-4.1.123.Final.jar:4.1.123.Final]
	at io.netty.channel.kqueue.AbstractKQueueChannel$AbstractKQueueUnsafe.readReady(AbstractKQueueChannel.java:390) ~[netty-transport-classes-kqueue-4.1.123.Final.jar:4.1.123.Final]
	at io.netty.channel.kqueue.KQueueEventLoop.processReady(KQueueEventLoop.java:274) ~[netty-transport-classes-kqueue-4.1.123.Final.jar:4.1.123.Final]
	at io.netty.channel.kqueue.KQueueEventLoop.run(KQueueEventLoop.java:352) ~[netty-transport-classes-kqueue-4.1.123.Final.jar:4.1.123.Final]
	at io.netty.util.concurrent.SingleThreadEventExecutor$4.run(SingleThreadEventExecutor.java:998) ~[netty-common-4.1.123.Final.jar:4.1.123.Final]
	at io.netty.util.internal.ThreadExecutorMap$2.run(ThreadExecutorMap.java:74) ~[netty-common-4.1.123.Final.jar:4.1.123.Final]
	at io.netty.util.concurrent.FastThreadLocalRunnable.run(FastThreadLocalRunnable.java:30) ~[netty-common-4.1.123.Final.jar:4.1.123.Final]
	at java.base/java.lang.Thread.run(Thread.java:1583) ~[na:na]
Caused by: org.springframework.expression.spel.SpelEvaluationException: EL1004E: Method call: Method getId() cannot be found on type java.util.LinkedHashMap
	at org.springframework.expression.spel.ast.MethodReference.findAccessorForMethod(MethodReference.java:238) ~[spring-expression-6.2.9.jar:6.2.9]
	at org.springframework.expression.spel.ast.MethodReference.getValueInternal(MethodReference.java:148) ~[spring-expression-6.2.9.jar:6.2.9]
	at org.springframework.expression.spel.ast.MethodReference$MethodValueRef.getValue(MethodReference.java:398) ~[spring-expression-6.2.9.jar:6.2.9]
	at org.springframework.expression.spel.ast.CompoundExpression.getValueInternal(CompoundExpression.java:97) ~[spring-expression-6.2.9.jar:6.2.9]
	at org.springframework.expression.spel.ast.OpPlus.getValueInternal(OpPlus.java:95) ~[spring-expression-6.2.9.jar:6.2.9]
	at org.springframework.expression.spel.ast.SpelNodeImpl.getValue(SpelNodeImpl.java:116) ~[spring-expression-6.2.9.jar:6.2.9]
	at org.springframework.expression.spel.standard.SpelExpression.getValue(SpelExpression.java:338) ~[spring-expression-6.2.9.jar:6.2.9]
	at org.thymeleaf.spring6.expression.SPELVariableExpressionEvaluator.evaluate(SPELVariableExpressionEvaluator.java:265) ~[thymeleaf-spring6-3.1.3.RELEASE.jar:3.1.3.RELEASE]
	... 98 common frames omitted

2025-07-31T18:35:24.392+03:00 ERROR 13097 --- [reactor-tcp-kqueue-8] a.w.r.e.AbstractErrorWebExceptionHandler : [22b1968f-15]  500 Server Error for HTTP GET "/main/items"

org.thymeleaf.exceptions.TemplateProcessingException: Exception evaluating SpringEL expression: "'/items/'+item.getId()" (template: "main" - line 56, col 32)
	at org.thymeleaf.spring6.expression.SPELVariableExpressionEvaluator.evaluate(SPELVariableExpressionEvaluator.java:292) ~[thymeleaf-spring6-3.1.3.RELEASE.jar:3.1.3.RELEASE]
	Suppressed: reactor.core.publisher.FluxOnAssembly$OnAssemblyException: 
Error has been observed at the following site(s):
	*__checkpoint ⇢ Handler ru.yandex.practicum.controller.ShopController#getItems(Model, String, String, int, int) [DispatcherHandler]
	*__checkpoint ⇢ HTTP GET "/main/items" [ExceptionHandlingWebHandler]
Original Stack Trace:
		at org.thymeleaf.spring6.expression.SPELVariableExpressionEvaluator.evaluate(SPELVariableExpressionEvaluator.java:292) ~[thymeleaf-spring6-3.1.3.RELEASE.jar:3.1.3.RELEASE]
		at org.thymeleaf.standard.expression.VariableExpression.executeVariableExpression(VariableExpression.java:166) ~[thymeleaf-3.1.3.RELEASE.jar:3.1.3.RELEASE]
		at org.thymeleaf.standard.expression.SimpleExpression.executeSimple(SimpleExpression.java:66) ~[thymeleaf-3.1.3.RELEASE.jar:3.1.3.RELEASE]
		at org.thymeleaf.standard.expression.Expression.execute(Expression.java:109) ~[thymeleaf-3.1.3.RELEASE.jar:3.1.3.RELEASE]
		at org.thymeleaf.standard.expression.Expression.execute(Expression.java:138) ~[thymeleaf-3.1.3.RELEASE.jar:3.1.3.RELEASE]
		at org.thymeleaf.standard.processor.AbstractStandardExpressionAttributeTagProcessor.doProcess(AbstractStandardExpressionAttributeTagProcessor.java:144) ~[thymeleaf-3.1.3.RELEASE.jar:3.1.3.RELEASE]
		at org.thymeleaf.processor.element.AbstractAttributeTagProcessor.doProcess(AbstractAttributeTagProcessor.java:74) ~[thymeleaf-3.1.3.RELEASE.jar:3.1.3.RELEASE]
		at org.thymeleaf.processor.element.AbstractElementTagProcessor.process(AbstractElementTagProcessor.java:95) ~[thymeleaf-3.1.3.RELEASE.jar:3.1.3.RELEASE]
		at org.thymeleaf.util.ProcessorConfigurationUtils$ElementTagProcessorWrapper.process(ProcessorConfigurationUtils.java:633) ~[thymeleaf-3.1.3.RELEASE.jar:3.1.3.RELEASE]
		at org.thymeleaf.engine.ProcessorTemplateHandler.handleOpenElement(ProcessorTemplateHandler.java:1314) ~[thymeleaf-3.1.3.RELEASE.jar:3.1.3.RELEASE]
		at org.thymeleaf.engine.OpenElementTag.beHandled(OpenElementTag.java:205) ~[thymeleaf-3.1.3.RELEASE.jar:3.1.3.RELEASE]
		at org.thymeleaf.engine.Model.process(Model.java:282) ~[thymeleaf-3.1.3.RELEASE.jar:3.1.3.RELEASE]
		at org.thymeleaf.engine.Model.process(Model.java:290) ~[thymeleaf-3.1.3.RELEASE.jar:3.1.3.RELEASE]
		at org.thymeleaf.engine.IteratedGatheringModelProcessable.processIterationModel(IteratedGatheringModelProcessable.java:368) ~[thymeleaf-3.1.3.RELEASE.jar:3.1.3.RELEASE]
		at org.thymeleaf.engine.IteratedGatheringModelProcessable.process(IteratedGatheringModelProcessable.java:222) ~[thymeleaf-3.1.3.RELEASE.jar:3.1.3.RELEASE]
		at org.thymeleaf.engine.ProcessorTemplateHandler.handleCloseElement(ProcessorTemplateHandler.java:1640) ~[thymeleaf-3.1.3.RELEASE.jar:3.1.3.RELEASE]
		at org.thymeleaf.engine.CloseElementTag.beHandled(CloseElementTag.java:139) ~[thymeleaf-3.1.3.RELEASE.jar:3.1.3.RELEASE]
		at org.thymeleaf.engine.Model.process(Model.java:282) ~[thymeleaf-3.1.3.RELEASE.jar:3.1.3.RELEASE]
		at org.thymeleaf.engine.Model.process(Model.java:290) ~[thymeleaf-3.1.3.RELEASE.jar:3.1.3.RELEASE]
		at org.thymeleaf.engine.IteratedGatheringModelProcessable.processIterationModel(IteratedGatheringModelProcessable.java:368) ~[thymeleaf-3.1.3.RELEASE.jar:3.1.3.RELEASE]
		at org.thymeleaf.engine.IteratedGatheringModelProcessable.process(IteratedGatheringModelProcessable.java:222) ~[thymeleaf-3.1.3.RELEASE.jar:3.1.3.RELEASE]
		at org.thymeleaf.engine.ProcessorTemplateHandler.handleCloseElement(ProcessorTemplateHandler.java:1640) ~[thymeleaf-3.1.3.RELEASE.jar:3.1.3.RELEASE]
		at org.thymeleaf.engine.CloseElementTag.beHandled(CloseElementTag.java:139) ~[thymeleaf-3.1.3.RELEASE.jar:3.1.3.RELEASE]
		at org.thymeleaf.engine.TemplateModel.process(TemplateModel.java:136) ~[thymeleaf-3.1.3.RELEASE.jar:3.1.3.RELEASE]
		at org.thymeleaf.engine.TemplateManager.parseAndProcess(TemplateManager.java:592) ~[thymeleaf-3.1.3.RELEASE.jar:3.1.3.RELEASE]
		at org.thymeleaf.TemplateEngine.process(TemplateEngine.java:1103) ~[thymeleaf-3.1.3.RELEASE.jar:3.1.3.RELEASE]
		at org.thymeleaf.TemplateEngine.process(TemplateEngine.java:1077) ~[thymeleaf-3.1.3.RELEASE.jar:3.1.3.RELEASE]
		at org.thymeleaf.spring6.SpringWebFluxTemplateEngine.lambda$createFullStream$0(SpringWebFluxTemplateEngine.java:198) ~[thymeleaf-spring6-3.1.3.RELEASE.jar:3.1.3.RELEASE]
		at reactor.core.publisher.MonoCreate.subscribe(MonoCreate.java:61) ~[reactor-core-3.7.8.jar:3.7.8]
		at reactor.core.publisher.InternalMonoOperator.subscribe(InternalMonoOperator.java:76) ~[reactor-core-3.7.8.jar:3.7.8]
		at reactor.core.publisher.MonoFlatMap$FlatMapMain.onNext(MonoFlatMap.java:165) ~[reactor-core-3.7.8.jar:3.7.8]
		at reactor.core.publisher.MonoIgnoreThen$ThenIgnoreMain.complete(MonoIgnoreThen.java:294) ~[reactor-core-3.7.8.jar:3.7.8]
		at reactor.core.publisher.MonoIgnoreThen$ThenIgnoreMain.onNext(MonoIgnoreThen.java:188) ~[reactor-core-3.7.8.jar:3.7.8]
		at reactor.core.publisher.MonoIgnoreThen$ThenIgnoreMain.subscribeNext(MonoIgnoreThen.java:237) ~[reactor-core-3.7.8.jar:3.7.8]
		at reactor.core.publisher.MonoIgnoreThen$ThenIgnoreMain.onComplete(MonoIgnoreThen.java:204) ~[reactor-core-3.7.8.jar:3.7.8]
		at reactor.core.publisher.MonoPeekTerminal$MonoTerminalPeekSubscriber.onComplete(MonoPeekTerminal.java:299) ~[reactor-core-3.7.8.jar:3.7.8]
		at reactor.core.publisher.MonoWhen$WhenCoordinator.signal(MonoWhen.java:213) ~[reactor-core-3.7.8.jar:3.7.8]
		at reactor.core.publisher.MonoWhen$WhenInner.onComplete(MonoWhen.java:429) ~[reactor-core-3.7.8.jar:3.7.8]
		at reactor.core.publisher.MonoPeekTerminal$MonoTerminalPeekSubscriber.onComplete(MonoPeekTerminal.java:299) ~[reactor-core-3.7.8.jar:3.7.8]
		at reactor.core.publisher.MonoZip$ZipCoordinator.signal(MonoZip.java:298) ~[reactor-core-3.7.8.jar:3.7.8]
		at reactor.core.publisher.MonoZip$ZipInner.onNext(MonoZip.java:478) ~[reactor-core-3.7.8.jar:3.7.8]
		at reactor.core.publisher.FluxMap$MapSubscriber.onNext(FluxMap.java:122) ~[reactor-core-3.7.8.jar:3.7.8]
		at reactor.core.publisher.MonoUsingWhen$MonoUsingWhenSubscriber.deferredComplete(MonoUsingWhen.java:268) ~[reactor-core-3.7.8.jar:3.7.8]
		at reactor.core.publisher.FluxUsingWhen$CommitInner.onComplete(FluxUsingWhen.java:532) ~[reactor-core-3.7.8.jar:3.7.8]
		at reactor.core.publisher.Operators.complete(Operators.java:137) ~[reactor-core-3.7.8.jar:3.7.8]
		at reactor.core.publisher.MonoEmpty.subscribe(MonoEmpty.java:46) ~[reactor-core-3.7.8.jar:3.7.8]
		at reactor.core.publisher.Mono.subscribe(Mono.java:4576) ~[reactor-core-3.7.8.jar:3.7.8]
		at reactor.core.publisher.FluxUsingWhen$UsingWhenSubscriber.onComplete(FluxUsingWhen.java:389) ~[reactor-core-3.7.8.jar:3.7.8]
		at reactor.core.publisher.FluxDefaultIfEmpty$DefaultIfEmptySubscriber.onComplete(FluxDefaultIfEmpty.java:139) ~[reactor-core-3.7.8.jar:3.7.8]
		at reactor.core.publisher.MonoNext$NextSubscriber.onComplete(MonoNext.java:102) ~[reactor-core-3.7.8.jar:3.7.8]
		at reactor.core.publisher.MonoNext$NextSubscriber.onNext(MonoNext.java:83) ~[reactor-core-3.7.8.jar:3.7.8]
		at reactor.core.publisher.FluxOnErrorResume$ResumeSubscriber.onNext(FluxOnErrorResume.java:79) ~[reactor-core-3.7.8.jar:3.7.8]
		at reactor.core.publisher.FluxUsingWhen$UsingWhenSubscriber.onNext(FluxUsingWhen.java:348) ~[reactor-core-3.7.8.jar:3.7.8]
		at reactor.core.publisher.FluxFlatMap$FlatMapMain.tryEmit(FluxFlatMap.java:547) ~[reactor-core-3.7.8.jar:3.7.8]
		at reactor.core.publisher.FluxFlatMap$FlatMapInner.onNext(FluxFlatMap.java:988) ~[reactor-core-3.7.8.jar:3.7.8]
		at reactor.core.publisher.FluxHandleFuseable$HandleFuseableSubscriber.onNext(FluxHandleFuseable.java:194) ~[reactor-core-3.7.8.jar:3.7.8]
		at reactor.core.publisher.FluxWindowPredicate$WindowFlux.drainRegular(FluxWindowPredicate.java:670) ~[reactor-core-3.7.8.jar:3.7.8]
		at reactor.core.publisher.FluxWindowPredicate$WindowFlux.drain(FluxWindowPredicate.java:748) ~[reactor-core-3.7.8.jar:3.7.8]
		at reactor.core.publisher.FluxWindowPredicate$WindowFlux.onNext(FluxWindowPredicate.java:790) ~[reactor-core-3.7.8.jar:3.7.8]
		at reactor.core.publisher.FluxWindowPredicate$WindowPredicateMain.onNext(FluxWindowPredicate.java:268) ~[reactor-core-3.7.8.jar:3.7.8]
		at io.r2dbc.postgresql.util.FluxDiscardOnCancel$FluxDiscardOnCancelSubscriber.onNext(FluxDiscardOnCancel.java:91) ~[r2dbc-postgresql-1.0.7.RELEASE.jar:1.0.7.RELEASE]
		at reactor.core.publisher.FluxContextWrite$ContextWriteSubscriber.onNext(FluxContextWrite.java:107) ~[reactor-core-3.7.8.jar:3.7.8]
		at reactor.core.publisher.FluxCreate$BufferAsyncSink.drain(FluxCreate.java:880) ~[reactor-core-3.7.8.jar:3.7.8]
		at reactor.core.publisher.FluxCreate$BufferAsyncSink.next(FluxCreate.java:805) ~[reactor-core-3.7.8.jar:3.7.8]
		at reactor.core.publisher.FluxCreate$SerializedFluxSink.next(FluxCreate.java:163) ~[reactor-core-3.7.8.jar:3.7.8]
		at io.r2dbc.postgresql.client.ReactorNettyClient$Conversation.emit(ReactorNettyClient.java:696) ~[r2dbc-postgresql-1.0.7.RELEASE.jar:1.0.7.RELEASE]
		at io.r2dbc.postgresql.client.ReactorNettyClient$BackendMessageSubscriber.emit(ReactorNettyClient.java:948) ~[r2dbc-postgresql-1.0.7.RELEASE.jar:1.0.7.RELEASE]
		at io.r2dbc.postgresql.client.ReactorNettyClient$BackendMessageSubscriber.onNext(ReactorNettyClient.java:822) ~[r2dbc-postgresql-1.0.7.RELEASE.jar:1.0.7.RELEASE]
		at io.r2dbc.postgresql.client.ReactorNettyClient$BackendMessageSubscriber.onNext(ReactorNettyClient.java:728) ~[r2dbc-postgresql-1.0.7.RELEASE.jar:1.0.7.RELEASE]
		at reactor.core.publisher.FluxHandle$HandleSubscriber.onNext(FluxHandle.java:129) ~[reactor-core-3.7.8.jar:3.7.8]
		at reactor.core.publisher.FluxPeekFuseable$PeekConditionalSubscriber.onNext(FluxPeekFuseable.java:854) ~[reactor-core-3.7.8.jar:3.7.8]
		at reactor.core.publisher.FluxMap$MapConditionalSubscriber.onNext(FluxMap.java:224) ~[reactor-core-3.7.8.jar:3.7.8]
		at reactor.core.publisher.FluxMap$MapConditionalSubscriber.onNext(FluxMap.java:224) ~[reactor-core-3.7.8.jar:3.7.8]
		at reactor.netty.channel.FluxReceive.drainReceiver(FluxReceive.java:292) ~[reactor-netty-core-1.2.8.jar:1.2.8]
		at reactor.netty.channel.FluxReceive.onInboundNext(FluxReceive.java:401) ~[reactor-netty-core-1.2.8.jar:1.2.8]
		at reactor.netty.channel.ChannelOperations.onInboundNext(ChannelOperations.java:435) ~[reactor-netty-core-1.2.8.jar:1.2.8]
		at reactor.netty.channel.ChannelOperationsHandler.channelRead(ChannelOperationsHandler.java:115) ~[reactor-netty-core-1.2.8.jar:1.2.8]
		at io.netty.channel.AbstractChannelHandlerContext.invokeChannelRead(AbstractChannelHandlerContext.java:444) ~[netty-transport-4.1.123.Final.jar:4.1.123.Final]
		at io.netty.channel.AbstractChannelHandlerContext.invokeChannelRead(AbstractChannelHandlerContext.java:420) ~[netty-transport-4.1.123.Final.jar:4.1.123.Final]
		at io.netty.channel.AbstractChannelHandlerContext.fireChannelRead(AbstractChannelHandlerContext.java:412) ~[netty-transport-4.1.123.Final.jar:4.1.123.Final]
		at io.netty.handler.codec.ByteToMessageDecoder.fireChannelRead(ByteToMessageDecoder.java:346) ~[netty-codec-4.1.123.Final.jar:4.1.123.Final]
		at io.netty.handler.codec.ByteToMessageDecoder.fireChannelRead(ByteToMessageDecoder.java:333) ~[netty-codec-4.1.123.Final.jar:4.1.123.Final]
		at io.netty.handler.codec.ByteToMessageDecoder.callDecode(ByteToMessageDecoder.java:455) ~[netty-codec-4.1.123.Final.jar:4.1.123.Final]
		at io.netty.handler.codec.ByteToMessageDecoder.channelRead(ByteToMessageDecoder.java:290) ~[netty-codec-4.1.123.Final.jar:4.1.123.Final]
		at io.netty.channel.AbstractChannelHandlerContext.invokeChannelRead(AbstractChannelHandlerContext.java:444) ~[netty-transport-4.1.123.Final.jar:4.1.123.Final]
		at io.netty.channel.AbstractChannelHandlerContext.invokeChannelRead(AbstractChannelHandlerContext.java:420) ~[netty-transport-4.1.123.Final.jar:4.1.123.Final]
		at io.netty.channel.AbstractChannelHandlerContext.fireChannelRead(AbstractChannelHandlerContext.java:412) ~[netty-transport-4.1.123.Final.jar:4.1.123.Final]
		at io.netty.channel.DefaultChannelPipeline$HeadContext.channelRead(DefaultChannelPipeline.java:1357) ~[netty-transport-4.1.123.Final.jar:4.1.123.Final]
		at io.netty.channel.AbstractChannelHandlerContext.invokeChannelRead(AbstractChannelHandlerContext.java:440) ~[netty-transport-4.1.123.Final.jar:4.1.123.Final]
		at io.netty.channel.AbstractChannelHandlerContext.invokeChannelRead(AbstractChannelHandlerContext.java:420) ~[netty-transport-4.1.123.Final.jar:4.1.123.Final]
		at io.netty.channel.DefaultChannelPipeline.fireChannelRead(DefaultChannelPipeline.java:868) ~[netty-transport-4.1.123.Final.jar:4.1.123.Final]
		at io.netty.channel.kqueue.AbstractKQueueStreamChannel$KQueueStreamUnsafe.readReady(AbstractKQueueStreamChannel.java:543) ~[netty-transport-classes-kqueue-4.1.123.Final.jar:4.1.123.Final]
		at io.netty.channel.kqueue.AbstractKQueueChannel$AbstractKQueueUnsafe.readReady(AbstractKQueueChannel.java:390) ~[netty-transport-classes-kqueue-4.1.123.Final.jar:4.1.123.Final]
		at io.netty.channel.kqueue.KQueueEventLoop.processReady(KQueueEventLoop.java:274) ~[netty-transport-classes-kqueue-4.1.123.Final.jar:4.1.123.Final]
		at io.netty.channel.kqueue.KQueueEventLoop.run(KQueueEventLoop.java:352) ~[netty-transport-classes-kqueue-4.1.123.Final.jar:4.1.123.Final]
		at io.netty.util.concurrent.SingleThreadEventExecutor$4.run(SingleThreadEventExecutor.java:998) ~[netty-common-4.1.123.Final.jar:4.1.123.Final]
		at io.netty.util.internal.ThreadExecutorMap$2.run(ThreadExecutorMap.java:74) ~[netty-common-4.1.123.Final.jar:4.1.123.Final]
		at io.netty.util.concurrent.FastThreadLocalRunnable.run(FastThreadLocalRunnable.java:30) ~[netty-common-4.1.123.Final.jar:4.1.123.Final]
		at java.base/java.lang.Thread.run(Thread.java:1583) ~[na:na]
Caused by: org.springframework.expression.spel.SpelEvaluationException: EL1004E: Method call: Method getId() cannot be found on type java.util.LinkedHashMap
	at org.springframework.expression.spel.ast.MethodReference.findAccessorForMethod(MethodReference.java:238) ~[spring-expression-6.2.9.jar:6.2.9]
	at org.springframework.expression.spel.ast.MethodReference.getValueInternal(MethodReference.java:148) ~[spring-expression-6.2.9.jar:6.2.9]
	at org.springframework.expression.spel.ast.MethodReference$MethodValueRef.getValue(MethodReference.java:398) ~[spring-expression-6.2.9.jar:6.2.9]
	at org.springframework.expression.spel.ast.CompoundExpression.getValueInternal(CompoundExpression.java:97) ~[spring-expression-6.2.9.jar:6.2.9]
	at org.springframework.expression.spel.ast.OpPlus.getValueInternal(OpPlus.java:95) ~[spring-expression-6.2.9.jar:6.2.9]
	at org.springframework.expression.spel.ast.SpelNodeImpl.getValue(SpelNodeImpl.java:116) ~[spring-expression-6.2.9.jar:6.2.9]
	at org.springframework.expression.spel.standard.SpelExpression.getValue(SpelExpression.java:338) ~[spring-expression-6.2.9.jar:6.2.9]
	at org.thymeleaf.spring6.expression.SPELVariableExpressionEvaluator.evaluate(SPELVariableExpressionEvaluator.java:265) ~[thymeleaf-spring6-3.1.3.RELEASE.jar:3.1.3.RELEASE]
	at org.thymeleaf.standard.expression.VariableExpression.executeVariableExpression(VariableExpression.java:166) ~[thymeleaf-3.1.3.RELEASE.jar:3.1.3.RELEASE]
	at org.thymeleaf.standard.expression.SimpleExpression.executeSimple(SimpleExpression.java:66) ~[thymeleaf-3.1.3.RELEASE.jar:3.1.3.RELEASE]
	at org.thymeleaf.standard.expression.Expression.execute(Expression.java:109) ~[thymeleaf-3.1.3.RELEASE.jar:3.1.3.RELEASE]
	at org.thymeleaf.standard.expression.Expression.execute(Expression.java:138) ~[thymeleaf-3.1.3.RELEASE.jar:3.1.3.RELEASE]
	at org.thymeleaf.standard.processor.AbstractStandardExpressionAttributeTagProcessor.doProcess(AbstractStandardExpressionAttributeTagProcessor.java:144) ~[thymeleaf-3.1.3.RELEASE.jar:3.1.3.RELEASE]
	at org.thymeleaf.processor.element.AbstractAttributeTagProcessor.doProcess(AbstractAttributeTagProcessor.java:74) ~[thymeleaf-3.1.3.RELEASE.jar:3.1.3.RELEASE]
	at org.thymeleaf.processor.element.AbstractElementTagProcessor.process(AbstractElementTagProcessor.java:95) ~[thymeleaf-3.1.3.RELEASE.jar:3.1.3.RELEASE]
	at org.thymeleaf.util.ProcessorConfigurationUtils$ElementTagProcessorWrapper.process(ProcessorConfigurationUtils.java:633) ~[thymeleaf-3.1.3.RELEASE.jar:3.1.3.RELEASE]
	at org.thymeleaf.engine.ProcessorTemplateHandler.handleOpenElement(ProcessorTemplateHandler.java:1314) ~[thymeleaf-3.1.3.RELEASE.jar:3.1.3.RELEASE]
	at org.thymeleaf.engine.OpenElementTag.beHandled(OpenElementTag.java:205) ~[thymeleaf-3.1.3.RELEASE.jar:3.1.3.RELEASE]
	at org.thymeleaf.engine.Model.process(Model.java:282) ~[thymeleaf-3.1.3.RELEASE.jar:3.1.3.RELEASE]
	at org.thymeleaf.engine.Model.process(Model.java:290) ~[thymeleaf-3.1.3.RELEASE.jar:3.1.3.RELEASE]
	at org.thymeleaf.engine.IteratedGatheringModelProcessable.processIterationModel(IteratedGatheringModelProcessable.java:368) ~[thymeleaf-3.1.3.RELEASE.jar:3.1.3.RELEASE]
	at org.thymeleaf.engine.IteratedGatheringModelProcessable.process(IteratedGatheringModelProcessable.java:222) ~[thymeleaf-3.1.3.RELEASE.jar:3.1.3.RELEASE]
	at org.thymeleaf.engine.ProcessorTemplateHandler.handleCloseElement(ProcessorTemplateHandler.java:1640) ~[thymeleaf-3.1.3.RELEASE.jar:3.1.3.RELEASE]
	at org.thymeleaf.engine.CloseElementTag.beHandled(CloseElementTag.java:139) ~[thymeleaf-3.1.3.RELEASE.jar:3.1.3.RELEASE]
	at org.thymeleaf.engine.Model.process(Model.java:282) ~[thymeleaf-3.1.3.RELEASE.jar:3.1.3.RELEASE]
	at org.thymeleaf.engine.Model.process(Model.java:290) ~[thymeleaf-3.1.3.RELEASE.jar:3.1.3.RELEASE]
	at org.thymeleaf.engine.IteratedGatheringModelProcessable.processIterationModel(IteratedGatheringModelProcessable.java:368) ~[thymeleaf-3.1.3.RELEASE.jar:3.1.3.RELEASE]
	at org.thymeleaf.engine.IteratedGatheringModelProcessable.process(IteratedGatheringModelProcessable.java:222) ~[thymeleaf-3.1.3.RELEASE.jar:3.1.3.RELEASE]
	at org.thymeleaf.engine.ProcessorTemplateHandler.handleCloseElement(ProcessorTemplateHandler.java:1640) ~[thymeleaf-3.1.3.RELEASE.jar:3.1.3.RELEASE]
	at org.thymeleaf.engine.CloseElementTag.beHandled(CloseElementTag.java:139) ~[thymeleaf-3.1.3.RELEASE.jar:3.1.3.RELEASE]
	at org.thymeleaf.engine.TemplateModel.process(TemplateModel.java:136) ~[thymeleaf-3.1.3.RELEASE.jar:3.1.3.RELEASE]
	at org.thymeleaf.engine.TemplateManager.parseAndProcess(TemplateManager.java:592) ~[thymeleaf-3.1.3.RELEASE.jar:3.1.3.RELEASE]
	at org.thymeleaf.TemplateEngine.process(TemplateEngine.java:1103) ~[thymeleaf-3.1.3.RELEASE.jar:3.1.3.RELEASE]
	at org.thymeleaf.TemplateEngine.process(TemplateEngine.java:1077) ~[thymeleaf-3.1.3.RELEASE.jar:3.1.3.RELEASE]
	at org.thymeleaf.spring6.SpringWebFluxTemplateEngine.lambda$createFullStream$0(SpringWebFluxTemplateEngine.java:198) ~[thymeleaf-spring6-3.1.3.RELEASE.jar:3.1.3.RELEASE]
	at reactor.core.publisher.MonoCreate.subscribe(MonoCreate.java:61) ~[reactor-core-3.7.8.jar:3.7.8]
	at reactor.core.publisher.InternalMonoOperator.subscribe(InternalMonoOperator.java:76) ~[reactor-core-3.7.8.jar:3.7.8]
	at reactor.core.publisher.MonoFlatMap$FlatMapMain.onNext(MonoFlatMap.java:165) ~[reactor-core-3.7.8.jar:3.7.8]
	at reactor.core.publisher.MonoIgnoreThen$ThenIgnoreMain.complete(MonoIgnoreThen.java:294) ~[reactor-core-3.7.8.jar:3.7.8]
	at reactor.core.publisher.MonoIgnoreThen$ThenIgnoreMain.onNext(MonoIgnoreThen.java:188) ~[reactor-core-3.7.8.jar:3.7.8]
	at reactor.core.publisher.MonoIgnoreThen$ThenIgnoreMain.subscribeNext(MonoIgnoreThen.java:237) ~[reactor-core-3.7.8.jar:3.7.8]
	at reactor.core.publisher.MonoIgnoreThen$ThenIgnoreMain.onComplete(MonoIgnoreThen.java:204) ~[reactor-core-3.7.8.jar:3.7.8]
	at reactor.core.publisher.MonoPeekTerminal$MonoTerminalPeekSubscriber.onComplete(MonoPeekTerminal.java:299) ~[reactor-core-3.7.8.jar:3.7.8]
	at reactor.core.publisher.MonoWhen$WhenCoordinator.signal(MonoWhen.java:213) ~[reactor-core-3.7.8.jar:3.7.8]
	at reactor.core.publisher.MonoWhen$WhenInner.onComplete(MonoWhen.java:429) ~[reactor-core-3.7.8.jar:3.7.8]
	at reactor.core.publisher.MonoPeekTerminal$MonoTerminalPeekSubscriber.onComplete(MonoPeekTerminal.java:299) ~[reactor-core-3.7.8.jar:3.7.8]
	at reactor.core.publisher.MonoZip$ZipCoordinator.signal(MonoZip.java:298) ~[reactor-core-3.7.8.jar:3.7.8]
	at reactor.core.publisher.MonoZip$ZipInner.onNext(MonoZip.java:478) ~[reactor-core-3.7.8.jar:3.7.8]
	at reactor.core.publisher.FluxMap$MapSubscriber.onNext(FluxMap.java:122) ~[reactor-core-3.7.8.jar:3.7.8]
	at reactor.core.publisher.MonoUsingWhen$MonoUsingWhenSubscriber.deferredComplete(MonoUsingWhen.java:268) ~[reactor-core-3.7.8.jar:3.7.8]
	at reactor.core.publisher.FluxUsingWhen$CommitInner.onComplete(FluxUsingWhen.java:532) ~[reactor-core-3.7.8.jar:3.7.8]
	at reactor.core.publisher.Operators.complete(Operators.java:137) ~[reactor-core-3.7.8.jar:3.7.8]
	at reactor.core.publisher.MonoEmpty.subscribe(MonoEmpty.java:46) ~[reactor-core-3.7.8.jar:3.7.8]
	at reactor.core.publisher.Mono.subscribe(Mono.java:4576) ~[reactor-core-3.7.8.jar:3.7.8]
	at reactor.core.publisher.FluxUsingWhen$UsingWhenSubscriber.onComplete(FluxUsingWhen.java:389) ~[reactor-core-3.7.8.jar:3.7.8]
	at reactor.core.publisher.FluxDefaultIfEmpty$DefaultIfEmptySubscriber.onComplete(FluxDefaultIfEmpty.java:139) ~[reactor-core-3.7.8.jar:3.7.8]
	at reactor.core.publisher.MonoNext$NextSubscriber.onComplete(MonoNext.java:102) ~[reactor-core-3.7.8.jar:3.7.8]
	at reactor.core.publisher.MonoNext$NextSubscriber.onNext(MonoNext.java:83) ~[reactor-core-3.7.8.jar:3.7.8]
	at reactor.core.publisher.FluxOnErrorResume$ResumeSubscriber.onNext(FluxOnErrorResume.java:79) ~[reactor-core-3.7.8.jar:3.7.8]
	at reactor.core.publisher.FluxUsingWhen$UsingWhenSubscriber.onNext(FluxUsingWhen.java:348) ~[reactor-core-3.7.8.jar:3.7.8]
	at reactor.core.publisher.FluxFlatMap$FlatMapMain.tryEmit(FluxFlatMap.java:547) ~[reactor-core-3.7.8.jar:3.7.8]
	at reactor.core.publisher.FluxFlatMap$FlatMapInner.onNext(FluxFlatMap.java:988) ~[reactor-core-3.7.8.jar:3.7.8]
	at reactor.core.publisher.FluxHandleFuseable$HandleFuseableSubscriber.onNext(FluxHandleFuseable.java:194) ~[reactor-core-3.7.8.jar:3.7.8]
	at reactor.core.publisher.FluxWindowPredicate$WindowFlux.drainRegular(FluxWindowPredicate.java:670) ~[reactor-core-3.7.8.jar:3.7.8]
	at reactor.core.publisher.FluxWindowPredicate$WindowFlux.drain(FluxWindowPredicate.java:748) ~[reactor-core-3.7.8.jar:3.7.8]
	at reactor.core.publisher.FluxWindowPredicate$WindowFlux.onNext(FluxWindowPredicate.java:790) ~[reactor-core-3.7.8.jar:3.7.8]
	at reactor.core.publisher.FluxWindowPredicate$WindowPredicateMain.onNext(FluxWindowPredicate.java:268) ~[reactor-core-3.7.8.jar:3.7.8]
	at io.r2dbc.postgresql.util.FluxDiscardOnCancel$FluxDiscardOnCancelSubscriber.onNext(FluxDiscardOnCancel.java:91) ~[r2dbc-postgresql-1.0.7.RELEASE.jar:1.0.7.RELEASE]
	at reactor.core.publisher.FluxContextWrite$ContextWriteSubscriber.onNext(FluxContextWrite.java:107) ~[reactor-core-3.7.8.jar:3.7.8]
	at reactor.core.publisher.FluxCreate$BufferAsyncSink.drain(FluxCreate.java:880) ~[reactor-core-3.7.8.jar:3.7.8]
	at reactor.core.publisher.FluxCreate$BufferAsyncSink.next(FluxCreate.java:805) ~[reactor-core-3.7.8.jar:3.7.8]
	at reactor.core.publisher.FluxCreate$SerializedFluxSink.next(FluxCreate.java:163) ~[reactor-core-3.7.8.jar:3.7.8]
	at io.r2dbc.postgresql.client.ReactorNettyClient$Conversation.emit(ReactorNettyClient.java:696) ~[r2dbc-postgresql-1.0.7.RELEASE.jar:1.0.7.RELEASE]
	at io.r2dbc.postgresql.client.ReactorNettyClient$BackendMessageSubscriber.emit(ReactorNettyClient.java:948) ~[r2dbc-postgresql-1.0.7.RELEASE.jar:1.0.7.RELEASE]
	at io.r2dbc.postgresql.client.ReactorNettyClient$BackendMessageSubscriber.onNext(ReactorNettyClient.java:822) ~[r2dbc-postgresql-1.0.7.RELEASE.jar:1.0.7.RELEASE]
	at io.r2dbc.postgresql.client.ReactorNettyClient$BackendMessageSubscriber.onNext(ReactorNettyClient.java:728) ~[r2dbc-postgresql-1.0.7.RELEASE.jar:1.0.7.RELEASE]
	at reactor.core.publisher.FluxHandle$HandleSubscriber.onNext(FluxHandle.java:129) ~[reactor-core-3.7.8.jar:3.7.8]
	at reactor.core.publisher.FluxPeekFuseable$PeekConditionalSubscriber.onNext(FluxPeekFuseable.java:854) ~[reactor-core-3.7.8.jar:3.7.8]
	at reactor.core.publisher.FluxMap$MapConditionalSubscriber.onNext(FluxMap.java:224) ~[reactor-core-3.7.8.jar:3.7.8]
	at reactor.core.publisher.FluxMap$MapConditionalSubscriber.onNext(FluxMap.java:224) ~[reactor-core-3.7.8.jar:3.7.8]
	at reactor.netty.channel.FluxReceive.drainReceiver(FluxReceive.java:292) ~[reactor-netty-core-1.2.8.jar:1.2.8]
	at reactor.netty.channel.FluxReceive.onInboundNext(FluxReceive.java:401) ~[reactor-netty-core-1.2.8.jar:1.2.8]
	at reactor.netty.channel.ChannelOperations.onInboundNext(ChannelOperations.java:435) ~[reactor-netty-core-1.2.8.jar:1.2.8]
	at reactor.netty.channel.ChannelOperationsHandler.channelRead(ChannelOperationsHandler.java:115) ~[reactor-netty-core-1.2.8.jar:1.2.8]
	at io.netty.channel.AbstractChannelHandlerContext.invokeChannelRead(AbstractChannelHandlerContext.java:444) ~[netty-transport-4.1.123.Final.jar:4.1.123.Final]
	at io.netty.channel.AbstractChannelHandlerContext.invokeChannelRead(AbstractChannelHandlerContext.java:420) ~[netty-transport-4.1.123.Final.jar:4.1.123.Final]
	at io.netty.channel.AbstractChannelHandlerContext.fireChannelRead(AbstractChannelHandlerContext.java:412) ~[netty-transport-4.1.123.Final.jar:4.1.123.Final]
	at io.netty.handler.codec.ByteToMessageDecoder.fireChannelRead(ByteToMessageDecoder.java:346) ~[netty-codec-4.1.123.Final.jar:4.1.123.Final]
	at io.netty.handler.codec.ByteToMessageDecoder.fireChannelRead(ByteToMessageDecoder.java:333) ~[netty-codec-4.1.123.Final.jar:4.1.123.Final]
	at io.netty.handler.codec.ByteToMessageDecoder.callDecode(ByteToMessageDecoder.java:455) ~[netty-codec-4.1.123.Final.jar:4.1.123.Final]
	at io.netty.handler.codec.ByteToMessageDecoder.channelRead(ByteToMessageDecoder.java:290) ~[netty-codec-4.1.123.Final.jar:4.1.123.Final]
	at io.netty.channel.AbstractChannelHandlerContext.invokeChannelRead(AbstractChannelHandlerContext.java:444) ~[netty-transport-4.1.123.Final.jar:4.1.123.Final]
	at io.netty.channel.AbstractChannelHandlerContext.invokeChannelRead(AbstractChannelHandlerContext.java:420) ~[netty-transport-4.1.123.Final.jar:4.1.123.Final]
	at io.netty.channel.AbstractChannelHandlerContext.fireChannelRead(AbstractChannelHandlerContext.java:412) ~[netty-transport-4.1.123.Final.jar:4.1.123.Final]
	at io.netty.channel.DefaultChannelPipeline$HeadContext.channelRead(DefaultChannelPipeline.java:1357) ~[netty-transport-4.1.123.Final.jar:4.1.123.Final]
	at io.netty.channel.AbstractChannelHandlerContext.invokeChannelRead(AbstractChannelHandlerContext.java:440) ~[netty-transport-4.1.123.Final.jar:4.1.123.Final]
	at io.netty.channel.AbstractChannelHandlerContext.invokeChannelRead(AbstractChannelHandlerContext.java:420) ~[netty-transport-4.1.123.Final.jar:4.1.123.Final]
	at io.netty.channel.DefaultChannelPipeline.fireChannelRead(DefaultChannelPipeline.java:868) ~[netty-transport-4.1.123.Final.jar:4.1.123.Final]
	at io.netty.channel.kqueue.AbstractKQueueStreamChannel$KQueueStreamUnsafe.readReady(AbstractKQueueStreamChannel.java:543) ~[netty-transport-classes-kqueue-4.1.123.Final.jar:4.1.123.Final]
	at io.netty.channel.kqueue.AbstractKQueueChannel$AbstractKQueueUnsafe.readReady(AbstractKQueueChannel.java:390) ~[netty-transport-classes-kqueue-4.1.123.Final.jar:4.1.123.Final]
	at io.netty.channel.kqueue.KQueueEventLoop.processReady(KQueueEventLoop.java:274) ~[netty-transport-classes-kqueue-4.1.123.Final.jar:4.1.123.Final]
	at io.netty.channel.kqueue.KQueueEventLoop.run(KQueueEventLoop.java:352) ~[netty-transport-classes-kqueue-4.1.123.Final.jar:4.1.123.Final]
	at io.netty.util.concurrent.SingleThreadEventExecutor$4.run(SingleThreadEventExecutor.java:998) ~[netty-common-4.1.123.Final.jar:4.1.123.Final]
	at io.netty.util.internal.ThreadExecutorMap$2.run(ThreadExecutorMap.java:74) ~[netty-common-4.1.123.Final.jar:4.1.123.Final]
	at io.netty.util.concurrent.FastThreadLocalRunnable.run(FastThreadLocalRunnable.java:30) ~[netty-common-4.1.123.Final.jar:4.1.123.Final]
	at java.base/java.lang.Thread.run(Thread.java:1583) ~[na:na]

2025-07-31T18:35:26.401+03:00  INFO 13097 --- [reactor-http-kqueue-2] r.yandex.practicum.service.ItemService   : Start getPaging: pageNumber=1, pageSize=10
2025-07-31T18:35:26.405+03:00  INFO 13097 --- [lettuce-kqueueEventLoop-5-3] r.yandex.practicum.service.ItemService   : Start getItems: pageNumber=1, pageSize=10, sort=NO, search=
2025-07-31T18:35:26.406+03:00  INFO 13097 --- [lettuce-kqueueEventLoop-5-3] reactor.Mono.MapFuseable.10              : | onSubscribe([Fuseable] FluxMapFuseable.MapFuseableConditionalSubscriber)
2025-07-31T18:35:26.406+03:00  INFO 13097 --- [lettuce-kqueueEventLoop-5-3] reactor.Mono.MapFuseable.10              : | request(unbounded)
2025-07-31T18:35:27.094+03:00  INFO 13097 --- [reactor-tcp-kqueue-8] reactor.Mono.MapFuseable.10              : | onNext([[ItemDto(id=1, title=123, description=123, imagePath=http://localhost:8084/items/image/1, count=0, price=123), ItemDto(id=2, title=wefawef, description=afwef, imagePath=http://localhost:8084/items/image/2, count=0, price=12313), ItemDto(id=3, title=товар1, description=Товар, imagePath=http://localhost:8084/items/image/3, count=0, price=12345), ItemDto(id=4, title=df, description=fads, imagePath=http://localhost:8084/items/image/4, count=0, price=21351524635765), ItemDto(id=6, title=товар новый, description=Товар, imagePath=http://localhost:8084/items/image/6, count=0, price=5)], [ItemDto(id=9, title=test3, description=test3, imagePath=http://localhost:8084/items/image/9, count=0, price=130), ItemDto(id=10, title=test4, description=test4, imagePath=http://localhost:8084/items/image/10, count=0, price=140), ItemDto(id=11, title=test5, description=test5, imagePath=http://localhost:8084/items/image/11, count=0, price=150), ItemDto(id=12, title=test5, description=test5, imagePath=http://localhost:8084/items/image/12, count=0, price=150), ItemDto(id=13, title=test6, description=test6, imagePath=http://localhost:8084/items/image/13, count=0, price=160)]])
2025-07-31T18:35:27.099+03:00  INFO 13097 --- [reactor-tcp-kqueue-8] reactor.Mono.MapFuseable.10              : | onComplete()
2025-07-31T18:35:28.962+03:00  INFO 13097 --- [reactor-http-kqueue-5] r.yandex.practicum.service.ItemService   : Start actionWithItemInCart: itemId=1, action=plus
2025-07-31T18:35:28.963+03:00  INFO 13097 --- [reactor-http-kqueue-5] reactor.Mono.Zip.14                      : onSubscribe([Fuseable] MonoZip.ZipCoordinator)
2025-07-31T18:35:28.963+03:00  INFO 13097 --- [reactor-http-kqueue-5] reactor.Mono.Zip.14                      : request(unbounded)
2025-07-31T18:35:28.964+03:00  INFO 13097 --- [reactor-http-kqueue-5] reactor.Mono.Just.12                     : | onSubscribe([Synchronous Fuseable] Operators.ScalarSubscription)
2025-07-31T18:35:28.964+03:00  INFO 13097 --- [reactor-http-kqueue-5] reactor.Mono.FlatMap.13                  : | onSubscribe([Fuseable] MonoFlatMap.FlatMapMain)
2025-07-31T18:35:28.964+03:00  INFO 13097 --- [reactor-http-kqueue-5] reactor.Mono.FlatMap.13                  : | request(unbounded)
2025-07-31T18:35:28.964+03:00  INFO 13097 --- [reactor-http-kqueue-5] reactor.Mono.Just.12                     : | request(unbounded)
2025-07-31T18:35:28.964+03:00  INFO 13097 --- [reactor-http-kqueue-5] reactor.Mono.Just.12                     : | onNext({1=ItemDto(id=1, title=123, description=123, imagePath=http://localhost:8084/items/image/1, count=1, price=123)})
2025-07-31T18:35:28.964+03:00  INFO 13097 --- [reactor-http-kqueue-5] reactor.Mono.FlatMap.13                  : | onNext(ItemDto(id=1, title=123, description=123, imagePath=http://localhost:8084/items/image/1, count=1, price=123))
2025-07-31T18:35:28.964+03:00  INFO 13097 --- [reactor-http-kqueue-5] reactor.Mono.FlatMap.13                  : | onComplete()
2025-07-31T18:35:28.964+03:00  INFO 13097 --- [reactor-http-kqueue-5] reactor.Mono.Just.12                     : | onComplete()
2025-07-31T18:35:28.964+03:00  INFO 13097 --- [reactor-http-kqueue-5] reactor.Mono.Just.12                     : | onSubscribe([Synchronous Fuseable] Operators.ScalarSubscription)
2025-07-31T18:35:28.964+03:00  INFO 13097 --- [reactor-http-kqueue-5] reactor.Mono.Just.12                     : | request(unbounded)
2025-07-31T18:35:28.964+03:00  INFO 13097 --- [reactor-http-kqueue-5] reactor.Mono.Just.12                     : | onNext({1=ItemDto(id=1, title=123, description=123, imagePath=http://localhost:8084/items/image/1, count=1, price=123)})
2025-07-31T18:35:28.964+03:00  INFO 13097 --- [reactor-http-kqueue-5] reactor.Mono.Zip.14                      : onNext(ItemDto(id=1, title=123, description=123, imagePath=http://localhost:8084/items/image/1, count=2, price=123))
2025-07-31T18:35:28.966+03:00  INFO 13097 --- [reactor-http-kqueue-5] reactor.Mono.Zip.14                      : onComplete()
2025-07-31T18:35:28.966+03:00  INFO 13097 --- [reactor-http-kqueue-5] reactor.Mono.Just.12                     : | onComplete()
2025-07-31T18:35:28.970+03:00  INFO 13097 --- [reactor-http-kqueue-5] r.yandex.practicum.service.ItemService   : Start getPaging: pageNumber=1, pageSize=10
2025-07-31T18:35:28.975+03:00 ERROR 13097 --- [reactor-tcp-kqueue-2] org.thymeleaf.TemplateEngine             : [THYMELEAF][reactor-tcp-kqueue-2] Exception processing template "main": Exception evaluating SpringEL expression: "'/items/'+item.getId()" (template: "main" - line 56, col 32)

org.thymeleaf.exceptions.TemplateProcessingException: Exception evaluating SpringEL expression: "'/items/'+item.getId()" (template: "main" - line 56, col 32)
	at org.thymeleaf.spring6.expression.SPELVariableExpressionEvaluator.evaluate(SPELVariableExpressionEvaluator.java:292) ~[thymeleaf-spring6-3.1.3.RELEASE.jar:3.1.3.RELEASE]
	at org.thymeleaf.standard.expression.VariableExpression.executeVariableExpression(VariableExpression.java:166) ~[thymeleaf-3.1.3.RELEASE.jar:3.1.3.RELEASE]
	at org.thymeleaf.standard.expression.SimpleExpression.executeSimple(SimpleExpression.java:66) ~[thymeleaf-3.1.3.RELEASE.jar:3.1.3.RELEASE]
	at org.thymeleaf.standard.expression.Expression.execute(Expression.java:109) ~[thymeleaf-3.1.3.RELEASE.jar:3.1.3.RELEASE]
	at org.thymeleaf.standard.expression.Expression.execute(Expression.java:138) ~[thymeleaf-3.1.3.RELEASE.jar:3.1.3.RELEASE]
	at org.thymeleaf.standard.processor.AbstractStandardExpressionAttributeTagProcessor.doProcess(AbstractStandardExpressionAttributeTagProcessor.java:144) ~[thymeleaf-3.1.3.RELEASE.jar:3.1.3.RELEASE]
	at org.thymeleaf.processor.element.AbstractAttributeTagProcessor.doProcess(AbstractAttributeTagProcessor.java:74) ~[thymeleaf-3.1.3.RELEASE.jar:3.1.3.RELEASE]
	at org.thymeleaf.processor.element.AbstractElementTagProcessor.process(AbstractElementTagProcessor.java:95) ~[thymeleaf-3.1.3.RELEASE.jar:3.1.3.RELEASE]
	at org.thymeleaf.util.ProcessorConfigurationUtils$ElementTagProcessorWrapper.process(ProcessorConfigurationUtils.java:633) ~[thymeleaf-3.1.3.RELEASE.jar:3.1.3.RELEASE]
	at org.thymeleaf.engine.ProcessorTemplateHandler.handleOpenElement(ProcessorTemplateHandler.java:1314) ~[thymeleaf-3.1.3.RELEASE.jar:3.1.3.RELEASE]
	at org.thymeleaf.engine.OpenElementTag.beHandled(OpenElementTag.java:205) ~[thymeleaf-3.1.3.RELEASE.jar:3.1.3.RELEASE]
	at org.thymeleaf.engine.Model.process(Model.java:282) ~[thymeleaf-3.1.3.RELEASE.jar:3.1.3.RELEASE]
	at org.thymeleaf.engine.Model.process(Model.java:290) ~[thymeleaf-3.1.3.RELEASE.jar:3.1.3.RELEASE]
	at org.thymeleaf.engine.IteratedGatheringModelProcessable.processIterationModel(IteratedGatheringModelProcessable.java:368) ~[thymeleaf-3.1.3.RELEASE.jar:3.1.3.RELEASE]
	at org.thymeleaf.engine.IteratedGatheringModelProcessable.process(IteratedGatheringModelProcessable.java:222) ~[thymeleaf-3.1.3.RELEASE.jar:3.1.3.RELEASE]
	at org.thymeleaf.engine.ProcessorTemplateHandler.handleCloseElement(ProcessorTemplateHandler.java:1640) ~[thymeleaf-3.1.3.RELEASE.jar:3.1.3.RELEASE]
	at org.thymeleaf.engine.CloseElementTag.beHandled(CloseElementTag.java:139) ~[thymeleaf-3.1.3.RELEASE.jar:3.1.3.RELEASE]
	at org.thymeleaf.engine.Model.process(Model.java:282) ~[thymeleaf-3.1.3.RELEASE.jar:3.1.3.RELEASE]
	at org.thymeleaf.engine.Model.process(Model.java:290) ~[thymeleaf-3.1.3.RELEASE.jar:3.1.3.RELEASE]
	at org.thymeleaf.engine.IteratedGatheringModelProcessable.processIterationModel(IteratedGatheringModelProcessable.java:368) ~[thymeleaf-3.1.3.RELEASE.jar:3.1.3.RELEASE]
	at org.thymeleaf.engine.IteratedGatheringModelProcessable.process(IteratedGatheringModelProcessable.java:222) ~[thymeleaf-3.1.3.RELEASE.jar:3.1.3.RELEASE]
	at org.thymeleaf.engine.ProcessorTemplateHandler.handleCloseElement(ProcessorTemplateHandler.java:1640) ~[thymeleaf-3.1.3.RELEASE.jar:3.1.3.RELEASE]
	at org.thymeleaf.engine.CloseElementTag.beHandled(CloseElementTag.java:139) ~[thymeleaf-3.1.3.RELEASE.jar:3.1.3.RELEASE]
	at org.thymeleaf.engine.TemplateModel.process(TemplateModel.java:136) ~[thymeleaf-3.1.3.RELEASE.jar:3.1.3.RELEASE]
	at org.thymeleaf.engine.TemplateManager.parseAndProcess(TemplateManager.java:592) ~[thymeleaf-3.1.3.RELEASE.jar:3.1.3.RELEASE]
	at org.thymeleaf.TemplateEngine.process(TemplateEngine.java:1103) ~[thymeleaf-3.1.3.RELEASE.jar:3.1.3.RELEASE]
	at org.thymeleaf.TemplateEngine.process(TemplateEngine.java:1077) ~[thymeleaf-3.1.3.RELEASE.jar:3.1.3.RELEASE]
	at org.thymeleaf.spring6.SpringWebFluxTemplateEngine.lambda$createFullStream$0(SpringWebFluxTemplateEngine.java:198) ~[thymeleaf-spring6-3.1.3.RELEASE.jar:3.1.3.RELEASE]
	at reactor.core.publisher.MonoCreate.subscribe(MonoCreate.java:61) ~[reactor-core-3.7.8.jar:3.7.8]
	at reactor.core.publisher.InternalMonoOperator.subscribe(InternalMonoOperator.java:76) ~[reactor-core-3.7.8.jar:3.7.8]
	at reactor.core.publisher.MonoFlatMap$FlatMapMain.onNext(MonoFlatMap.java:165) ~[reactor-core-3.7.8.jar:3.7.8]
	at reactor.core.publisher.MonoIgnoreThen$ThenIgnoreMain.complete(MonoIgnoreThen.java:294) ~[reactor-core-3.7.8.jar:3.7.8]
	at reactor.core.publisher.MonoIgnoreThen$ThenIgnoreMain.onNext(MonoIgnoreThen.java:188) ~[reactor-core-3.7.8.jar:3.7.8]
	at reactor.core.publisher.MonoIgnoreThen$ThenIgnoreMain.subscribeNext(MonoIgnoreThen.java:237) ~[reactor-core-3.7.8.jar:3.7.8]
	at reactor.core.publisher.MonoIgnoreThen$ThenIgnoreMain.onComplete(MonoIgnoreThen.java:204) ~[reactor-core-3.7.8.jar:3.7.8]
	at reactor.core.publisher.MonoPeekTerminal$MonoTerminalPeekSubscriber.onComplete(MonoPeekTerminal.java:299) ~[reactor-core-3.7.8.jar:3.7.8]
	at reactor.core.publisher.MonoWhen$WhenCoordinator.signal(MonoWhen.java:213) ~[reactor-core-3.7.8.jar:3.7.8]
	at reactor.core.publisher.MonoWhen$WhenInner.onComplete(MonoWhen.java:429) ~[reactor-core-3.7.8.jar:3.7.8]
	at reactor.core.publisher.MonoPeekTerminal$MonoTerminalPeekSubscriber.onComplete(MonoPeekTerminal.java:299) ~[reactor-core-3.7.8.jar:3.7.8]
	at reactor.core.publisher.MonoZip$ZipCoordinator.signal(MonoZip.java:298) ~[reactor-core-3.7.8.jar:3.7.8]
	at reactor.core.publisher.MonoZip$ZipInner.onNext(MonoZip.java:478) ~[reactor-core-3.7.8.jar:3.7.8]
	at reactor.core.publisher.FluxMap$MapSubscriber.onNext(FluxMap.java:122) ~[reactor-core-3.7.8.jar:3.7.8]
	at reactor.core.publisher.MonoUsingWhen$MonoUsingWhenSubscriber.deferredComplete(MonoUsingWhen.java:268) ~[reactor-core-3.7.8.jar:3.7.8]
	at reactor.core.publisher.FluxUsingWhen$CommitInner.onComplete(FluxUsingWhen.java:532) ~[reactor-core-3.7.8.jar:3.7.8]
	at reactor.core.publisher.Operators.complete(Operators.java:137) ~[reactor-core-3.7.8.jar:3.7.8]
	at reactor.core.publisher.MonoEmpty.subscribe(MonoEmpty.java:46) ~[reactor-core-3.7.8.jar:3.7.8]
	at reactor.core.publisher.Mono.subscribe(Mono.java:4576) ~[reactor-core-3.7.8.jar:3.7.8]
	at reactor.core.publisher.FluxUsingWhen$UsingWhenSubscriber.onComplete(FluxUsingWhen.java:389) ~[reactor-core-3.7.8.jar:3.7.8]
	at reactor.core.publisher.FluxDefaultIfEmpty$DefaultIfEmptySubscriber.onComplete(FluxDefaultIfEmpty.java:139) ~[reactor-core-3.7.8.jar:3.7.8]
	at reactor.core.publisher.MonoNext$NextSubscriber.onComplete(MonoNext.java:102) ~[reactor-core-3.7.8.jar:3.7.8]
	at reactor.core.publisher.MonoNext$NextSubscriber.onNext(MonoNext.java:83) ~[reactor-core-3.7.8.jar:3.7.8]
	at reactor.core.publisher.FluxOnErrorResume$ResumeSubscriber.onNext(FluxOnErrorResume.java:79) ~[reactor-core-3.7.8.jar:3.7.8]
	at reactor.core.publisher.FluxUsingWhen$UsingWhenSubscriber.onNext(FluxUsingWhen.java:348) ~[reactor-core-3.7.8.jar:3.7.8]
	at reactor.core.publisher.FluxFlatMap$FlatMapMain.tryEmit(FluxFlatMap.java:547) ~[reactor-core-3.7.8.jar:3.7.8]
	at reactor.core.publisher.FluxFlatMap$FlatMapInner.onNext(FluxFlatMap.java:988) ~[reactor-core-3.7.8.jar:3.7.8]
	at reactor.core.publisher.FluxHandleFuseable$HandleFuseableSubscriber.onNext(FluxHandleFuseable.java:194) ~[reactor-core-3.7.8.jar:3.7.8]
	at reactor.core.publisher.FluxWindowPredicate$WindowFlux.drainRegular(FluxWindowPredicate.java:670) ~[reactor-core-3.7.8.jar:3.7.8]
	at reactor.core.publisher.FluxWindowPredicate$WindowFlux.drain(FluxWindowPredicate.java:748) ~[reactor-core-3.7.8.jar:3.7.8]
	at reactor.core.publisher.FluxWindowPredicate$WindowFlux.onNext(FluxWindowPredicate.java:790) ~[reactor-core-3.7.8.jar:3.7.8]
	at reactor.core.publisher.FluxWindowPredicate$WindowPredicateMain.onNext(FluxWindowPredicate.java:268) ~[reactor-core-3.7.8.jar:3.7.8]
	at io.r2dbc.postgresql.util.FluxDiscardOnCancel$FluxDiscardOnCancelSubscriber.onNext(FluxDiscardOnCancel.java:91) ~[r2dbc-postgresql-1.0.7.RELEASE.jar:1.0.7.RELEASE]
	at reactor.core.publisher.FluxContextWrite$ContextWriteSubscriber.onNext(FluxContextWrite.java:107) ~[reactor-core-3.7.8.jar:3.7.8]
	at reactor.core.publisher.FluxCreate$BufferAsyncSink.drain(FluxCreate.java:880) ~[reactor-core-3.7.8.jar:3.7.8]
	at reactor.core.publisher.FluxCreate$BufferAsyncSink.next(FluxCreate.java:805) ~[reactor-core-3.7.8.jar:3.7.8]
	at reactor.core.publisher.FluxCreate$SerializedFluxSink.next(FluxCreate.java:163) ~[reactor-core-3.7.8.jar:3.7.8]
	at io.r2dbc.postgresql.client.ReactorNettyClient$Conversation.emit(ReactorNettyClient.java:696) ~[r2dbc-postgresql-1.0.7.RELEASE.jar:1.0.7.RELEASE]
	at io.r2dbc.postgresql.client.ReactorNettyClient$BackendMessageSubscriber.emit(ReactorNettyClient.java:948) ~[r2dbc-postgresql-1.0.7.RELEASE.jar:1.0.7.RELEASE]
	at io.r2dbc.postgresql.client.ReactorNettyClient$BackendMessageSubscriber.onNext(ReactorNettyClient.java:822) ~[r2dbc-postgresql-1.0.7.RELEASE.jar:1.0.7.RELEASE]
	at io.r2dbc.postgresql.client.ReactorNettyClient$BackendMessageSubscriber.onNext(ReactorNettyClient.java:728) ~[r2dbc-postgresql-1.0.7.RELEASE.jar:1.0.7.RELEASE]
	at reactor.core.publisher.FluxHandle$HandleSubscriber.onNext(FluxHandle.java:129) ~[reactor-core-3.7.8.jar:3.7.8]
	at reactor.core.publisher.FluxPeekFuseable$PeekConditionalSubscriber.onNext(FluxPeekFuseable.java:854) ~[reactor-core-3.7.8.jar:3.7.8]
	at reactor.core.publisher.FluxMap$MapConditionalSubscriber.onNext(FluxMap.java:224) ~[reactor-core-3.7.8.jar:3.7.8]
	at reactor.core.publisher.FluxMap$MapConditionalSubscriber.onNext(FluxMap.java:224) ~[reactor-core-3.7.8.jar:3.7.8]
	at reactor.netty.channel.FluxReceive.drainReceiver(FluxReceive.java:292) ~[reactor-netty-core-1.2.8.jar:1.2.8]
	at reactor.netty.channel.FluxReceive.onInboundNext(FluxReceive.java:401) ~[reactor-netty-core-1.2.8.jar:1.2.8]
	at reactor.netty.channel.ChannelOperations.onInboundNext(ChannelOperations.java:435) ~[reactor-netty-core-1.2.8.jar:1.2.8]
	at reactor.netty.channel.ChannelOperationsHandler.channelRead(ChannelOperationsHandler.java:115) ~[reactor-netty-core-1.2.8.jar:1.2.8]
	at io.netty.channel.AbstractChannelHandlerContext.invokeChannelRead(AbstractChannelHandlerContext.java:444) ~[netty-transport-4.1.123.Final.jar:4.1.123.Final]
	at io.netty.channel.AbstractChannelHandlerContext.invokeChannelRead(AbstractChannelHandlerContext.java:420) ~[netty-transport-4.1.123.Final.jar:4.1.123.Final]
	at io.netty.channel.AbstractChannelHandlerContext.fireChannelRead(AbstractChannelHandlerContext.java:412) ~[netty-transport-4.1.123.Final.jar:4.1.123.Final]
	at io.netty.handler.codec.ByteToMessageDecoder.fireChannelRead(ByteToMessageDecoder.java:346) ~[netty-codec-4.1.123.Final.jar:4.1.123.Final]
	at io.netty.handler.codec.ByteToMessageDecoder.fireChannelRead(ByteToMessageDecoder.java:333) ~[netty-codec-4.1.123.Final.jar:4.1.123.Final]
	at io.netty.handler.codec.ByteToMessageDecoder.callDecode(ByteToMessageDecoder.java:455) ~[netty-codec-4.1.123.Final.jar:4.1.123.Final]
	at io.netty.handler.codec.ByteToMessageDecoder.channelRead(ByteToMessageDecoder.java:290) ~[netty-codec-4.1.123.Final.jar:4.1.123.Final]
	at io.netty.channel.AbstractChannelHandlerContext.invokeChannelRead(AbstractChannelHandlerContext.java:444) ~[netty-transport-4.1.123.Final.jar:4.1.123.Final]
	at io.netty.channel.AbstractChannelHandlerContext.invokeChannelRead(AbstractChannelHandlerContext.java:420) ~[netty-transport-4.1.123.Final.jar:4.1.123.Final]
	at io.netty.channel.AbstractChannelHandlerContext.fireChannelRead(AbstractChannelHandlerContext.java:412) ~[netty-transport-4.1.123.Final.jar:4.1.123.Final]
	at io.netty.channel.DefaultChannelPipeline$HeadContext.channelRead(DefaultChannelPipeline.java:1357) ~[netty-transport-4.1.123.Final.jar:4.1.123.Final]
	at io.netty.channel.AbstractChannelHandlerContext.invokeChannelRead(AbstractChannelHandlerContext.java:440) ~[netty-transport-4.1.123.Final.jar:4.1.123.Final]
	at io.netty.channel.AbstractChannelHandlerContext.invokeChannelRead(AbstractChannelHandlerContext.java:420) ~[netty-transport-4.1.123.Final.jar:4.1.123.Final]
	at io.netty.channel.DefaultChannelPipeline.fireChannelRead(DefaultChannelPipeline.java:868) ~[netty-transport-4.1.123.Final.jar:4.1.123.Final]
	at io.netty.channel.kqueue.AbstractKQueueStreamChannel$KQueueStreamUnsafe.readReady(AbstractKQueueStreamChannel.java:543) ~[netty-transport-classes-kqueue-4.1.123.Final.jar:4.1.123.Final]
	at io.netty.channel.kqueue.AbstractKQueueChannel$AbstractKQueueUnsafe.readReady(AbstractKQueueChannel.java:390) ~[netty-transport-classes-kqueue-4.1.123.Final.jar:4.1.123.Final]
	at io.netty.channel.kqueue.KQueueEventLoop.processReady(KQueueEventLoop.java:274) ~[netty-transport-classes-kqueue-4.1.123.Final.jar:4.1.123.Final]
	at io.netty.channel.kqueue.KQueueEventLoop.run(KQueueEventLoop.java:352) ~[netty-transport-classes-kqueue-4.1.123.Final.jar:4.1.123.Final]
	at io.netty.util.concurrent.SingleThreadEventExecutor$4.run(SingleThreadEventExecutor.java:998) ~[netty-common-4.1.123.Final.jar:4.1.123.Final]
	at io.netty.util.internal.ThreadExecutorMap$2.run(ThreadExecutorMap.java:74) ~[netty-common-4.1.123.Final.jar:4.1.123.Final]
	at io.netty.util.concurrent.FastThreadLocalRunnable.run(FastThreadLocalRunnable.java:30) ~[netty-common-4.1.123.Final.jar:4.1.123.Final]
	at java.base/java.lang.Thread.run(Thread.java:1583) ~[na:na]
Caused by: org.springframework.expression.spel.SpelEvaluationException: EL1004E: Method call: Method getId() cannot be found on type java.util.LinkedHashMap
	at org.springframework.expression.spel.ast.MethodReference.findAccessorForMethod(MethodReference.java:238) ~[spring-expression-6.2.9.jar:6.2.9]
	at org.springframework.expression.spel.ast.MethodReference.getValueInternal(MethodReference.java:148) ~[spring-expression-6.2.9.jar:6.2.9]
	at org.springframework.expression.spel.ast.MethodReference$MethodValueRef.getValue(MethodReference.java:398) ~[spring-expression-6.2.9.jar:6.2.9]
	at org.springframework.expression.spel.ast.CompoundExpression.getValueInternal(CompoundExpression.java:97) ~[spring-expression-6.2.9.jar:6.2.9]
	at org.springframework.expression.spel.ast.OpPlus.getValueInternal(OpPlus.java:95) ~[spring-expression-6.2.9.jar:6.2.9]
	at org.springframework.expression.spel.ast.SpelNodeImpl.getValue(SpelNodeImpl.java:116) ~[spring-expression-6.2.9.jar:6.2.9]
	at org.springframework.expression.spel.standard.SpelExpression.getValue(SpelExpression.java:338) ~[spring-expression-6.2.9.jar:6.2.9]
	at org.thymeleaf.spring6.expression.SPELVariableExpressionEvaluator.evaluate(SPELVariableExpressionEvaluator.java:265) ~[thymeleaf-spring6-3.1.3.RELEASE.jar:3.1.3.RELEASE]
	... 98 common frames omitted

2025-07-31T18:35:28.977+03:00 ERROR 13097 --- [reactor-tcp-kqueue-2] o.t.spring6.SpringWebFluxTemplateEngine  : [THYMELEAF][reactor-tcp-kqueue-2] Exception processing template "main": Exception evaluating SpringEL expression: "'/items/'+item.getId()" (template: "main" - line 56, col 32)

org.thymeleaf.exceptions.TemplateProcessingException: Exception evaluating SpringEL expression: "'/items/'+item.getId()" (template: "main" - line 56, col 32)
	at org.thymeleaf.spring6.expression.SPELVariableExpressionEvaluator.evaluate(SPELVariableExpressionEvaluator.java:292) ~[thymeleaf-spring6-3.1.3.RELEASE.jar:3.1.3.RELEASE]
	at org.thymeleaf.standard.expression.VariableExpression.executeVariableExpression(VariableExpression.java:166) ~[thymeleaf-3.1.3.RELEASE.jar:3.1.3.RELEASE]
	at org.thymeleaf.standard.expression.SimpleExpression.executeSimple(SimpleExpression.java:66) ~[thymeleaf-3.1.3.RELEASE.jar:3.1.3.RELEASE]
	at org.thymeleaf.standard.expression.Expression.execute(Expression.java:109) ~[thymeleaf-3.1.3.RELEASE.jar:3.1.3.RELEASE]
	at org.thymeleaf.standard.expression.Expression.execute(Expression.java:138) ~[thymeleaf-3.1.3.RELEASE.jar:3.1.3.RELEASE]
	at org.thymeleaf.standard.processor.AbstractStandardExpressionAttributeTagProcessor.doProcess(AbstractStandardExpressionAttributeTagProcessor.java:144) ~[thymeleaf-3.1.3.RELEASE.jar:3.1.3.RELEASE]
	at org.thymeleaf.processor.element.AbstractAttributeTagProcessor.doProcess(AbstractAttributeTagProcessor.java:74) ~[thymeleaf-3.1.3.RELEASE.jar:3.1.3.RELEASE]
	at org.thymeleaf.processor.element.AbstractElementTagProcessor.process(AbstractElementTagProcessor.java:95) ~[thymeleaf-3.1.3.RELEASE.jar:3.1.3.RELEASE]
	at org.thymeleaf.util.ProcessorConfigurationUtils$ElementTagProcessorWrapper.process(ProcessorConfigurationUtils.java:633) ~[thymeleaf-3.1.3.RELEASE.jar:3.1.3.RELEASE]
	at org.thymeleaf.engine.ProcessorTemplateHandler.handleOpenElement(ProcessorTemplateHandler.java:1314) ~[thymeleaf-3.1.3.RELEASE.jar:3.1.3.RELEASE]
	at org.thymeleaf.engine.OpenElementTag.beHandled(OpenElementTag.java:205) ~[thymeleaf-3.1.3.RELEASE.jar:3.1.3.RELEASE]
	at org.thymeleaf.engine.Model.process(Model.java:282) ~[thymeleaf-3.1.3.RELEASE.jar:3.1.3.RELEASE]
	at org.thymeleaf.engine.Model.process(Model.java:290) ~[thymeleaf-3.1.3.RELEASE.jar:3.1.3.RELEASE]
	at org.thymeleaf.engine.IteratedGatheringModelProcessable.processIterationModel(IteratedGatheringModelProcessable.java:368) ~[thymeleaf-3.1.3.RELEASE.jar:3.1.3.RELEASE]
	at org.thymeleaf.engine.IteratedGatheringModelProcessable.process(IteratedGatheringModelProcessable.java:222) ~[thymeleaf-3.1.3.RELEASE.jar:3.1.3.RELEASE]
	at org.thymeleaf.engine.ProcessorTemplateHandler.handleCloseElement(ProcessorTemplateHandler.java:1640) ~[thymeleaf-3.1.3.RELEASE.jar:3.1.3.RELEASE]
	at org.thymeleaf.engine.CloseElementTag.beHandled(CloseElementTag.java:139) ~[thymeleaf-3.1.3.RELEASE.jar:3.1.3.RELEASE]
	at org.thymeleaf.engine.Model.process(Model.java:282) ~[thymeleaf-3.1.3.RELEASE.jar:3.1.3.RELEASE]
	at org.thymeleaf.engine.Model.process(Model.java:290) ~[thymeleaf-3.1.3.RELEASE.jar:3.1.3.RELEASE]
	at org.thymeleaf.engine.IteratedGatheringModelProcessable.processIterationModel(IteratedGatheringModelProcessable.java:368) ~[thymeleaf-3.1.3.RELEASE.jar:3.1.3.RELEASE]
	at org.thymeleaf.engine.IteratedGatheringModelProcessable.process(IteratedGatheringModelProcessable.java:222) ~[thymeleaf-3.1.3.RELEASE.jar:3.1.3.RELEASE]
	at org.thymeleaf.engine.ProcessorTemplateHandler.handleCloseElement(ProcessorTemplateHandler.java:1640) ~[thymeleaf-3.1.3.RELEASE.jar:3.1.3.RELEASE]
	at org.thymeleaf.engine.CloseElementTag.beHandled(CloseElementTag.java:139) ~[thymeleaf-3.1.3.RELEASE.jar:3.1.3.RELEASE]
	at org.thymeleaf.engine.TemplateModel.process(TemplateModel.java:136) ~[thymeleaf-3.1.3.RELEASE.jar:3.1.3.RELEASE]
	at org.thymeleaf.engine.TemplateManager.parseAndProcess(TemplateManager.java:592) ~[thymeleaf-3.1.3.RELEASE.jar:3.1.3.RELEASE]
	at org.thymeleaf.TemplateEngine.process(TemplateEngine.java:1103) ~[thymeleaf-3.1.3.RELEASE.jar:3.1.3.RELEASE]
	at org.thymeleaf.TemplateEngine.process(TemplateEngine.java:1077) ~[thymeleaf-3.1.3.RELEASE.jar:3.1.3.RELEASE]
	at org.thymeleaf.spring6.SpringWebFluxTemplateEngine.lambda$createFullStream$0(SpringWebFluxTemplateEngine.java:198) ~[thymeleaf-spring6-3.1.3.RELEASE.jar:3.1.3.RELEASE]
	at reactor.core.publisher.MonoCreate.subscribe(MonoCreate.java:61) ~[reactor-core-3.7.8.jar:3.7.8]
	at reactor.core.publisher.InternalMonoOperator.subscribe(InternalMonoOperator.java:76) ~[reactor-core-3.7.8.jar:3.7.8]
	at reactor.core.publisher.MonoFlatMap$FlatMapMain.onNext(MonoFlatMap.java:165) ~[reactor-core-3.7.8.jar:3.7.8]
	at reactor.core.publisher.MonoIgnoreThen$ThenIgnoreMain.complete(MonoIgnoreThen.java:294) ~[reactor-core-3.7.8.jar:3.7.8]
	at reactor.core.publisher.MonoIgnoreThen$ThenIgnoreMain.onNext(MonoIgnoreThen.java:188) ~[reactor-core-3.7.8.jar:3.7.8]
	at reactor.core.publisher.MonoIgnoreThen$ThenIgnoreMain.subscribeNext(MonoIgnoreThen.java:237) ~[reactor-core-3.7.8.jar:3.7.8]
	at reactor.core.publisher.MonoIgnoreThen$ThenIgnoreMain.onComplete(MonoIgnoreThen.java:204) ~[reactor-core-3.7.8.jar:3.7.8]
	at reactor.core.publisher.MonoPeekTerminal$MonoTerminalPeekSubscriber.onComplete(MonoPeekTerminal.java:299) ~[reactor-core-3.7.8.jar:3.7.8]
	at reactor.core.publisher.MonoWhen$WhenCoordinator.signal(MonoWhen.java:213) ~[reactor-core-3.7.8.jar:3.7.8]
	at reactor.core.publisher.MonoWhen$WhenInner.onComplete(MonoWhen.java:429) ~[reactor-core-3.7.8.jar:3.7.8]
	at reactor.core.publisher.MonoPeekTerminal$MonoTerminalPeekSubscriber.onComplete(MonoPeekTerminal.java:299) ~[reactor-core-3.7.8.jar:3.7.8]
	at reactor.core.publisher.MonoZip$ZipCoordinator.signal(MonoZip.java:298) ~[reactor-core-3.7.8.jar:3.7.8]
	at reactor.core.publisher.MonoZip$ZipInner.onNext(MonoZip.java:478) ~[reactor-core-3.7.8.jar:3.7.8]
	at reactor.core.publisher.FluxMap$MapSubscriber.onNext(FluxMap.java:122) ~[reactor-core-3.7.8.jar:3.7.8]
	at reactor.core.publisher.MonoUsingWhen$MonoUsingWhenSubscriber.deferredComplete(MonoUsingWhen.java:268) ~[reactor-core-3.7.8.jar:3.7.8]
	at reactor.core.publisher.FluxUsingWhen$CommitInner.onComplete(FluxUsingWhen.java:532) ~[reactor-core-3.7.8.jar:3.7.8]
	at reactor.core.publisher.Operators.complete(Operators.java:137) ~[reactor-core-3.7.8.jar:3.7.8]
	at reactor.core.publisher.MonoEmpty.subscribe(MonoEmpty.java:46) ~[reactor-core-3.7.8.jar:3.7.8]
	at reactor.core.publisher.Mono.subscribe(Mono.java:4576) ~[reactor-core-3.7.8.jar:3.7.8]
	at reactor.core.publisher.FluxUsingWhen$UsingWhenSubscriber.onComplete(FluxUsingWhen.java:389) ~[reactor-core-3.7.8.jar:3.7.8]
	at reactor.core.publisher.FluxDefaultIfEmpty$DefaultIfEmptySubscriber.onComplete(FluxDefaultIfEmpty.java:139) ~[reactor-core-3.7.8.jar:3.7.8]
	at reactor.core.publisher.MonoNext$NextSubscriber.onComplete(MonoNext.java:102) ~[reactor-core-3.7.8.jar:3.7.8]
	at reactor.core.publisher.MonoNext$NextSubscriber.onNext(MonoNext.java:83) ~[reactor-core-3.7.8.jar:3.7.8]
	at reactor.core.publisher.FluxOnErrorResume$ResumeSubscriber.onNext(FluxOnErrorResume.java:79) ~[reactor-core-3.7.8.jar:3.7.8]
	at reactor.core.publisher.FluxUsingWhen$UsingWhenSubscriber.onNext(FluxUsingWhen.java:348) ~[reactor-core-3.7.8.jar:3.7.8]
	at reactor.core.publisher.FluxFlatMap$FlatMapMain.tryEmit(FluxFlatMap.java:547) ~[reactor-core-3.7.8.jar:3.7.8]
	at reactor.core.publisher.FluxFlatMap$FlatMapInner.onNext(FluxFlatMap.java:988) ~[reactor-core-3.7.8.jar:3.7.8]
	at reactor.core.publisher.FluxHandleFuseable$HandleFuseableSubscriber.onNext(FluxHandleFuseable.java:194) ~[reactor-core-3.7.8.jar:3.7.8]
	at reactor.core.publisher.FluxWindowPredicate$WindowFlux.drainRegular(FluxWindowPredicate.java:670) ~[reactor-core-3.7.8.jar:3.7.8]
	at reactor.core.publisher.FluxWindowPredicate$WindowFlux.drain(FluxWindowPredicate.java:748) ~[reactor-core-3.7.8.jar:3.7.8]
	at reactor.core.publisher.FluxWindowPredicate$WindowFlux.onNext(FluxWindowPredicate.java:790) ~[reactor-core-3.7.8.jar:3.7.8]
	at reactor.core.publisher.FluxWindowPredicate$WindowPredicateMain.onNext(FluxWindowPredicate.java:268) ~[reactor-core-3.7.8.jar:3.7.8]
	at io.r2dbc.postgresql.util.FluxDiscardOnCancel$FluxDiscardOnCancelSubscriber.onNext(FluxDiscardOnCancel.java:91) ~[r2dbc-postgresql-1.0.7.RELEASE.jar:1.0.7.RELEASE]
	at reactor.core.publisher.FluxContextWrite$ContextWriteSubscriber.onNext(FluxContextWrite.java:107) ~[reactor-core-3.7.8.jar:3.7.8]
	at reactor.core.publisher.FluxCreate$BufferAsyncSink.drain(FluxCreate.java:880) ~[reactor-core-3.7.8.jar:3.7.8]
	at reactor.core.publisher.FluxCreate$BufferAsyncSink.next(FluxCreate.java:805) ~[reactor-core-3.7.8.jar:3.7.8]
	at reactor.core.publisher.FluxCreate$SerializedFluxSink.next(FluxCreate.java:163) ~[reactor-core-3.7.8.jar:3.7.8]
	at io.r2dbc.postgresql.client.ReactorNettyClient$Conversation.emit(ReactorNettyClient.java:696) ~[r2dbc-postgresql-1.0.7.RELEASE.jar:1.0.7.RELEASE]
	at io.r2dbc.postgresql.client.ReactorNettyClient$BackendMessageSubscriber.emit(ReactorNettyClient.java:948) ~[r2dbc-postgresql-1.0.7.RELEASE.jar:1.0.7.RELEASE]
	at io.r2dbc.postgresql.client.ReactorNettyClient$BackendMessageSubscriber.onNext(ReactorNettyClient.java:822) ~[r2dbc-postgresql-1.0.7.RELEASE.jar:1.0.7.RELEASE]
	at io.r2dbc.postgresql.client.ReactorNettyClient$BackendMessageSubscriber.onNext(ReactorNettyClient.java:728) ~[r2dbc-postgresql-1.0.7.RELEASE.jar:1.0.7.RELEASE]
	at reactor.core.publisher.FluxHandle$HandleSubscriber.onNext(FluxHandle.java:129) ~[reactor-core-3.7.8.jar:3.7.8]
	at reactor.core.publisher.FluxPeekFuseable$PeekConditionalSubscriber.onNext(FluxPeekFuseable.java:854) ~[reactor-core-3.7.8.jar:3.7.8]
	at reactor.core.publisher.FluxMap$MapConditionalSubscriber.onNext(FluxMap.java:224) ~[reactor-core-3.7.8.jar:3.7.8]
	at reactor.core.publisher.FluxMap$MapConditionalSubscriber.onNext(FluxMap.java:224) ~[reactor-core-3.7.8.jar:3.7.8]
	at reactor.netty.channel.FluxReceive.drainReceiver(FluxReceive.java:292) ~[reactor-netty-core-1.2.8.jar:1.2.8]
	at reactor.netty.channel.FluxReceive.onInboundNext(FluxReceive.java:401) ~[reactor-netty-core-1.2.8.jar:1.2.8]
	at reactor.netty.channel.ChannelOperations.onInboundNext(ChannelOperations.java:435) ~[reactor-netty-core-1.2.8.jar:1.2.8]
	at reactor.netty.channel.ChannelOperationsHandler.channelRead(ChannelOperationsHandler.java:115) ~[reactor-netty-core-1.2.8.jar:1.2.8]
	at io.netty.channel.AbstractChannelHandlerContext.invokeChannelRead(AbstractChannelHandlerContext.java:444) ~[netty-transport-4.1.123.Final.jar:4.1.123.Final]
	at io.netty.channel.AbstractChannelHandlerContext.invokeChannelRead(AbstractChannelHandlerContext.java:420) ~[netty-transport-4.1.123.Final.jar:4.1.123.Final]
	at io.netty.channel.AbstractChannelHandlerContext.fireChannelRead(AbstractChannelHandlerContext.java:412) ~[netty-transport-4.1.123.Final.jar:4.1.123.Final]
	at io.netty.handler.codec.ByteToMessageDecoder.fireChannelRead(ByteToMessageDecoder.java:346) ~[netty-codec-4.1.123.Final.jar:4.1.123.Final]
	at io.netty.handler.codec.ByteToMessageDecoder.fireChannelRead(ByteToMessageDecoder.java:333) ~[netty-codec-4.1.123.Final.jar:4.1.123.Final]
	at io.netty.handler.codec.ByteToMessageDecoder.callDecode(ByteToMessageDecoder.java:455) ~[netty-codec-4.1.123.Final.jar:4.1.123.Final]
	at io.netty.handler.codec.ByteToMessageDecoder.channelRead(ByteToMessageDecoder.java:290) ~[netty-codec-4.1.123.Final.jar:4.1.123.Final]
	at io.netty.channel.AbstractChannelHandlerContext.invokeChannelRead(AbstractChannelHandlerContext.java:444) ~[netty-transport-4.1.123.Final.jar:4.1.123.Final]
	at io.netty.channel.AbstractChannelHandlerContext.invokeChannelRead(AbstractChannelHandlerContext.java:420) ~[netty-transport-4.1.123.Final.jar:4.1.123.Final]
	at io.netty.channel.AbstractChannelHandlerContext.fireChannelRead(AbstractChannelHandlerContext.java:412) ~[netty-transport-4.1.123.Final.jar:4.1.123.Final]
	at io.netty.channel.DefaultChannelPipeline$HeadContext.channelRead(DefaultChannelPipeline.java:1357) ~[netty-transport-4.1.123.Final.jar:4.1.123.Final]
	at io.netty.channel.AbstractChannelHandlerContext.invokeChannelRead(AbstractChannelHandlerContext.java:440) ~[netty-transport-4.1.123.Final.jar:4.1.123.Final]
	at io.netty.channel.AbstractChannelHandlerContext.invokeChannelRead(AbstractChannelHandlerContext.java:420) ~[netty-transport-4.1.123.Final.jar:4.1.123.Final]
	at io.netty.channel.DefaultChannelPipeline.fireChannelRead(DefaultChannelPipeline.java:868) ~[netty-transport-4.1.123.Final.jar:4.1.123.Final]
	at io.netty.channel.kqueue.AbstractKQueueStreamChannel$KQueueStreamUnsafe.readReady(AbstractKQueueStreamChannel.java:543) ~[netty-transport-classes-kqueue-4.1.123.Final.jar:4.1.123.Final]
	at io.netty.channel.kqueue.AbstractKQueueChannel$AbstractKQueueUnsafe.readReady(AbstractKQueueChannel.java:390) ~[netty-transport-classes-kqueue-4.1.123.Final.jar:4.1.123.Final]
	at io.netty.channel.kqueue.KQueueEventLoop.processReady(KQueueEventLoop.java:274) ~[netty-transport-classes-kqueue-4.1.123.Final.jar:4.1.123.Final]
	at io.netty.channel.kqueue.KQueueEventLoop.run(KQueueEventLoop.java:352) ~[netty-transport-classes-kqueue-4.1.123.Final.jar:4.1.123.Final]
	at io.netty.util.concurrent.SingleThreadEventExecutor$4.run(SingleThreadEventExecutor.java:998) ~[netty-common-4.1.123.Final.jar:4.1.123.Final]
	at io.netty.util.internal.ThreadExecutorMap$2.run(ThreadExecutorMap.java:74) ~[netty-common-4.1.123.Final.jar:4.1.123.Final]
	at io.netty.util.concurrent.FastThreadLocalRunnable.run(FastThreadLocalRunnable.java:30) ~[netty-common-4.1.123.Final.jar:4.1.123.Final]
	at java.base/java.lang.Thread.run(Thread.java:1583) ~[na:na]
Caused by: org.springframework.expression.spel.SpelEvaluationException: EL1004E: Method call: Method getId() cannot be found on type java.util.LinkedHashMap
	at org.springframework.expression.spel.ast.MethodReference.findAccessorForMethod(MethodReference.java:238) ~[spring-expression-6.2.9.jar:6.2.9]
	at org.springframework.expression.spel.ast.MethodReference.getValueInternal(MethodReference.java:148) ~[spring-expression-6.2.9.jar:6.2.9]
	at org.springframework.expression.spel.ast.MethodReference$MethodValueRef.getValue(MethodReference.java:398) ~[spring-expression-6.2.9.jar:6.2.9]
	at org.springframework.expression.spel.ast.CompoundExpression.getValueInternal(CompoundExpression.java:97) ~[spring-expression-6.2.9.jar:6.2.9]
	at org.springframework.expression.spel.ast.OpPlus.getValueInternal(OpPlus.java:95) ~[spring-expression-6.2.9.jar:6.2.9]
	at org.springframework.expression.spel.ast.SpelNodeImpl.getValue(SpelNodeImpl.java:116) ~[spring-expression-6.2.9.jar:6.2.9]
	at org.springframework.expression.spel.standard.SpelExpression.getValue(SpelExpression.java:338) ~[spring-expression-6.2.9.jar:6.2.9]
	at org.thymeleaf.spring6.expression.SPELVariableExpressionEvaluator.evaluate(SPELVariableExpressionEvaluator.java:265) ~[thymeleaf-spring6-3.1.3.RELEASE.jar:3.1.3.RELEASE]
	... 98 common frames omitted

2025-07-31T18:35:28.980+03:00 ERROR 13097 --- [reactor-tcp-kqueue-2] a.w.r.e.AbstractErrorWebExceptionHandler : [619821cb-28]  500 Server Error for HTTP GET "/main/items"

org.thymeleaf.exceptions.TemplateProcessingException: Exception evaluating SpringEL expression: "'/items/'+item.getId()" (template: "main" - line 56, col 32)
	at org.thymeleaf.spring6.expression.SPELVariableExpressionEvaluator.evaluate(SPELVariableExpressionEvaluator.java:292) ~[thymeleaf-spring6-3.1.3.RELEASE.jar:3.1.3.RELEASE]
	Suppressed: reactor.core.publisher.FluxOnAssembly$OnAssemblyException: 
Error has been observed at the following site(s):
	*__checkpoint ⇢ Handler ru.yandex.practicum.controller.ShopController#getItems(Model, String, String, int, int) [DispatcherHandler]
	*__checkpoint ⇢ HTTP GET "/main/items" [ExceptionHandlingWebHandler]
Original Stack Trace:
		at org.thymeleaf.spring6.expression.SPELVariableExpressionEvaluator.evaluate(SPELVariableExpressionEvaluator.java:292) ~[thymeleaf-spring6-3.1.3.RELEASE.jar:3.1.3.RELEASE]
		at org.thymeleaf.standard.expression.VariableExpression.executeVariableExpression(VariableExpression.java:166) ~[thymeleaf-3.1.3.RELEASE.jar:3.1.3.RELEASE]
		at org.thymeleaf.standard.expression.SimpleExpression.executeSimple(SimpleExpression.java:66) ~[thymeleaf-3.1.3.RELEASE.jar:3.1.3.RELEASE]
		at org.thymeleaf.standard.expression.Expression.execute(Expression.java:109) ~[thymeleaf-3.1.3.RELEASE.jar:3.1.3.RELEASE]
		at org.thymeleaf.standard.expression.Expression.execute(Expression.java:138) ~[thymeleaf-3.1.3.RELEASE.jar:3.1.3.RELEASE]
		at org.thymeleaf.standard.processor.AbstractStandardExpressionAttributeTagProcessor.doProcess(AbstractStandardExpressionAttributeTagProcessor.java:144) ~[thymeleaf-3.1.3.RELEASE.jar:3.1.3.RELEASE]
		at org.thymeleaf.processor.element.AbstractAttributeTagProcessor.doProcess(AbstractAttributeTagProcessor.java:74) ~[thymeleaf-3.1.3.RELEASE.jar:3.1.3.RELEASE]
		at org.thymeleaf.processor.element.AbstractElementTagProcessor.process(AbstractElementTagProcessor.java:95) ~[thymeleaf-3.1.3.RELEASE.jar:3.1.3.RELEASE]
		at org.thymeleaf.util.ProcessorConfigurationUtils$ElementTagProcessorWrapper.process(ProcessorConfigurationUtils.java:633) ~[thymeleaf-3.1.3.RELEASE.jar:3.1.3.RELEASE]
		at org.thymeleaf.engine.ProcessorTemplateHandler.handleOpenElement(ProcessorTemplateHandler.java:1314) ~[thymeleaf-3.1.3.RELEASE.jar:3.1.3.RELEASE]
		at org.thymeleaf.engine.OpenElementTag.beHandled(OpenElementTag.java:205) ~[thymeleaf-3.1.3.RELEASE.jar:3.1.3.RELEASE]
		at org.thymeleaf.engine.Model.process(Model.java:282) ~[thymeleaf-3.1.3.RELEASE.jar:3.1.3.RELEASE]
		at org.thymeleaf.engine.Model.process(Model.java:290) ~[thymeleaf-3.1.3.RELEASE.jar:3.1.3.RELEASE]
		at org.thymeleaf.engine.IteratedGatheringModelProcessable.processIterationModel(IteratedGatheringModelProcessable.java:368) ~[thymeleaf-3.1.3.RELEASE.jar:3.1.3.RELEASE]
		at org.thymeleaf.engine.IteratedGatheringModelProcessable.process(IteratedGatheringModelProcessable.java:222) ~[thymeleaf-3.1.3.RELEASE.jar:3.1.3.RELEASE]
		at org.thymeleaf.engine.ProcessorTemplateHandler.handleCloseElement(ProcessorTemplateHandler.java:1640) ~[thymeleaf-3.1.3.RELEASE.jar:3.1.3.RELEASE]
		at org.thymeleaf.engine.CloseElementTag.beHandled(CloseElementTag.java:139) ~[thymeleaf-3.1.3.RELEASE.jar:3.1.3.RELEASE]
		at org.thymeleaf.engine.Model.process(Model.java:282) ~[thymeleaf-3.1.3.RELEASE.jar:3.1.3.RELEASE]
		at org.thymeleaf.engine.Model.process(Model.java:290) ~[thymeleaf-3.1.3.RELEASE.jar:3.1.3.RELEASE]
		at org.thymeleaf.engine.IteratedGatheringModelProcessable.processIterationModel(IteratedGatheringModelProcessable.java:368) ~[thymeleaf-3.1.3.RELEASE.jar:3.1.3.RELEASE]
		at org.thymeleaf.engine.IteratedGatheringModelProcessable.process(IteratedGatheringModelProcessable.java:222) ~[thymeleaf-3.1.3.RELEASE.jar:3.1.3.RELEASE]
		at org.thymeleaf.engine.ProcessorTemplateHandler.handleCloseElement(ProcessorTemplateHandler.java:1640) ~[thymeleaf-3.1.3.RELEASE.jar:3.1.3.RELEASE]
		at org.thymeleaf.engine.CloseElementTag.beHandled(CloseElementTag.java:139) ~[thymeleaf-3.1.3.RELEASE.jar:3.1.3.RELEASE]
		at org.thymeleaf.engine.TemplateModel.process(TemplateModel.java:136) ~[thymeleaf-3.1.3.RELEASE.jar:3.1.3.RELEASE]
		at org.thymeleaf.engine.TemplateManager.parseAndProcess(TemplateManager.java:592) ~[thymeleaf-3.1.3.RELEASE.jar:3.1.3.RELEASE]
		at org.thymeleaf.TemplateEngine.process(TemplateEngine.java:1103) ~[thymeleaf-3.1.3.RELEASE.jar:3.1.3.RELEASE]
		at org.thymeleaf.TemplateEngine.process(TemplateEngine.java:1077) ~[thymeleaf-3.1.3.RELEASE.jar:3.1.3.RELEASE]
		at org.thymeleaf.spring6.SpringWebFluxTemplateEngine.lambda$createFullStream$0(SpringWebFluxTemplateEngine.java:198) ~[thymeleaf-spring6-3.1.3.RELEASE.jar:3.1.3.RELEASE]
		at reactor.core.publisher.MonoCreate.subscribe(MonoCreate.java:61) ~[reactor-core-3.7.8.jar:3.7.8]
		at reactor.core.publisher.InternalMonoOperator.subscribe(InternalMonoOperator.java:76) ~[reactor-core-3.7.8.jar:3.7.8]
		at reactor.core.publisher.MonoFlatMap$FlatMapMain.onNext(MonoFlatMap.java:165) ~[reactor-core-3.7.8.jar:3.7.8]
		at reactor.core.publisher.MonoIgnoreThen$ThenIgnoreMain.complete(MonoIgnoreThen.java:294) ~[reactor-core-3.7.8.jar:3.7.8]
		at reactor.core.publisher.MonoIgnoreThen$ThenIgnoreMain.onNext(MonoIgnoreThen.java:188) ~[reactor-core-3.7.8.jar:3.7.8]
		at reactor.core.publisher.MonoIgnoreThen$ThenIgnoreMain.subscribeNext(MonoIgnoreThen.java:237) ~[reactor-core-3.7.8.jar:3.7.8]
		at reactor.core.publisher.MonoIgnoreThen$ThenIgnoreMain.onComplete(MonoIgnoreThen.java:204) ~[reactor-core-3.7.8.jar:3.7.8]
		at reactor.core.publisher.MonoPeekTerminal$MonoTerminalPeekSubscriber.onComplete(MonoPeekTerminal.java:299) ~[reactor-core-3.7.8.jar:3.7.8]
		at reactor.core.publisher.MonoWhen$WhenCoordinator.signal(MonoWhen.java:213) ~[reactor-core-3.7.8.jar:3.7.8]
		at reactor.core.publisher.MonoWhen$WhenInner.onComplete(MonoWhen.java:429) ~[reactor-core-3.7.8.jar:3.7.8]
		at reactor.core.publisher.MonoPeekTerminal$MonoTerminalPeekSubscriber.onComplete(MonoPeekTerminal.java:299) ~[reactor-core-3.7.8.jar:3.7.8]
		at reactor.core.publisher.MonoZip$ZipCoordinator.signal(MonoZip.java:298) ~[reactor-core-3.7.8.jar:3.7.8]
		at reactor.core.publisher.MonoZip$ZipInner.onNext(MonoZip.java:478) ~[reactor-core-3.7.8.jar:3.7.8]
		at reactor.core.publisher.FluxMap$MapSubscriber.onNext(FluxMap.java:122) ~[reactor-core-3.7.8.jar:3.7.8]
		at reactor.core.publisher.MonoUsingWhen$MonoUsingWhenSubscriber.deferredComplete(MonoUsingWhen.java:268) ~[reactor-core-3.7.8.jar:3.7.8]
		at reactor.core.publisher.FluxUsingWhen$CommitInner.onComplete(FluxUsingWhen.java:532) ~[reactor-core-3.7.8.jar:3.7.8]
		at reactor.core.publisher.Operators.complete(Operators.java:137) ~[reactor-core-3.7.8.jar:3.7.8]
		at reactor.core.publisher.MonoEmpty.subscribe(MonoEmpty.java:46) ~[reactor-core-3.7.8.jar:3.7.8]
		at reactor.core.publisher.Mono.subscribe(Mono.java:4576) ~[reactor-core-3.7.8.jar:3.7.8]
		at reactor.core.publisher.FluxUsingWhen$UsingWhenSubscriber.onComplete(FluxUsingWhen.java:389) ~[reactor-core-3.7.8.jar:3.7.8]
		at reactor.core.publisher.FluxDefaultIfEmpty$DefaultIfEmptySubscriber.onComplete(FluxDefaultIfEmpty.java:139) ~[reactor-core-3.7.8.jar:3.7.8]
		at reactor.core.publisher.MonoNext$NextSubscriber.onComplete(MonoNext.java:102) ~[reactor-core-3.7.8.jar:3.7.8]
		at reactor.core.publisher.MonoNext$NextSubscriber.onNext(MonoNext.java:83) ~[reactor-core-3.7.8.jar:3.7.8]
		at reactor.core.publisher.FluxOnErrorResume$ResumeSubscriber.onNext(FluxOnErrorResume.java:79) ~[reactor-core-3.7.8.jar:3.7.8]
		at reactor.core.publisher.FluxUsingWhen$UsingWhenSubscriber.onNext(FluxUsingWhen.java:348) ~[reactor-core-3.7.8.jar:3.7.8]
		at reactor.core.publisher.FluxFlatMap$FlatMapMain.tryEmit(FluxFlatMap.java:547) ~[reactor-core-3.7.8.jar:3.7.8]
		at reactor.core.publisher.FluxFlatMap$FlatMapInner.onNext(FluxFlatMap.java:988) ~[reactor-core-3.7.8.jar:3.7.8]
		at reactor.core.publisher.FluxHandleFuseable$HandleFuseableSubscriber.onNext(FluxHandleFuseable.java:194) ~[reactor-core-3.7.8.jar:3.7.8]
		at reactor.core.publisher.FluxWindowPredicate$WindowFlux.drainRegular(FluxWindowPredicate.java:670) ~[reactor-core-3.7.8.jar:3.7.8]
		at reactor.core.publisher.FluxWindowPredicate$WindowFlux.drain(FluxWindowPredicate.java:748) ~[reactor-core-3.7.8.jar:3.7.8]
		at reactor.core.publisher.FluxWindowPredicate$WindowFlux.onNext(FluxWindowPredicate.java:790) ~[reactor-core-3.7.8.jar:3.7.8]
		at reactor.core.publisher.FluxWindowPredicate$WindowPredicateMain.onNext(FluxWindowPredicate.java:268) ~[reactor-core-3.7.8.jar:3.7.8]
		at io.r2dbc.postgresql.util.FluxDiscardOnCancel$FluxDiscardOnCancelSubscriber.onNext(FluxDiscardOnCancel.java:91) ~[r2dbc-postgresql-1.0.7.RELEASE.jar:1.0.7.RELEASE]
		at reactor.core.publisher.FluxContextWrite$ContextWriteSubscriber.onNext(FluxContextWrite.java:107) ~[reactor-core-3.7.8.jar:3.7.8]
		at reactor.core.publisher.FluxCreate$BufferAsyncSink.drain(FluxCreate.java:880) ~[reactor-core-3.7.8.jar:3.7.8]
		at reactor.core.publisher.FluxCreate$BufferAsyncSink.next(FluxCreate.java:805) ~[reactor-core-3.7.8.jar:3.7.8]
		at reactor.core.publisher.FluxCreate$SerializedFluxSink.next(FluxCreate.java:163) ~[reactor-core-3.7.8.jar:3.7.8]
		at io.r2dbc.postgresql.client.ReactorNettyClient$Conversation.emit(ReactorNettyClient.java:696) ~[r2dbc-postgresql-1.0.7.RELEASE.jar:1.0.7.RELEASE]
		at io.r2dbc.postgresql.client.ReactorNettyClient$BackendMessageSubscriber.emit(ReactorNettyClient.java:948) ~[r2dbc-postgresql-1.0.7.RELEASE.jar:1.0.7.RELEASE]
		at io.r2dbc.postgresql.client.ReactorNettyClient$BackendMessageSubscriber.onNext(ReactorNettyClient.java:822) ~[r2dbc-postgresql-1.0.7.RELEASE.jar:1.0.7.RELEASE]
		at io.r2dbc.postgresql.client.ReactorNettyClient$BackendMessageSubscriber.onNext(ReactorNettyClient.java:728) ~[r2dbc-postgresql-1.0.7.RELEASE.jar:1.0.7.RELEASE]
		at reactor.core.publisher.FluxHandle$HandleSubscriber.onNext(FluxHandle.java:129) ~[reactor-core-3.7.8.jar:3.7.8]
		at reactor.core.publisher.FluxPeekFuseable$PeekConditionalSubscriber.onNext(FluxPeekFuseable.java:854) ~[reactor-core-3.7.8.jar:3.7.8]
		at reactor.core.publisher.FluxMap$MapConditionalSubscriber.onNext(FluxMap.java:224) ~[reactor-core-3.7.8.jar:3.7.8]
		at reactor.core.publisher.FluxMap$MapConditionalSubscriber.onNext(FluxMap.java:224) ~[reactor-core-3.7.8.jar:3.7.8]
		at reactor.netty.channel.FluxReceive.drainReceiver(FluxReceive.java:292) ~[reactor-netty-core-1.2.8.jar:1.2.8]
		at reactor.netty.channel.FluxReceive.onInboundNext(FluxReceive.java:401) ~[reactor-netty-core-1.2.8.jar:1.2.8]
		at reactor.netty.channel.ChannelOperations.onInboundNext(ChannelOperations.java:435) ~[reactor-netty-core-1.2.8.jar:1.2.8]
		at reactor.netty.channel.ChannelOperationsHandler.channelRead(ChannelOperationsHandler.java:115) ~[reactor-netty-core-1.2.8.jar:1.2.8]
		at io.netty.channel.AbstractChannelHandlerContext.invokeChannelRead(AbstractChannelHandlerContext.java:444) ~[netty-transport-4.1.123.Final.jar:4.1.123.Final]
		at io.netty.channel.AbstractChannelHandlerContext.invokeChannelRead(AbstractChannelHandlerContext.java:420) ~[netty-transport-4.1.123.Final.jar:4.1.123.Final]
		at io.netty.channel.AbstractChannelHandlerContext.fireChannelRead(AbstractChannelHandlerContext.java:412) ~[netty-transport-4.1.123.Final.jar:4.1.123.Final]
		at io.netty.handler.codec.ByteToMessageDecoder.fireChannelRead(ByteToMessageDecoder.java:346) ~[netty-codec-4.1.123.Final.jar:4.1.123.Final]
		at io.netty.handler.codec.ByteToMessageDecoder.fireChannelRead(ByteToMessageDecoder.java:333) ~[netty-codec-4.1.123.Final.jar:4.1.123.Final]
		at io.netty.handler.codec.ByteToMessageDecoder.callDecode(ByteToMessageDecoder.java:455) ~[netty-codec-4.1.123.Final.jar:4.1.123.Final]
		at io.netty.handler.codec.ByteToMessageDecoder.channelRead(ByteToMessageDecoder.java:290) ~[netty-codec-4.1.123.Final.jar:4.1.123.Final]
		at io.netty.channel.AbstractChannelHandlerContext.invokeChannelRead(AbstractChannelHandlerContext.java:444) ~[netty-transport-4.1.123.Final.jar:4.1.123.Final]
		at io.netty.channel.AbstractChannelHandlerContext.invokeChannelRead(AbstractChannelHandlerContext.java:420) ~[netty-transport-4.1.123.Final.jar:4.1.123.Final]
		at io.netty.channel.AbstractChannelHandlerContext.fireChannelRead(AbstractChannelHandlerContext.java:412) ~[netty-transport-4.1.123.Final.jar:4.1.123.Final]
		at io.netty.channel.DefaultChannelPipeline$HeadContext.channelRead(DefaultChannelPipeline.java:1357) ~[netty-transport-4.1.123.Final.jar:4.1.123.Final]
		at io.netty.channel.AbstractChannelHandlerContext.invokeChannelRead(AbstractChannelHandlerContext.java:440) ~[netty-transport-4.1.123.Final.jar:4.1.123.Final]
		at io.netty.channel.AbstractChannelHandlerContext.invokeChannelRead(AbstractChannelHandlerContext.java:420) ~[netty-transport-4.1.123.Final.jar:4.1.123.Final]
		at io.netty.channel.DefaultChannelPipeline.fireChannelRead(DefaultChannelPipeline.java:868) ~[netty-transport-4.1.123.Final.jar:4.1.123.Final]
		at io.netty.channel.kqueue.AbstractKQueueStreamChannel$KQueueStreamUnsafe.readReady(AbstractKQueueStreamChannel.java:543) ~[netty-transport-classes-kqueue-4.1.123.Final.jar:4.1.123.Final]
		at io.netty.channel.kqueue.AbstractKQueueChannel$AbstractKQueueUnsafe.readReady(AbstractKQueueChannel.java:390) ~[netty-transport-classes-kqueue-4.1.123.Final.jar:4.1.123.Final]
		at io.netty.channel.kqueue.KQueueEventLoop.processReady(KQueueEventLoop.java:274) ~[netty-transport-classes-kqueue-4.1.123.Final.jar:4.1.123.Final]
		at io.netty.channel.kqueue.KQueueEventLoop.run(KQueueEventLoop.java:352) ~[netty-transport-classes-kqueue-4.1.123.Final.jar:4.1.123.Final]
		at io.netty.util.concurrent.SingleThreadEventExecutor$4.run(SingleThreadEventExecutor.java:998) ~[netty-common-4.1.123.Final.jar:4.1.123.Final]
		at io.netty.util.internal.ThreadExecutorMap$2.run(ThreadExecutorMap.java:74) ~[netty-common-4.1.123.Final.jar:4.1.123.Final]
		at io.netty.util.concurrent.FastThreadLocalRunnable.run(FastThreadLocalRunnable.java:30) ~[netty-common-4.1.123.Final.jar:4.1.123.Final]
		at java.base/java.lang.Thread.run(Thread.java:1583) ~[na:na]
Caused by: org.springframework.expression.spel.SpelEvaluationException: EL1004E: Method call: Method getId() cannot be found on type java.util.LinkedHashMap
	at org.springframework.expression.spel.ast.MethodReference.findAccessorForMethod(MethodReference.java:238) ~[spring-expression-6.2.9.jar:6.2.9]
	at org.springframework.expression.spel.ast.MethodReference.getValueInternal(MethodReference.java:148) ~[spring-expression-6.2.9.jar:6.2.9]
	at org.springframework.expression.spel.ast.MethodReference$MethodValueRef.getValue(MethodReference.java:398) ~[spring-expression-6.2.9.jar:6.2.9]
	at org.springframework.expression.spel.ast.CompoundExpression.getValueInternal(CompoundExpression.java:97) ~[spring-expression-6.2.9.jar:6.2.9]
	at org.springframework.expression.spel.ast.OpPlus.getValueInternal(OpPlus.java:95) ~[spring-expression-6.2.9.jar:6.2.9]
	at org.springframework.expression.spel.ast.SpelNodeImpl.getValue(SpelNodeImpl.java:116) ~[spring-expression-6.2.9.jar:6.2.9]
	at org.springframework.expression.spel.standard.SpelExpression.getValue(SpelExpression.java:338) ~[spring-expression-6.2.9.jar:6.2.9]
	at org.thymeleaf.spring6.expression.SPELVariableExpressionEvaluator.evaluate(SPELVariableExpressionEvaluator.java:265) ~[thymeleaf-spring6-3.1.3.RELEASE.jar:3.1.3.RELEASE]
	at org.thymeleaf.standard.expression.VariableExpression.executeVariableExpression(VariableExpression.java:166) ~[thymeleaf-3.1.3.RELEASE.jar:3.1.3.RELEASE]
	at org.thymeleaf.standard.expression.SimpleExpression.executeSimple(SimpleExpression.java:66) ~[thymeleaf-3.1.3.RELEASE.jar:3.1.3.RELEASE]
	at org.thymeleaf.standard.expression.Expression.execute(Expression.java:109) ~[thymeleaf-3.1.3.RELEASE.jar:3.1.3.RELEASE]
	at org.thymeleaf.standard.expression.Expression.execute(Expression.java:138) ~[thymeleaf-3.1.3.RELEASE.jar:3.1.3.RELEASE]
	at org.thymeleaf.standard.processor.AbstractStandardExpressionAttributeTagProcessor.doProcess(AbstractStandardExpressionAttributeTagProcessor.java:144) ~[thymeleaf-3.1.3.RELEASE.jar:3.1.3.RELEASE]
	at org.thymeleaf.processor.element.AbstractAttributeTagProcessor.doProcess(AbstractAttributeTagProcessor.java:74) ~[thymeleaf-3.1.3.RELEASE.jar:3.1.3.RELEASE]
	at org.thymeleaf.processor.element.AbstractElementTagProcessor.process(AbstractElementTagProcessor.java:95) ~[thymeleaf-3.1.3.RELEASE.jar:3.1.3.RELEASE]
	at org.thymeleaf.util.ProcessorConfigurationUtils$ElementTagProcessorWrapper.process(ProcessorConfigurationUtils.java:633) ~[thymeleaf-3.1.3.RELEASE.jar:3.1.3.RELEASE]
	at org.thymeleaf.engine.ProcessorTemplateHandler.handleOpenElement(ProcessorTemplateHandler.java:1314) ~[thymeleaf-3.1.3.RELEASE.jar:3.1.3.RELEASE]
	at org.thymeleaf.engine.OpenElementTag.beHandled(OpenElementTag.java:205) ~[thymeleaf-3.1.3.RELEASE.jar:3.1.3.RELEASE]
	at org.thymeleaf.engine.Model.process(Model.java:282) ~[thymeleaf-3.1.3.RELEASE.jar:3.1.3.RELEASE]
	at org.thymeleaf.engine.Model.process(Model.java:290) ~[thymeleaf-3.1.3.RELEASE.jar:3.1.3.RELEASE]
	at org.thymeleaf.engine.IteratedGatheringModelProcessable.processIterationModel(IteratedGatheringModelProcessable.java:368) ~[thymeleaf-3.1.3.RELEASE.jar:3.1.3.RELEASE]
	at org.thymeleaf.engine.IteratedGatheringModelProcessable.process(IteratedGatheringModelProcessable.java:222) ~[thymeleaf-3.1.3.RELEASE.jar:3.1.3.RELEASE]
	at org.thymeleaf.engine.ProcessorTemplateHandler.handleCloseElement(ProcessorTemplateHandler.java:1640) ~[thymeleaf-3.1.3.RELEASE.jar:3.1.3.RELEASE]
	at org.thymeleaf.engine.CloseElementTag.beHandled(CloseElementTag.java:139) ~[thymeleaf-3.1.3.RELEASE.jar:3.1.3.RELEASE]
	at org.thymeleaf.engine.Model.process(Model.java:282) ~[thymeleaf-3.1.3.RELEASE.jar:3.1.3.RELEASE]
	at org.thymeleaf.engine.Model.process(Model.java:290) ~[thymeleaf-3.1.3.RELEASE.jar:3.1.3.RELEASE]
	at org.thymeleaf.engine.IteratedGatheringModelProcessable.processIterationModel(IteratedGatheringModelProcessable.java:368) ~[thymeleaf-3.1.3.RELEASE.jar:3.1.3.RELEASE]
	at org.thymeleaf.engine.IteratedGatheringModelProcessable.process(IteratedGatheringModelProcessable.java:222) ~[thymeleaf-3.1.3.RELEASE.jar:3.1.3.RELEASE]
	at org.thymeleaf.engine.ProcessorTemplateHandler.handleCloseElement(ProcessorTemplateHandler.java:1640) ~[thymeleaf-3.1.3.RELEASE.jar:3.1.3.RELEASE]
	at org.thymeleaf.engine.CloseElementTag.beHandled(CloseElementTag.java:139) ~[thymeleaf-3.1.3.RELEASE.jar:3.1.3.RELEASE]
	at org.thymeleaf.engine.TemplateModel.process(TemplateModel.java:136) ~[thymeleaf-3.1.3.RELEASE.jar:3.1.3.RELEASE]
	at org.thymeleaf.engine.TemplateManager.parseAndProcess(TemplateManager.java:592) ~[thymeleaf-3.1.3.RELEASE.jar:3.1.3.RELEASE]
	at org.thymeleaf.TemplateEngine.process(TemplateEngine.java:1103) ~[thymeleaf-3.1.3.RELEASE.jar:3.1.3.RELEASE]
	at org.thymeleaf.TemplateEngine.process(TemplateEngine.java:1077) ~[thymeleaf-3.1.3.RELEASE.jar:3.1.3.RELEASE]
	at org.thymeleaf.spring6.SpringWebFluxTemplateEngine.lambda$createFullStream$0(SpringWebFluxTemplateEngine.java:198) ~[thymeleaf-spring6-3.1.3.RELEASE.jar:3.1.3.RELEASE]
	at reactor.core.publisher.MonoCreate.subscribe(MonoCreate.java:61) ~[reactor-core-3.7.8.jar:3.7.8]
	at reactor.core.publisher.InternalMonoOperator.subscribe(InternalMonoOperator.java:76) ~[reactor-core-3.7.8.jar:3.7.8]
	at reactor.core.publisher.MonoFlatMap$FlatMapMain.onNext(MonoFlatMap.java:165) ~[reactor-core-3.7.8.jar:3.7.8]
	at reactor.core.publisher.MonoIgnoreThen$ThenIgnoreMain.complete(MonoIgnoreThen.java:294) ~[reactor-core-3.7.8.jar:3.7.8]
	at reactor.core.publisher.MonoIgnoreThen$ThenIgnoreMain.onNext(MonoIgnoreThen.java:188) ~[reactor-core-3.7.8.jar:3.7.8]
	at reactor.core.publisher.MonoIgnoreThen$ThenIgnoreMain.subscribeNext(MonoIgnoreThen.java:237) ~[reactor-core-3.7.8.jar:3.7.8]
	at reactor.core.publisher.MonoIgnoreThen$ThenIgnoreMain.onComplete(MonoIgnoreThen.java:204) ~[reactor-core-3.7.8.jar:3.7.8]
	at reactor.core.publisher.MonoPeekTerminal$MonoTerminalPeekSubscriber.onComplete(MonoPeekTerminal.java:299) ~[reactor-core-3.7.8.jar:3.7.8]
	at reactor.core.publisher.MonoWhen$WhenCoordinator.signal(MonoWhen.java:213) ~[reactor-core-3.7.8.jar:3.7.8]
	at reactor.core.publisher.MonoWhen$WhenInner.onComplete(MonoWhen.java:429) ~[reactor-core-3.7.8.jar:3.7.8]
	at reactor.core.publisher.MonoPeekTerminal$MonoTerminalPeekSubscriber.onComplete(MonoPeekTerminal.java:299) ~[reactor-core-3.7.8.jar:3.7.8]
	at reactor.core.publisher.MonoZip$ZipCoordinator.signal(MonoZip.java:298) ~[reactor-core-3.7.8.jar:3.7.8]
	at reactor.core.publisher.MonoZip$ZipInner.onNext(MonoZip.java:478) ~[reactor-core-3.7.8.jar:3.7.8]
	at reactor.core.publisher.FluxMap$MapSubscriber.onNext(FluxMap.java:122) ~[reactor-core-3.7.8.jar:3.7.8]
	at reactor.core.publisher.MonoUsingWhen$MonoUsingWhenSubscriber.deferredComplete(MonoUsingWhen.java:268) ~[reactor-core-3.7.8.jar:3.7.8]
	at reactor.core.publisher.FluxUsingWhen$CommitInner.onComplete(FluxUsingWhen.java:532) ~[reactor-core-3.7.8.jar:3.7.8]
	at reactor.core.publisher.Operators.complete(Operators.java:137) ~[reactor-core-3.7.8.jar:3.7.8]
	at reactor.core.publisher.MonoEmpty.subscribe(MonoEmpty.java:46) ~[reactor-core-3.7.8.jar:3.7.8]
	at reactor.core.publisher.Mono.subscribe(Mono.java:4576) ~[reactor-core-3.7.8.jar:3.7.8]
	at reactor.core.publisher.FluxUsingWhen$UsingWhenSubscriber.onComplete(FluxUsingWhen.java:389) ~[reactor-core-3.7.8.jar:3.7.8]
	at reactor.core.publisher.FluxDefaultIfEmpty$DefaultIfEmptySubscriber.onComplete(FluxDefaultIfEmpty.java:139) ~[reactor-core-3.7.8.jar:3.7.8]
	at reactor.core.publisher.MonoNext$NextSubscriber.onComplete(MonoNext.java:102) ~[reactor-core-3.7.8.jar:3.7.8]
	at reactor.core.publisher.MonoNext$NextSubscriber.onNext(MonoNext.java:83) ~[reactor-core-3.7.8.jar:3.7.8]
	at reactor.core.publisher.FluxOnErrorResume$ResumeSubscriber.onNext(FluxOnErrorResume.java:79) ~[reactor-core-3.7.8.jar:3.7.8]
	at reactor.core.publisher.FluxUsingWhen$UsingWhenSubscriber.onNext(FluxUsingWhen.java:348) ~[reactor-core-3.7.8.jar:3.7.8]
	at reactor.core.publisher.FluxFlatMap$FlatMapMain.tryEmit(FluxFlatMap.java:547) ~[reactor-core-3.7.8.jar:3.7.8]
	at reactor.core.publisher.FluxFlatMap$FlatMapInner.onNext(FluxFlatMap.java:988) ~[reactor-core-3.7.8.jar:3.7.8]
	at reactor.core.publisher.FluxHandleFuseable$HandleFuseableSubscriber.onNext(FluxHandleFuseable.java:194) ~[reactor-core-3.7.8.jar:3.7.8]
	at reactor.core.publisher.FluxWindowPredicate$WindowFlux.drainRegular(FluxWindowPredicate.java:670) ~[reactor-core-3.7.8.jar:3.7.8]
	at reactor.core.publisher.FluxWindowPredicate$WindowFlux.drain(FluxWindowPredicate.java:748) ~[reactor-core-3.7.8.jar:3.7.8]
	at reactor.core.publisher.FluxWindowPredicate$WindowFlux.onNext(FluxWindowPredicate.java:790) ~[reactor-core-3.7.8.jar:3.7.8]
	at reactor.core.publisher.FluxWindowPredicate$WindowPredicateMain.onNext(FluxWindowPredicate.java:268) ~[reactor-core-3.7.8.jar:3.7.8]
	at io.r2dbc.postgresql.util.FluxDiscardOnCancel$FluxDiscardOnCancelSubscriber.onNext(FluxDiscardOnCancel.java:91) ~[r2dbc-postgresql-1.0.7.RELEASE.jar:1.0.7.RELEASE]
	at reactor.core.publisher.FluxContextWrite$ContextWriteSubscriber.onNext(FluxContextWrite.java:107) ~[reactor-core-3.7.8.jar:3.7.8]
	at reactor.core.publisher.FluxCreate$BufferAsyncSink.drain(FluxCreate.java:880) ~[reactor-core-3.7.8.jar:3.7.8]
	at reactor.core.publisher.FluxCreate$BufferAsyncSink.next(FluxCreate.java:805) ~[reactor-core-3.7.8.jar:3.7.8]
	at reactor.core.publisher.FluxCreate$SerializedFluxSink.next(FluxCreate.java:163) ~[reactor-core-3.7.8.jar:3.7.8]
	at io.r2dbc.postgresql.client.ReactorNettyClient$Conversation.emit(ReactorNettyClient.java:696) ~[r2dbc-postgresql-1.0.7.RELEASE.jar:1.0.7.RELEASE]
	at io.r2dbc.postgresql.client.ReactorNettyClient$BackendMessageSubscriber.emit(ReactorNettyClient.java:948) ~[r2dbc-postgresql-1.0.7.RELEASE.jar:1.0.7.RELEASE]
	at io.r2dbc.postgresql.client.ReactorNettyClient$BackendMessageSubscriber.onNext(ReactorNettyClient.java:822) ~[r2dbc-postgresql-1.0.7.RELEASE.jar:1.0.7.RELEASE]
	at io.r2dbc.postgresql.client.ReactorNettyClient$BackendMessageSubscriber.onNext(ReactorNettyClient.java:728) ~[r2dbc-postgresql-1.0.7.RELEASE.jar:1.0.7.RELEASE]
	at reactor.core.publisher.FluxHandle$HandleSubscriber.onNext(FluxHandle.java:129) ~[reactor-core-3.7.8.jar:3.7.8]
	at reactor.core.publisher.FluxPeekFuseable$PeekConditionalSubscriber.onNext(FluxPeekFuseable.java:854) ~[reactor-core-3.7.8.jar:3.7.8]
	at reactor.core.publisher.FluxMap$MapConditionalSubscriber.onNext(FluxMap.java:224) ~[reactor-core-3.7.8.jar:3.7.8]
	at reactor.core.publisher.FluxMap$MapConditionalSubscriber.onNext(FluxMap.java:224) ~[reactor-core-3.7.8.jar:3.7.8]
	at reactor.netty.channel.FluxReceive.drainReceiver(FluxReceive.java:292) ~[reactor-netty-core-1.2.8.jar:1.2.8]
	at reactor.netty.channel.FluxReceive.onInboundNext(FluxReceive.java:401) ~[reactor-netty-core-1.2.8.jar:1.2.8]
	at reactor.netty.channel.ChannelOperations.onInboundNext(ChannelOperations.java:435) ~[reactor-netty-core-1.2.8.jar:1.2.8]
	at reactor.netty.channel.ChannelOperationsHandler.channelRead(ChannelOperationsHandler.java:115) ~[reactor-netty-core-1.2.8.jar:1.2.8]
	at io.netty.channel.AbstractChannelHandlerContext.invokeChannelRead(AbstractChannelHandlerContext.java:444) ~[netty-transport-4.1.123.Final.jar:4.1.123.Final]
	at io.netty.channel.AbstractChannelHandlerContext.invokeChannelRead(AbstractChannelHandlerContext.java:420) ~[netty-transport-4.1.123.Final.jar:4.1.123.Final]
	at io.netty.channel.AbstractChannelHandlerContext.fireChannelRead(AbstractChannelHandlerContext.java:412) ~[netty-transport-4.1.123.Final.jar:4.1.123.Final]
	at io.netty.handler.codec.ByteToMessageDecoder.fireChannelRead(ByteToMessageDecoder.java:346) ~[netty-codec-4.1.123.Final.jar:4.1.123.Final]
	at io.netty.handler.codec.ByteToMessageDecoder.fireChannelRead(ByteToMessageDecoder.java:333) ~[netty-codec-4.1.123.Final.jar:4.1.123.Final]
	at io.netty.handler.codec.ByteToMessageDecoder.callDecode(ByteToMessageDecoder.java:455) ~[netty-codec-4.1.123.Final.jar:4.1.123.Final]
	at io.netty.handler.codec.ByteToMessageDecoder.channelRead(ByteToMessageDecoder.java:290) ~[netty-codec-4.1.123.Final.jar:4.1.123.Final]
	at io.netty.channel.AbstractChannelHandlerContext.invokeChannelRead(AbstractChannelHandlerContext.java:444) ~[netty-transport-4.1.123.Final.jar:4.1.123.Final]
	at io.netty.channel.AbstractChannelHandlerContext.invokeChannelRead(AbstractChannelHandlerContext.java:420) ~[netty-transport-4.1.123.Final.jar:4.1.123.Final]
	at io.netty.channel.AbstractChannelHandlerContext.fireChannelRead(AbstractChannelHandlerContext.java:412) ~[netty-transport-4.1.123.Final.jar:4.1.123.Final]
	at io.netty.channel.DefaultChannelPipeline$HeadContext.channelRead(DefaultChannelPipeline.java:1357) ~[netty-transport-4.1.123.Final.jar:4.1.123.Final]
	at io.netty.channel.AbstractChannelHandlerContext.invokeChannelRead(AbstractChannelHandlerContext.java:440) ~[netty-transport-4.1.123.Final.jar:4.1.123.Final]
	at io.netty.channel.AbstractChannelHandlerContext.invokeChannelRead(AbstractChannelHandlerContext.java:420) ~[netty-transport-4.1.123.Final.jar:4.1.123.Final]
	at io.netty.channel.DefaultChannelPipeline.fireChannelRead(DefaultChannelPipeline.java:868) ~[netty-transport-4.1.123.Final.jar:4.1.123.Final]
	at io.netty.channel.kqueue.AbstractKQueueStreamChannel$KQueueStreamUnsafe.readReady(AbstractKQueueStreamChannel.java:543) ~[netty-transport-classes-kqueue-4.1.123.Final.jar:4.1.123.Final]
	at io.netty.channel.kqueue.AbstractKQueueChannel$AbstractKQueueUnsafe.readReady(AbstractKQueueChannel.java:390) ~[netty-transport-classes-kqueue-4.1.123.Final.jar:4.1.123.Final]
	at io.netty.channel.kqueue.KQueueEventLoop.processReady(KQueueEventLoop.java:274) ~[netty-transport-classes-kqueue-4.1.123.Final.jar:4.1.123.Final]
	at io.netty.channel.kqueue.KQueueEventLoop.run(KQueueEventLoop.java:352) ~[netty-transport-classes-kqueue-4.1.123.Final.jar:4.1.123.Final]
	at io.netty.util.concurrent.SingleThreadEventExecutor$4.run(SingleThreadEventExecutor.java:998) ~[netty-common-4.1.123.Final.jar:4.1.123.Final]
	at io.netty.util.internal.ThreadExecutorMap$2.run(ThreadExecutorMap.java:74) ~[netty-common-4.1.123.Final.jar:4.1.123.Final]
	at io.netty.util.concurrent.FastThreadLocalRunnable.run(FastThreadLocalRunnable.java:30) ~[netty-common-4.1.123.Final.jar:4.1.123.Final]
	at java.base/java.lang.Thread.run(Thread.java:1583) ~[na:na]

2025-07-31T18:36:40.944+03:00  INFO 13097 --- [reactor-http-kqueue-5] r.yandex.practicum.service.ItemService   : Start getPaging: pageNumber=1, pageSize=10
2025-07-31T18:36:40.945+03:00  INFO 13097 --- [reactor-http-kqueue-5] r.yandex.practicum.service.ItemService   : Start getItems: pageNumber=1, pageSize=10, sort=NO, search=
2025-07-31T18:36:40.946+03:00  INFO 13097 --- [reactor-http-kqueue-5] reactor.Mono.MapFuseable.18              : | onSubscribe([Fuseable] FluxMapFuseable.MapFuseableConditionalSubscriber)
2025-07-31T18:36:40.947+03:00  INFO 13097 --- [reactor-http-kqueue-5] reactor.Mono.MapFuseable.18              : | request(unbounded)
2025-07-31T18:36:41.843+03:00  INFO 13097 --- [reactor-tcp-kqueue-1] reactor.Mono.MapFuseable.18              : | onNext([[ItemDto(id=1, title=123, description=123, imagePath=http://localhost:8084/items/image/1, count=0, price=123), ItemDto(id=2, title=wefawef, description=afwef, imagePath=http://localhost:8084/items/image/2, count=0, price=12313), ItemDto(id=3, title=товар1, description=Товар, imagePath=http://localhost:8084/items/image/3, count=0, price=12345), ItemDto(id=4, title=df, description=fads, imagePath=http://localhost:8084/items/image/4, count=0, price=21351524635765), ItemDto(id=6, title=товар новый, description=Товар, imagePath=http://localhost:8084/items/image/6, count=0, price=5)], [ItemDto(id=9, title=test3, description=test3, imagePath=http://localhost:8084/items/image/9, count=0, price=130), ItemDto(id=10, title=test4, description=test4, imagePath=http://localhost:8084/items/image/10, count=0, price=140), ItemDto(id=11, title=test5, description=test5, imagePath=http://localhost:8084/items/image/11, count=0, price=150), ItemDto(id=12, title=test5, description=test5, imagePath=http://localhost:8084/items/image/12, count=0, price=150), ItemDto(id=13, title=test6, description=test6, imagePath=http://localhost:8084/items/image/13, count=0, price=160)]])
2025-07-31T18:36:41.846+03:00  INFO 13097 --- [reactor-tcp-kqueue-1] reactor.Mono.MapFuseable.18              : | onComplete()
2025-07-31T18:36:44.583+03:00  INFO 13097 --- [lettuce-kqueueEventLoop-5-3] r.yandex.practicum.service.ItemService   : Start getItemDtoById: id=1
2025-07-31T18:38:04.744+03:00  INFO 13097 --- [SpringApplicationShutdownHook] o.s.b.w.embedded.netty.GracefulShutdown  : Commencing graceful shutdown. Waiting for active requests to complete
2025-07-31T18:38:04.745+03:00  INFO 13097 --- [netty-shutdown] o.s.b.w.embedded.netty.GracefulShutdown  : Graceful shutdown complete
2025-07-31T18:38:08.713+03:00  INFO 13150 --- [main] ru.yandex.practicum.ShopApplication      : Starting ShopApplication using Java 21.0.6 with PID 13150 (/Users/Dixi/dev/online-shop/shop/build/classes/java/main started by Dixi in /Users/Dixi/dev/online-shop)
2025-07-31T18:38:08.714+03:00  INFO 13150 --- [main] ru.yandex.practicum.ShopApplication      : No active profile set, falling back to 1 default profile: "default"
2025-07-31T18:38:08.950+03:00  INFO 13150 --- [main] .s.d.r.c.RepositoryConfigurationDelegate : Multiple Spring Data modules found, entering strict repository configuration mode
2025-07-31T18:38:08.951+03:00  INFO 13150 --- [main] .s.d.r.c.RepositoryConfigurationDelegate : Bootstrapping Spring Data Redis repositories in DEFAULT mode.
2025-07-31T18:38:08.961+03:00  INFO 13150 --- [main] .s.d.r.c.RepositoryConfigurationDelegate : Finished Spring Data repository scanning in 2 ms. Found 0 Redis repository interfaces.
2025-07-31T18:38:08.964+03:00  INFO 13150 --- [main] .s.d.r.c.RepositoryConfigurationDelegate : Multiple Spring Data modules found, entering strict repository configuration mode
2025-07-31T18:38:08.964+03:00  INFO 13150 --- [main] .s.d.r.c.RepositoryConfigurationDelegate : Bootstrapping Spring Data Redis repositories in DEFAULT mode.
2025-07-31T18:38:08.971+03:00  INFO 13150 --- [main] .RepositoryConfigurationExtensionSupport : Spring Data Redis - Could not safely identify store assignment for repository candidate interface ru.yandex.practicum.repository.ItemInOrderRepository; If you want this repository to be a Redis repository, consider annotating your entities with one of these annotations: org.springframework.data.redis.core.RedisHash (preferred), or consider extending one of the following types with your repository: org.springframework.data.keyvalue.repository.KeyValueRepository
2025-07-31T18:38:08.972+03:00  INFO 13150 --- [main] .RepositoryConfigurationExtensionSupport : Spring Data Redis - Could not safely identify store assignment for repository candidate interface ru.yandex.practicum.repository.ItemRepository; If you want this repository to be a Redis repository, consider annotating your entities with one of these annotations: org.springframework.data.redis.core.RedisHash (preferred), or consider extending one of the following types with your repository: org.springframework.data.keyvalue.repository.KeyValueRepository
2025-07-31T18:38:08.972+03:00  INFO 13150 --- [main] .RepositoryConfigurationExtensionSupport : Spring Data Redis - Could not safely identify store assignment for repository candidate interface ru.yandex.practicum.repository.OrderRepository; If you want this repository to be a Redis repository, consider annotating your entities with one of these annotations: org.springframework.data.redis.core.RedisHash (preferred), or consider extending one of the following types with your repository: org.springframework.data.keyvalue.repository.KeyValueRepository
2025-07-31T18:38:08.972+03:00  INFO 13150 --- [main] .s.d.r.c.RepositoryConfigurationDelegate : Finished Spring Data repository scanning in 7 ms. Found 0 Redis repository interfaces.
2025-07-31T18:38:09.065+03:00  INFO 13150 --- [main] .s.d.r.c.RepositoryConfigurationDelegate : Multiple Spring Data modules found, entering strict repository configuration mode
2025-07-31T18:38:09.065+03:00  INFO 13150 --- [main] .s.d.r.c.RepositoryConfigurationDelegate : Bootstrapping Spring Data R2DBC repositories in DEFAULT mode.
2025-07-31T18:38:09.119+03:00  INFO 13150 --- [main] .s.d.r.c.RepositoryConfigurationDelegate : Finished Spring Data repository scanning in 53 ms. Found 3 R2DBC repository interfaces.
2025-07-31T18:38:09.123+03:00  INFO 13150 --- [main] .s.d.r.c.RepositoryConfigurationDelegate : Multiple Spring Data modules found, entering strict repository configuration mode
2025-07-31T18:38:09.123+03:00  INFO 13150 --- [main] .s.d.r.c.RepositoryConfigurationDelegate : Bootstrapping Spring Data Redis repositories in DEFAULT mode.
2025-07-31T18:38:09.125+03:00  INFO 13150 --- [main] .RepositoryConfigurationExtensionSupport : Spring Data Redis - Could not safely identify store assignment for repository candidate interface ru.yandex.practicum.repository.ItemInOrderRepository; If you want this repository to be a Redis repository, consider annotating your entities with one of these annotations: org.springframework.data.redis.core.RedisHash (preferred), or consider extending one of the following types with your repository: org.springframework.data.keyvalue.repository.KeyValueRepository
2025-07-31T18:38:09.125+03:00  INFO 13150 --- [main] .RepositoryConfigurationExtensionSupport : Spring Data Redis - Could not safely identify store assignment for repository candidate interface ru.yandex.practicum.repository.ItemRepository; If you want this repository to be a Redis repository, consider annotating your entities with one of these annotations: org.springframework.data.redis.core.RedisHash (preferred), or consider extending one of the following types with your repository: org.springframework.data.keyvalue.repository.KeyValueRepository
2025-07-31T18:38:09.125+03:00  INFO 13150 --- [main] .RepositoryConfigurationExtensionSupport : Spring Data Redis - Could not safely identify store assignment for repository candidate interface ru.yandex.practicum.repository.OrderRepository; If you want this repository to be a Redis repository, consider annotating your entities with one of these annotations: org.springframework.data.redis.core.RedisHash (preferred), or consider extending one of the following types with your repository: org.springframework.data.keyvalue.repository.KeyValueRepository
2025-07-31T18:38:09.126+03:00  INFO 13150 --- [main] .s.d.r.c.RepositoryConfigurationDelegate : Finished Spring Data repository scanning in 1 ms. Found 0 Redis repository interfaces.
2025-07-31T18:38:09.526+03:00  INFO 13150 --- [main] r.y.p.configuration.WebConfiguration     : Initialize cart
2025-07-31T18:38:10.649+03:00  INFO 13150 --- [main] o.s.b.web.embedded.netty.NettyWebServer  : Netty started on port 8084 (http)
2025-07-31T18:38:10.861+03:00  INFO 13150 --- [main] ru.yandex.practicum.ShopApplication      : Started ShopApplication in 2.323 seconds (process running for 2.594)
2025-07-31T18:38:15.521+03:00  INFO 13150 --- [reactor-http-kqueue-2] reactor.Mono.Just.1                      : | onSubscribe([Synchronous Fuseable] Operators.ScalarSubscription)
2025-07-31T18:38:15.522+03:00  INFO 13150 --- [reactor-http-kqueue-2] reactor.Mono.Just.1                      : | request(unbounded)
2025-07-31T18:38:15.522+03:00  INFO 13150 --- [reactor-http-kqueue-2] reactor.Mono.Just.1                      : | onNext(CartDto(items={}, total=0, empty=true, canBuy=false))
2025-07-31T18:38:15.581+03:00  INFO 13150 --- [reactor-http-kqueue-2] reactor.Mono.Just.1                      : | onComplete()
2025-07-31T18:38:18.374+03:00  INFO 13150 --- [reactor-http-kqueue-2] r.yandex.practicum.service.ItemService   : Start getPaging: pageNumber=1, pageSize=10
2025-07-31T18:38:18.405+03:00  INFO 13150 --- [reactor-http-kqueue-2] r.yandex.practicum.service.ItemService   : Start getItems: pageNumber=1, pageSize=10, sort=NO, search=
2025-07-31T18:38:18.412+03:00  INFO 13150 --- [reactor-http-kqueue-2] reactor.Mono.MapFuseable.3               : | onSubscribe([Fuseable] FluxMapFuseable.MapFuseableConditionalSubscriber)
2025-07-31T18:38:18.412+03:00  INFO 13150 --- [reactor-http-kqueue-2] reactor.Mono.MapFuseable.3               : | request(unbounded)
2025-07-31T18:38:19.205+03:00  INFO 13150 --- [reactor-tcp-kqueue-1] reactor.Mono.MapFuseable.3               : | onNext([[ItemDto(id=1, title=123, description=123, imagePath=http://localhost:8084/items/image/1, count=0, price=123), ItemDto(id=2, title=wefawef, description=afwef, imagePath=http://localhost:8084/items/image/2, count=0, price=12313), ItemDto(id=3, title=товар1, description=Товар, imagePath=http://localhost:8084/items/image/3, count=0, price=12345), ItemDto(id=4, title=df, description=fads, imagePath=http://localhost:8084/items/image/4, count=0, price=21351524635765), ItemDto(id=6, title=товар новый, description=Товар, imagePath=http://localhost:8084/items/image/6, count=0, price=5)], [ItemDto(id=9, title=test3, description=test3, imagePath=http://localhost:8084/items/image/9, count=0, price=130), ItemDto(id=10, title=test4, description=test4, imagePath=http://localhost:8084/items/image/10, count=0, price=140), ItemDto(id=11, title=test5, description=test5, imagePath=http://localhost:8084/items/image/11, count=0, price=150), ItemDto(id=12, title=test5, description=test5, imagePath=http://localhost:8084/items/image/12, count=0, price=150), ItemDto(id=13, title=test6, description=test6, imagePath=http://localhost:8084/items/image/13, count=0, price=160)]])
2025-07-31T18:38:19.244+03:00  INFO 13150 --- [reactor-tcp-kqueue-1] reactor.Mono.MapFuseable.3               : | onComplete()
2025-07-31T18:38:20.726+03:00  INFO 13150 --- [lettuce-kqueueEventLoop-5-3] r.yandex.practicum.service.ItemService   : Start getItemDtoById: id=1
2025-07-31T18:38:20.727+03:00  INFO 13150 --- [lettuce-kqueueEventLoop-5-3] reactor.Mono.Just.15                     : | onSubscribe([Synchronous Fuseable] Operators.ScalarSubscription)
2025-07-31T18:38:20.727+03:00  INFO 13150 --- [lettuce-kqueueEventLoop-5-3] reactor.Mono.Just.15                     : | request(unbounded)
2025-07-31T18:38:20.727+03:00  INFO 13150 --- [lettuce-kqueueEventLoop-5-3] reactor.Mono.Just.15                     : | onNext(0)
2025-07-31T18:38:20.727+03:00  INFO 13150 --- [lettuce-kqueueEventLoop-5-3] reactor.Mono.Just.15                     : | onComplete()
2025-07-31T18:38:22.175+03:00  INFO 13150 --- [reactor-http-kqueue-6] r.yandex.practicum.service.ItemService   : Start actionWithItemInCart: itemId=1, action=plus
2025-07-31T18:38:22.176+03:00  INFO 13150 --- [reactor-http-kqueue-6] reactor.Mono.Zip.20                      : onSubscribe([Fuseable] MonoZip.ZipCoordinator)
2025-07-31T18:38:22.177+03:00  INFO 13150 --- [reactor-http-kqueue-6] reactor.Mono.Zip.20                      : request(unbounded)
2025-07-31T18:38:22.177+03:00  INFO 13150 --- [reactor-http-kqueue-6] reactor.Mono.Just.17                     : | onSubscribe([Synchronous Fuseable] Operators.ScalarSubscription)
2025-07-31T18:38:22.177+03:00  INFO 13150 --- [reactor-http-kqueue-6] reactor.Mono.LogFuseable.18              : | onSubscribe([Fuseable] FluxPeekFuseable.PeekFuseableSubscriber)
2025-07-31T18:38:22.177+03:00  INFO 13150 --- [reactor-http-kqueue-6] reactor.Mono.FlatMap.19                  : | onSubscribe([Fuseable] MonoFlatMap.FlatMapMain)
2025-07-31T18:38:22.177+03:00  INFO 13150 --- [reactor-http-kqueue-6] reactor.Mono.FlatMap.19                  : | request(unbounded)
2025-07-31T18:38:22.177+03:00  INFO 13150 --- [reactor-http-kqueue-6] reactor.Mono.LogFuseable.18              : | request(unbounded)
2025-07-31T18:38:22.177+03:00  INFO 13150 --- [reactor-http-kqueue-6] reactor.Mono.Just.17                     : | request(unbounded)
2025-07-31T18:38:22.177+03:00  INFO 13150 --- [reactor-http-kqueue-6] reactor.Mono.Just.17                     : | onNext({})
2025-07-31T18:38:22.177+03:00  INFO 13150 --- [reactor-http-kqueue-6] reactor.Mono.LogFuseable.18              : | onNext({})
2025-07-31T18:38:22.177+03:00  INFO 13150 --- [reactor-http-kqueue-6] r.yandex.practicum.service.ItemService   : Start getItemDtoById: id=1
2025-07-31T18:38:22.178+03:00  INFO 13150 --- [reactor-http-kqueue-6] reactor.Mono.Just.21                     : | onSubscribe([Synchronous Fuseable] Operators.ScalarSubscription)
2025-07-31T18:38:22.178+03:00  INFO 13150 --- [reactor-http-kqueue-6] reactor.Mono.Just.21                     : | request(unbounded)
2025-07-31T18:38:22.178+03:00  INFO 13150 --- [reactor-http-kqueue-6] reactor.Mono.Just.21                     : | onNext(0)
2025-07-31T18:38:22.178+03:00  INFO 13150 --- [reactor-http-kqueue-6] reactor.Mono.Just.21                     : | onComplete()
2025-07-31T18:38:22.179+03:00  INFO 13150 --- [reactor-http-kqueue-6] reactor.Mono.Just.17                     : | onComplete()
2025-07-31T18:38:22.179+03:00  INFO 13150 --- [reactor-http-kqueue-6] reactor.Mono.LogFuseable.18              : | onComplete()
2025-07-31T18:38:22.179+03:00  INFO 13150 --- [reactor-http-kqueue-6] reactor.Mono.Just.17                     : | onSubscribe([Synchronous Fuseable] Operators.ScalarSubscription)
2025-07-31T18:38:22.179+03:00  INFO 13150 --- [reactor-http-kqueue-6] reactor.Mono.LogFuseable.18              : | onSubscribe([Fuseable] FluxPeekFuseable.PeekFuseableSubscriber)
2025-07-31T18:38:22.179+03:00  INFO 13150 --- [reactor-http-kqueue-6] reactor.Mono.LogFuseable.18              : | request(unbounded)
2025-07-31T18:38:22.179+03:00  INFO 13150 --- [reactor-http-kqueue-6] reactor.Mono.Just.17                     : | request(unbounded)
2025-07-31T18:38:22.179+03:00  INFO 13150 --- [reactor-http-kqueue-6] reactor.Mono.Just.17                     : | onNext({})
2025-07-31T18:38:22.179+03:00  INFO 13150 --- [reactor-http-kqueue-6] reactor.Mono.LogFuseable.18              : | onNext({})
2025-07-31T18:38:22.179+03:00  INFO 13150 --- [reactor-http-kqueue-6] reactor.Mono.Just.17                     : | onComplete()
2025-07-31T18:38:22.179+03:00  INFO 13150 --- [reactor-http-kqueue-6] reactor.Mono.LogFuseable.18              : | onComplete()
2025-07-31T18:38:22.271+03:00  INFO 13150 --- [reactor-tcp-kqueue-6] reactor.Mono.FlatMap.19                  : | onNext(ItemDto(id=1, title=123, description=123, imagePath=http://localhost:8084/items/image/1, count=0, price=123))
2025-07-31T18:38:22.272+03:00  INFO 13150 --- [reactor-tcp-kqueue-6] reactor.Mono.Zip.20                      : onNext(ItemDto(id=1, title=123, description=123, imagePath=http://localhost:8084/items/image/1, count=1, price=123))
2025-07-31T18:38:22.273+03:00  INFO 13150 --- [reactor-tcp-kqueue-6] reactor.Mono.Zip.20                      : onComplete()
2025-07-31T18:38:22.274+03:00  INFO 13150 --- [reactor-tcp-kqueue-6] reactor.Mono.FlatMap.19                  : | onComplete()
2025-07-31T18:38:26.749+03:00  INFO 13150 --- [reactor-http-kqueue-6] r.yandex.practicum.service.ItemService   : Start actionWithItemInCart: itemId=1, action=plus
2025-07-31T18:38:26.751+03:00  INFO 13150 --- [reactor-http-kqueue-6] reactor.Mono.Zip.28                      : onSubscribe([Fuseable] MonoZip.ZipCoordinator)
2025-07-31T18:38:26.751+03:00  INFO 13150 --- [reactor-http-kqueue-6] reactor.Mono.Zip.28                      : request(unbounded)
2025-07-31T18:38:26.751+03:00  INFO 13150 --- [reactor-http-kqueue-6] reactor.Mono.Just.25                     : | onSubscribe([Synchronous Fuseable] Operators.ScalarSubscription)
2025-07-31T18:38:26.751+03:00  INFO 13150 --- [reactor-http-kqueue-6] reactor.Mono.LogFuseable.26              : | onSubscribe([Fuseable] FluxPeekFuseable.PeekFuseableSubscriber)
2025-07-31T18:38:26.751+03:00  INFO 13150 --- [reactor-http-kqueue-6] reactor.Mono.FlatMap.27                  : | onSubscribe([Fuseable] MonoFlatMap.FlatMapMain)
2025-07-31T18:38:26.751+03:00  INFO 13150 --- [reactor-http-kqueue-6] reactor.Mono.FlatMap.27                  : | request(unbounded)
2025-07-31T18:38:26.751+03:00  INFO 13150 --- [reactor-http-kqueue-6] reactor.Mono.LogFuseable.26              : | request(unbounded)
2025-07-31T18:38:26.752+03:00  INFO 13150 --- [reactor-http-kqueue-6] reactor.Mono.Just.25                     : | request(unbounded)
2025-07-31T18:38:26.752+03:00  INFO 13150 --- [reactor-http-kqueue-6] reactor.Mono.Just.25                     : | onNext({1=ItemDto(id=1, title=123, description=123, imagePath=http://localhost:8084/items/image/1, count=1, price=123)})
2025-07-31T18:38:26.752+03:00  INFO 13150 --- [reactor-http-kqueue-6] reactor.Mono.LogFuseable.26              : | onNext({1=ItemDto(id=1, title=123, description=123, imagePath=http://localhost:8084/items/image/1, count=1, price=123)})
2025-07-31T18:38:26.752+03:00  INFO 13150 --- [reactor-http-kqueue-6] reactor.Mono.FlatMap.27                  : | onNext(ItemDto(id=1, title=123, description=123, imagePath=http://localhost:8084/items/image/1, count=1, price=123))
2025-07-31T18:38:26.752+03:00  INFO 13150 --- [reactor-http-kqueue-6] reactor.Mono.FlatMap.27                  : | onComplete()
2025-07-31T18:38:26.752+03:00  INFO 13150 --- [reactor-http-kqueue-6] reactor.Mono.Just.25                     : | onComplete()
2025-07-31T18:38:26.752+03:00  INFO 13150 --- [reactor-http-kqueue-6] reactor.Mono.LogFuseable.26              : | onComplete()
2025-07-31T18:38:26.752+03:00  INFO 13150 --- [reactor-http-kqueue-6] reactor.Mono.Just.25                     : | onSubscribe([Synchronous Fuseable] Operators.ScalarSubscription)
2025-07-31T18:38:26.752+03:00  INFO 13150 --- [reactor-http-kqueue-6] reactor.Mono.LogFuseable.26              : | onSubscribe([Fuseable] FluxPeekFuseable.PeekFuseableSubscriber)
2025-07-31T18:38:26.752+03:00  INFO 13150 --- [reactor-http-kqueue-6] reactor.Mono.LogFuseable.26              : | request(unbounded)
2025-07-31T18:38:26.752+03:00  INFO 13150 --- [reactor-http-kqueue-6] reactor.Mono.Just.25                     : | request(unbounded)
2025-07-31T18:38:26.753+03:00  INFO 13150 --- [reactor-http-kqueue-6] reactor.Mono.Just.25                     : | onNext({1=ItemDto(id=1, title=123, description=123, imagePath=http://localhost:8084/items/image/1, count=1, price=123)})
2025-07-31T18:38:26.753+03:00  INFO 13150 --- [reactor-http-kqueue-6] reactor.Mono.LogFuseable.26              : | onNext({1=ItemDto(id=1, title=123, description=123, imagePath=http://localhost:8084/items/image/1, count=1, price=123)})
2025-07-31T18:38:26.753+03:00  INFO 13150 --- [reactor-http-kqueue-6] reactor.Mono.Zip.28                      : onNext(ItemDto(id=1, title=123, description=123, imagePath=http://localhost:8084/items/image/1, count=2, price=123))
2025-07-31T18:38:26.756+03:00  INFO 13150 --- [reactor-http-kqueue-6] reactor.Mono.Zip.28                      : onComplete()
2025-07-31T18:38:26.756+03:00  INFO 13150 --- [reactor-http-kqueue-6] reactor.Mono.Just.25                     : | onComplete()
2025-07-31T18:38:26.756+03:00  INFO 13150 --- [reactor-http-kqueue-6] reactor.Mono.LogFuseable.26              : | onComplete()
2025-07-31T18:38:26.762+03:00  INFO 13150 --- [lettuce-kqueueEventLoop-5-3] r.yandex.practicum.service.ItemService   : Start getItemDtoById: id=1
2025-07-31T18:38:26.764+03:00  INFO 13150 --- [lettuce-kqueueEventLoop-5-3] reactor.Mono.Just.31                     : | onSubscribe([Synchronous Fuseable] Operators.ScalarSubscription)
2025-07-31T18:38:26.765+03:00  INFO 13150 --- [lettuce-kqueueEventLoop-5-3] reactor.Mono.Just.31                     : | request(unbounded)
2025-07-31T18:38:26.765+03:00  INFO 13150 --- [lettuce-kqueueEventLoop-5-3] reactor.Mono.Just.31                     : | onNext(2)
2025-07-31T18:38:26.765+03:00  INFO 13150 --- [lettuce-kqueueEventLoop-5-3] reactor.Mono.Just.31                     : | onComplete()
2025-07-31T18:38:30.245+03:00  INFO 13150 --- [reactor-http-kqueue-6] reactor.Mono.Just.33                     : | onSubscribe([Synchronous Fuseable] Operators.ScalarSubscription)
2025-07-31T18:38:30.246+03:00  INFO 13150 --- [reactor-http-kqueue-6] reactor.Mono.Just.33                     : | request(unbounded)
2025-07-31T18:38:30.246+03:00  INFO 13150 --- [reactor-http-kqueue-6] reactor.Mono.Just.33                     : | onNext(CartDto(items={1=ItemDto(id=1, title=123, description=123, imagePath=http://localhost:8084/items/image/1, count=2, price=123)}, total=0, empty=true, canBuy=false))
2025-07-31T18:38:30.249+03:00  INFO 13150 --- [reactor-http-kqueue-6] reactor.Mono.Just.33                     : | onComplete()
2025-07-31T18:40:22.547+03:00  INFO 13150 --- [SpringApplicationShutdownHook] o.s.b.w.embedded.netty.GracefulShutdown  : Commencing graceful shutdown. Waiting for active requests to complete
2025-07-31T18:40:22.548+03:00  INFO 13150 --- [netty-shutdown] o.s.b.w.embedded.netty.GracefulShutdown  : Graceful shutdown complete
2025-07-31T18:40:26.340+03:00  INFO 13187 --- [main] ru.yandex.practicum.ShopApplication      : Starting ShopApplication using Java 21.0.6 with PID 13187 (/Users/Dixi/dev/online-shop/shop/build/classes/java/main started by Dixi in /Users/Dixi/dev/online-shop)
2025-07-31T18:40:26.341+03:00  INFO 13187 --- [main] ru.yandex.practicum.ShopApplication      : No active profile set, falling back to 1 default profile: "default"
2025-07-31T18:40:26.613+03:00  INFO 13187 --- [main] .s.d.r.c.RepositoryConfigurationDelegate : Multiple Spring Data modules found, entering strict repository configuration mode
2025-07-31T18:40:26.613+03:00  INFO 13187 --- [main] .s.d.r.c.RepositoryConfigurationDelegate : Bootstrapping Spring Data Redis repositories in DEFAULT mode.
2025-07-31T18:40:26.625+03:00  INFO 13187 --- [main] .s.d.r.c.RepositoryConfigurationDelegate : Finished Spring Data repository scanning in 3 ms. Found 0 Redis repository interfaces.
2025-07-31T18:40:26.628+03:00  INFO 13187 --- [main] .s.d.r.c.RepositoryConfigurationDelegate : Multiple Spring Data modules found, entering strict repository configuration mode
2025-07-31T18:40:26.628+03:00  INFO 13187 --- [main] .s.d.r.c.RepositoryConfigurationDelegate : Bootstrapping Spring Data Redis repositories in DEFAULT mode.
2025-07-31T18:40:26.637+03:00  INFO 13187 --- [main] .RepositoryConfigurationExtensionSupport : Spring Data Redis - Could not safely identify store assignment for repository candidate interface ru.yandex.practicum.repository.ItemInOrderRepository; If you want this repository to be a Redis repository, consider annotating your entities with one of these annotations: org.springframework.data.redis.core.RedisHash (preferred), or consider extending one of the following types with your repository: org.springframework.data.keyvalue.repository.KeyValueRepository
2025-07-31T18:40:26.637+03:00  INFO 13187 --- [main] .RepositoryConfigurationExtensionSupport : Spring Data Redis - Could not safely identify store assignment for repository candidate interface ru.yandex.practicum.repository.ItemRepository; If you want this repository to be a Redis repository, consider annotating your entities with one of these annotations: org.springframework.data.redis.core.RedisHash (preferred), or consider extending one of the following types with your repository: org.springframework.data.keyvalue.repository.KeyValueRepository
2025-07-31T18:40:26.637+03:00  INFO 13187 --- [main] .RepositoryConfigurationExtensionSupport : Spring Data Redis - Could not safely identify store assignment for repository candidate interface ru.yandex.practicum.repository.OrderRepository; If you want this repository to be a Redis repository, consider annotating your entities with one of these annotations: org.springframework.data.redis.core.RedisHash (preferred), or consider extending one of the following types with your repository: org.springframework.data.keyvalue.repository.KeyValueRepository
2025-07-31T18:40:26.637+03:00  INFO 13187 --- [main] .s.d.r.c.RepositoryConfigurationDelegate : Finished Spring Data repository scanning in 8 ms. Found 0 Redis repository interfaces.
2025-07-31T18:40:26.728+03:00  INFO 13187 --- [main] .s.d.r.c.RepositoryConfigurationDelegate : Multiple Spring Data modules found, entering strict repository configuration mode
2025-07-31T18:40:26.728+03:00  INFO 13187 --- [main] .s.d.r.c.RepositoryConfigurationDelegate : Bootstrapping Spring Data R2DBC repositories in DEFAULT mode.
2025-07-31T18:40:26.784+03:00  INFO 13187 --- [main] .s.d.r.c.RepositoryConfigurationDelegate : Finished Spring Data repository scanning in 54 ms. Found 3 R2DBC repository interfaces.
2025-07-31T18:40:26.787+03:00  INFO 13187 --- [main] .s.d.r.c.RepositoryConfigurationDelegate : Multiple Spring Data modules found, entering strict repository configuration mode
2025-07-31T18:40:26.787+03:00  INFO 13187 --- [main] .s.d.r.c.RepositoryConfigurationDelegate : Bootstrapping Spring Data Redis repositories in DEFAULT mode.
2025-07-31T18:40:26.790+03:00  INFO 13187 --- [main] .RepositoryConfigurationExtensionSupport : Spring Data Redis - Could not safely identify store assignment for repository candidate interface ru.yandex.practicum.repository.ItemInOrderRepository; If you want this repository to be a Redis repository, consider annotating your entities with one of these annotations: org.springframework.data.redis.core.RedisHash (preferred), or consider extending one of the following types with your repository: org.springframework.data.keyvalue.repository.KeyValueRepository
2025-07-31T18:40:26.790+03:00  INFO 13187 --- [main] .RepositoryConfigurationExtensionSupport : Spring Data Redis - Could not safely identify store assignment for repository candidate interface ru.yandex.practicum.repository.ItemRepository; If you want this repository to be a Redis repository, consider annotating your entities with one of these annotations: org.springframework.data.redis.core.RedisHash (preferred), or consider extending one of the following types with your repository: org.springframework.data.keyvalue.repository.KeyValueRepository
2025-07-31T18:40:26.790+03:00  INFO 13187 --- [main] .RepositoryConfigurationExtensionSupport : Spring Data Redis - Could not safely identify store assignment for repository candidate interface ru.yandex.practicum.repository.OrderRepository; If you want this repository to be a Redis repository, consider annotating your entities with one of these annotations: org.springframework.data.redis.core.RedisHash (preferred), or consider extending one of the following types with your repository: org.springframework.data.keyvalue.repository.KeyValueRepository
2025-07-31T18:40:26.790+03:00  INFO 13187 --- [main] .s.d.r.c.RepositoryConfigurationDelegate : Finished Spring Data repository scanning in 1 ms. Found 0 Redis repository interfaces.
2025-07-31T18:40:27.188+03:00  INFO 13187 --- [main] r.y.p.configuration.WebConfiguration     : Initialize cart
2025-07-31T18:40:28.134+03:00  INFO 13187 --- [main] o.s.b.web.embedded.netty.NettyWebServer  : Netty started on port 8084 (http)
2025-07-31T18:40:28.348+03:00  INFO 13187 --- [main] ru.yandex.practicum.ShopApplication      : Started ShopApplication in 2.207 seconds (process running for 2.49)
2025-07-31T18:41:18.382+03:00  INFO 13187 --- [SpringApplicationShutdownHook] o.s.b.w.embedded.netty.GracefulShutdown  : Commencing graceful shutdown. Waiting for active requests to complete
2025-07-31T18:41:18.383+03:00  INFO 13187 --- [netty-shutdown] o.s.b.w.embedded.netty.GracefulShutdown  : Graceful shutdown complete
2025-07-31T18:41:22.036+03:00  INFO 13206 --- [main] ru.yandex.practicum.ShopApplication      : Starting ShopApplication using Java 21.0.6 with PID 13206 (/Users/Dixi/dev/online-shop/shop/build/classes/java/main started by Dixi in /Users/Dixi/dev/online-shop)
2025-07-31T18:41:22.037+03:00  INFO 13206 --- [main] ru.yandex.practicum.ShopApplication      : No active profile set, falling back to 1 default profile: "default"
2025-07-31T18:41:22.276+03:00  INFO 13206 --- [main] .s.d.r.c.RepositoryConfigurationDelegate : Multiple Spring Data modules found, entering strict repository configuration mode
2025-07-31T18:41:22.276+03:00  INFO 13206 --- [main] .s.d.r.c.RepositoryConfigurationDelegate : Bootstrapping Spring Data Redis repositories in DEFAULT mode.
2025-07-31T18:41:22.287+03:00  INFO 13206 --- [main] .s.d.r.c.RepositoryConfigurationDelegate : Finished Spring Data repository scanning in 2 ms. Found 0 Redis repository interfaces.
2025-07-31T18:41:22.289+03:00  INFO 13206 --- [main] .s.d.r.c.RepositoryConfigurationDelegate : Multiple Spring Data modules found, entering strict repository configuration mode
2025-07-31T18:41:22.289+03:00  INFO 13206 --- [main] .s.d.r.c.RepositoryConfigurationDelegate : Bootstrapping Spring Data Redis repositories in DEFAULT mode.
2025-07-31T18:41:22.297+03:00  INFO 13206 --- [main] .RepositoryConfigurationExtensionSupport : Spring Data Redis - Could not safely identify store assignment for repository candidate interface ru.yandex.practicum.repository.ItemInOrderRepository; If you want this repository to be a Redis repository, consider annotating your entities with one of these annotations: org.springframework.data.redis.core.RedisHash (preferred), or consider extending one of the following types with your repository: org.springframework.data.keyvalue.repository.KeyValueRepository
2025-07-31T18:41:22.298+03:00  INFO 13206 --- [main] .RepositoryConfigurationExtensionSupport : Spring Data Redis - Could not safely identify store assignment for repository candidate interface ru.yandex.practicum.repository.ItemRepository; If you want this repository to be a Redis repository, consider annotating your entities with one of these annotations: org.springframework.data.redis.core.RedisHash (preferred), or consider extending one of the following types with your repository: org.springframework.data.keyvalue.repository.KeyValueRepository
2025-07-31T18:41:22.298+03:00  INFO 13206 --- [main] .RepositoryConfigurationExtensionSupport : Spring Data Redis - Could not safely identify store assignment for repository candidate interface ru.yandex.practicum.repository.OrderRepository; If you want this repository to be a Redis repository, consider annotating your entities with one of these annotations: org.springframework.data.redis.core.RedisHash (preferred), or consider extending one of the following types with your repository: org.springframework.data.keyvalue.repository.KeyValueRepository
2025-07-31T18:41:22.298+03:00  INFO 13206 --- [main] .s.d.r.c.RepositoryConfigurationDelegate : Finished Spring Data repository scanning in 8 ms. Found 0 Redis repository interfaces.
2025-07-31T18:41:22.396+03:00  INFO 13206 --- [main] .s.d.r.c.RepositoryConfigurationDelegate : Multiple Spring Data modules found, entering strict repository configuration mode
2025-07-31T18:41:22.397+03:00  INFO 13206 --- [main] .s.d.r.c.RepositoryConfigurationDelegate : Bootstrapping Spring Data R2DBC repositories in DEFAULT mode.
2025-07-31T18:41:22.454+03:00  INFO 13206 --- [main] .s.d.r.c.RepositoryConfigurationDelegate : Finished Spring Data repository scanning in 57 ms. Found 3 R2DBC repository interfaces.
2025-07-31T18:41:22.458+03:00  INFO 13206 --- [main] .s.d.r.c.RepositoryConfigurationDelegate : Multiple Spring Data modules found, entering strict repository configuration mode
2025-07-31T18:41:22.458+03:00  INFO 13206 --- [main] .s.d.r.c.RepositoryConfigurationDelegate : Bootstrapping Spring Data Redis repositories in DEFAULT mode.
2025-07-31T18:41:22.460+03:00  INFO 13206 --- [main] .RepositoryConfigurationExtensionSupport : Spring Data Redis - Could not safely identify store assignment for repository candidate interface ru.yandex.practicum.repository.ItemInOrderRepository; If you want this repository to be a Redis repository, consider annotating your entities with one of these annotations: org.springframework.data.redis.core.RedisHash (preferred), or consider extending one of the following types with your repository: org.springframework.data.keyvalue.repository.KeyValueRepository
2025-07-31T18:41:22.461+03:00  INFO 13206 --- [main] .RepositoryConfigurationExtensionSupport : Spring Data Redis - Could not safely identify store assignment for repository candidate interface ru.yandex.practicum.repository.ItemRepository; If you want this repository to be a Redis repository, consider annotating your entities with one of these annotations: org.springframework.data.redis.core.RedisHash (preferred), or consider extending one of the following types with your repository: org.springframework.data.keyvalue.repository.KeyValueRepository
2025-07-31T18:41:22.461+03:00  INFO 13206 --- [main] .RepositoryConfigurationExtensionSupport : Spring Data Redis - Could not safely identify store assignment for repository candidate interface ru.yandex.practicum.repository.OrderRepository; If you want this repository to be a Redis repository, consider annotating your entities with one of these annotations: org.springframework.data.redis.core.RedisHash (preferred), or consider extending one of the following types with your repository: org.springframework.data.keyvalue.repository.KeyValueRepository
2025-07-31T18:41:22.461+03:00  INFO 13206 --- [main] .s.d.r.c.RepositoryConfigurationDelegate : Finished Spring Data repository scanning in 1 ms. Found 0 Redis repository interfaces.
2025-07-31T18:41:22.867+03:00  INFO 13206 --- [main] r.y.p.configuration.WebConfiguration     : Initialize cart
2025-07-31T18:41:23.829+03:00  INFO 13206 --- [main] o.s.b.web.embedded.netty.NettyWebServer  : Netty started on port 8084 (http)
2025-07-31T18:41:24.031+03:00  INFO 13206 --- [main] ru.yandex.practicum.ShopApplication      : Started ShopApplication in 2.171 seconds (process running for 2.434)
2025-07-31T18:41:34.789+03:00  INFO 13206 --- [reactor-http-kqueue-2] reactor.Mono.Just.1                      : | onSubscribe([Synchronous Fuseable] Operators.ScalarSubscription)
2025-07-31T18:41:34.790+03:00  INFO 13206 --- [reactor-http-kqueue-2] reactor.Mono.Just.1                      : | request(unbounded)
2025-07-31T18:41:34.790+03:00  INFO 13206 --- [reactor-http-kqueue-2] reactor.Mono.Just.1                      : | onNext(CartDto(items={}, total=0, empty=true, canBuy=false))
2025-07-31T18:41:34.849+03:00  INFO 13206 --- [reactor-http-kqueue-2] reactor.Mono.Just.1                      : | onComplete()
2025-07-31T18:41:38.584+03:00  INFO 13206 --- [reactor-http-kqueue-2] r.yandex.practicum.service.ItemService   : Start getPaging: pageNumber=1, pageSize=10
2025-07-31T18:41:38.611+03:00  INFO 13206 --- [reactor-http-kqueue-2] r.yandex.practicum.service.ItemService   : Start getItems: pageNumber=1, pageSize=10, sort=NO, search=
2025-07-31T18:41:38.618+03:00  INFO 13206 --- [reactor-http-kqueue-2] reactor.Mono.MapFuseable.3               : | onSubscribe([Fuseable] FluxMapFuseable.MapFuseableConditionalSubscriber)
2025-07-31T18:41:38.618+03:00  INFO 13206 --- [reactor-http-kqueue-2] reactor.Mono.MapFuseable.3               : | request(unbounded)
2025-07-31T18:41:38.799+03:00  INFO 13206 --- [reactor-tcp-kqueue-1] r.yandex.practicum.service.CartService   : Start getItemCountInCart: itemId=1
2025-07-31T18:41:38.858+03:00  INFO 13206 --- [reactor-tcp-kqueue-1] r.yandex.practicum.service.CartService   : Start getItemCountInCart: itemId=2
2025-07-31T18:41:38.917+03:00  INFO 13206 --- [reactor-tcp-kqueue-1] r.yandex.practicum.service.CartService   : Start getItemCountInCart: itemId=3
2025-07-31T18:41:38.983+03:00  INFO 13206 --- [reactor-tcp-kqueue-1] r.yandex.practicum.service.CartService   : Start getItemCountInCart: itemId=4
2025-07-31T18:41:39.061+03:00  INFO 13206 --- [reactor-tcp-kqueue-1] r.yandex.practicum.service.CartService   : Start getItemCountInCart: itemId=6
2025-07-31T18:41:39.068+03:00  INFO 13206 --- [reactor-tcp-kqueue-1] r.yandex.practicum.service.CartService   : Start getItemCountInCart: itemId=9
2025-07-31T18:41:39.115+03:00  INFO 13206 --- [reactor-tcp-kqueue-1] r.yandex.practicum.service.CartService   : Start getItemCountInCart: itemId=10
2025-07-31T18:41:39.160+03:00  INFO 13206 --- [reactor-tcp-kqueue-1] r.yandex.practicum.service.CartService   : Start getItemCountInCart: itemId=11
2025-07-31T18:41:39.205+03:00  INFO 13206 --- [reactor-tcp-kqueue-1] r.yandex.practicum.service.CartService   : Start getItemCountInCart: itemId=12
2025-07-31T18:41:39.413+03:00  INFO 13206 --- [reactor-tcp-kqueue-1] r.yandex.practicum.service.CartService   : Start getItemCountInCart: itemId=13
2025-07-31T18:41:39.414+03:00  INFO 13206 --- [reactor-tcp-kqueue-1] reactor.Mono.MapFuseable.3               : | onNext([[ItemDto(id=1, title=123, description=123, imagePath=http://localhost:8084/items/image/1, count=0, price=123), ItemDto(id=2, title=wefawef, description=afwef, imagePath=http://localhost:8084/items/image/2, count=0, price=12313), ItemDto(id=3, title=товар1, description=Товар, imagePath=http://localhost:8084/items/image/3, count=0, price=12345), ItemDto(id=4, title=df, description=fads, imagePath=http://localhost:8084/items/image/4, count=0, price=21351524635765), ItemDto(id=6, title=товар новый, description=Товар, imagePath=http://localhost:8084/items/image/6, count=0, price=5)], [ItemDto(id=9, title=test3, description=test3, imagePath=http://localhost:8084/items/image/9, count=0, price=130), ItemDto(id=10, title=test4, description=test4, imagePath=http://localhost:8084/items/image/10, count=0, price=140), ItemDto(id=11, title=test5, description=test5, imagePath=http://localhost:8084/items/image/11, count=0, price=150), ItemDto(id=12, title=test5, description=test5, imagePath=http://localhost:8084/items/image/12, count=0, price=150), ItemDto(id=13, title=test6, description=test6, imagePath=http://localhost:8084/items/image/13, count=0, price=160)]])
2025-07-31T18:41:39.454+03:00  INFO 13206 --- [reactor-tcp-kqueue-1] reactor.Mono.MapFuseable.3               : | onComplete()
2025-07-31T18:41:40.908+03:00  INFO 13206 --- [lettuce-kqueueEventLoop-5-3] r.yandex.practicum.service.ItemService   : Start getItemDtoById: id=1
2025-07-31T18:41:40.911+03:00  INFO 13206 --- [lettuce-kqueueEventLoop-5-3] r.yandex.practicum.service.CartService   : Start getItemCountInCart: itemId=1
2025-07-31T18:41:40.911+03:00  INFO 13206 --- [lettuce-kqueueEventLoop-5-3] reactor.Mono.Just.15                     : | onSubscribe([Synchronous Fuseable] Operators.ScalarSubscription)
2025-07-31T18:41:40.912+03:00  INFO 13206 --- [lettuce-kqueueEventLoop-5-3] reactor.Mono.Just.15                     : | request(unbounded)
2025-07-31T18:41:40.912+03:00  INFO 13206 --- [lettuce-kqueueEventLoop-5-3] reactor.Mono.Just.15                     : | onNext(0)
2025-07-31T18:41:40.912+03:00  INFO 13206 --- [lettuce-kqueueEventLoop-5-3] reactor.Mono.Just.15                     : | onComplete()
2025-07-31T18:41:43.163+03:00  INFO 13206 --- [reactor-http-kqueue-2] r.yandex.practicum.service.ItemService   : Start actionWithItemInCart: itemId=1, action=plus
2025-07-31T18:41:43.164+03:00  INFO 13206 --- [reactor-http-kqueue-2] r.yandex.practicum.service.CartService   : Start getItemsInCart
2025-07-31T18:41:43.164+03:00  INFO 13206 --- [reactor-http-kqueue-2] reactor.Mono.Zip.20                      : onSubscribe([Fuseable] MonoZip.ZipCoordinator)
2025-07-31T18:41:43.165+03:00  INFO 13206 --- [reactor-http-kqueue-2] reactor.Mono.Zip.20                      : request(unbounded)
2025-07-31T18:41:43.165+03:00  INFO 13206 --- [reactor-http-kqueue-2] reactor.Mono.Just.17                     : | onSubscribe([Synchronous Fuseable] Operators.ScalarSubscription)
2025-07-31T18:41:43.165+03:00  INFO 13206 --- [reactor-http-kqueue-2] reactor.Mono.LogFuseable.18              : | onSubscribe([Fuseable] FluxPeekFuseable.PeekFuseableSubscriber)
2025-07-31T18:41:43.165+03:00  INFO 13206 --- [reactor-http-kqueue-2] reactor.Mono.FlatMap.19                  : | onSubscribe([Fuseable] MonoFlatMap.FlatMapMain)
2025-07-31T18:41:43.165+03:00  INFO 13206 --- [reactor-http-kqueue-2] reactor.Mono.FlatMap.19                  : | request(unbounded)
2025-07-31T18:41:43.165+03:00  INFO 13206 --- [reactor-http-kqueue-2] reactor.Mono.LogFuseable.18              : | request(unbounded)
2025-07-31T18:41:43.165+03:00  INFO 13206 --- [reactor-http-kqueue-2] reactor.Mono.Just.17                     : | request(unbounded)
2025-07-31T18:41:43.165+03:00  INFO 13206 --- [reactor-http-kqueue-2] reactor.Mono.Just.17                     : | onNext({})
2025-07-31T18:41:43.165+03:00  INFO 13206 --- [reactor-http-kqueue-2] reactor.Mono.LogFuseable.18              : | onNext({})
2025-07-31T18:41:43.166+03:00  INFO 13206 --- [reactor-http-kqueue-2] r.yandex.practicum.service.ItemService   : Start getItemDtoById: id=1
2025-07-31T18:41:43.166+03:00  INFO 13206 --- [reactor-http-kqueue-2] r.yandex.practicum.service.CartService   : Start getItemCountInCart: itemId=1
2025-07-31T18:41:43.167+03:00  INFO 13206 --- [reactor-http-kqueue-2] reactor.Mono.Just.21                     : | onSubscribe([Synchronous Fuseable] Operators.ScalarSubscription)
2025-07-31T18:41:43.167+03:00  INFO 13206 --- [reactor-http-kqueue-2] reactor.Mono.Just.21                     : | request(unbounded)
2025-07-31T18:41:43.167+03:00  INFO 13206 --- [reactor-http-kqueue-2] reactor.Mono.Just.21                     : | onNext(0)
2025-07-31T18:41:43.167+03:00  INFO 13206 --- [reactor-http-kqueue-2] reactor.Mono.Just.21                     : | onComplete()
2025-07-31T18:41:43.167+03:00  INFO 13206 --- [reactor-http-kqueue-2] reactor.Mono.Just.17                     : | onComplete()
2025-07-31T18:41:43.167+03:00  INFO 13206 --- [reactor-http-kqueue-2] reactor.Mono.LogFuseable.18              : | onComplete()
2025-07-31T18:41:43.167+03:00  INFO 13206 --- [reactor-http-kqueue-2] reactor.Mono.Just.17                     : | onSubscribe([Synchronous Fuseable] Operators.ScalarSubscription)
2025-07-31T18:41:43.167+03:00  INFO 13206 --- [reactor-http-kqueue-2] reactor.Mono.LogFuseable.18              : | onSubscribe([Fuseable] FluxPeekFuseable.PeekFuseableSubscriber)
2025-07-31T18:41:43.167+03:00  INFO 13206 --- [reactor-http-kqueue-2] reactor.Mono.LogFuseable.18              : | request(unbounded)
2025-07-31T18:41:43.167+03:00  INFO 13206 --- [reactor-http-kqueue-2] reactor.Mono.Just.17                     : | request(unbounded)
2025-07-31T18:41:43.167+03:00  INFO 13206 --- [reactor-http-kqueue-2] reactor.Mono.Just.17                     : | onNext({})
2025-07-31T18:41:43.167+03:00  INFO 13206 --- [reactor-http-kqueue-2] reactor.Mono.LogFuseable.18              : | onNext({})
2025-07-31T18:41:43.167+03:00  INFO 13206 --- [reactor-http-kqueue-2] reactor.Mono.Just.17                     : | onComplete()
2025-07-31T18:41:43.168+03:00  INFO 13206 --- [reactor-http-kqueue-2] reactor.Mono.LogFuseable.18              : | onComplete()
2025-07-31T18:41:43.267+03:00  INFO 13206 --- [reactor-tcp-kqueue-1] reactor.Mono.FlatMap.19                  : | onNext(ItemDto(id=1, title=123, description=123, imagePath=http://localhost:8084/items/image/1, count=0, price=123))
2025-07-31T18:41:43.267+03:00  INFO 13206 --- [reactor-tcp-kqueue-1] r.yandex.practicum.service.CartService   : Start refresh: itemsInCart={1=ItemDto(id=1, title=123, description=123, imagePath=http://localhost:8084/items/image/1, count=1, price=123)}, itemInCart=ItemDto(id=1, title=123, description=123, imagePath=http://localhost:8084/items/image/1, count=1, price=123)
2025-07-31T18:41:43.267+03:00  INFO 13206 --- [reactor-tcp-kqueue-1] reactor.Mono.Zip.20                      : onNext(ItemDto(id=1, title=123, description=123, imagePath=http://localhost:8084/items/image/1, count=1, price=123))
2025-07-31T18:41:43.269+03:00  INFO 13206 --- [reactor-tcp-kqueue-1] reactor.Mono.Zip.20                      : onComplete()
2025-07-31T18:41:43.269+03:00  INFO 13206 --- [reactor-tcp-kqueue-1] reactor.Mono.FlatMap.19                  : | onComplete()
2025-07-31T18:41:46.708+03:00  INFO 13206 --- [reactor-http-kqueue-2] r.yandex.practicum.service.ItemService   : Start actionWithItemInCart: itemId=1, action=plus
2025-07-31T18:41:46.708+03:00  INFO 13206 --- [reactor-http-kqueue-2] r.yandex.practicum.service.CartService   : Start getItemsInCart
2025-07-31T18:41:46.709+03:00  INFO 13206 --- [reactor-http-kqueue-2] reactor.Mono.Zip.28                      : onSubscribe([Fuseable] MonoZip.ZipCoordinator)
2025-07-31T18:41:46.709+03:00  INFO 13206 --- [reactor-http-kqueue-2] reactor.Mono.Zip.28                      : request(unbounded)
2025-07-31T18:41:46.709+03:00  INFO 13206 --- [reactor-http-kqueue-2] reactor.Mono.Just.25                     : | onSubscribe([Synchronous Fuseable] Operators.ScalarSubscription)
2025-07-31T18:41:46.709+03:00  INFO 13206 --- [reactor-http-kqueue-2] reactor.Mono.LogFuseable.26              : | onSubscribe([Fuseable] FluxPeekFuseable.PeekFuseableSubscriber)
2025-07-31T18:41:46.709+03:00  INFO 13206 --- [reactor-http-kqueue-2] reactor.Mono.FlatMap.27                  : | onSubscribe([Fuseable] MonoFlatMap.FlatMapMain)
2025-07-31T18:41:46.709+03:00  INFO 13206 --- [reactor-http-kqueue-2] reactor.Mono.FlatMap.27                  : | request(unbounded)
2025-07-31T18:41:46.709+03:00  INFO 13206 --- [reactor-http-kqueue-2] reactor.Mono.LogFuseable.26              : | request(unbounded)
2025-07-31T18:41:46.709+03:00  INFO 13206 --- [reactor-http-kqueue-2] reactor.Mono.Just.25                     : | request(unbounded)
2025-07-31T18:41:46.709+03:00  INFO 13206 --- [reactor-http-kqueue-2] reactor.Mono.Just.25                     : | onNext({1=ItemDto(id=1, title=123, description=123, imagePath=http://localhost:8084/items/image/1, count=1, price=123)})
2025-07-31T18:41:46.710+03:00  INFO 13206 --- [reactor-http-kqueue-2] reactor.Mono.LogFuseable.26              : | onNext({1=ItemDto(id=1, title=123, description=123, imagePath=http://localhost:8084/items/image/1, count=1, price=123)})
2025-07-31T18:41:46.710+03:00  INFO 13206 --- [reactor-http-kqueue-2] reactor.Mono.FlatMap.27                  : | onNext(ItemDto(id=1, title=123, description=123, imagePath=http://localhost:8084/items/image/1, count=1, price=123))
2025-07-31T18:41:46.710+03:00  INFO 13206 --- [reactor-http-kqueue-2] reactor.Mono.FlatMap.27                  : | onComplete()
2025-07-31T18:41:46.710+03:00  INFO 13206 --- [reactor-http-kqueue-2] reactor.Mono.Just.25                     : | onComplete()
2025-07-31T18:41:46.710+03:00  INFO 13206 --- [reactor-http-kqueue-2] reactor.Mono.LogFuseable.26              : | onComplete()
2025-07-31T18:41:46.710+03:00  INFO 13206 --- [reactor-http-kqueue-2] reactor.Mono.Just.25                     : | onSubscribe([Synchronous Fuseable] Operators.ScalarSubscription)
2025-07-31T18:41:46.710+03:00  INFO 13206 --- [reactor-http-kqueue-2] reactor.Mono.LogFuseable.26              : | onSubscribe([Fuseable] FluxPeekFuseable.PeekFuseableSubscriber)
2025-07-31T18:41:46.710+03:00  INFO 13206 --- [reactor-http-kqueue-2] reactor.Mono.LogFuseable.26              : | request(unbounded)
2025-07-31T18:41:46.710+03:00  INFO 13206 --- [reactor-http-kqueue-2] reactor.Mono.Just.25                     : | request(unbounded)
2025-07-31T18:41:46.710+03:00  INFO 13206 --- [reactor-http-kqueue-2] reactor.Mono.Just.25                     : | onNext({1=ItemDto(id=1, title=123, description=123, imagePath=http://localhost:8084/items/image/1, count=1, price=123)})
2025-07-31T18:41:46.710+03:00  INFO 13206 --- [reactor-http-kqueue-2] reactor.Mono.LogFuseable.26              : | onNext({1=ItemDto(id=1, title=123, description=123, imagePath=http://localhost:8084/items/image/1, count=1, price=123)})
2025-07-31T18:41:46.710+03:00  INFO 13206 --- [reactor-http-kqueue-2] r.yandex.practicum.service.CartService   : Start refresh: itemsInCart={1=ItemDto(id=1, title=123, description=123, imagePath=http://localhost:8084/items/image/1, count=2, price=123)}, itemInCart=ItemDto(id=1, title=123, description=123, imagePath=http://localhost:8084/items/image/1, count=2, price=123)
2025-07-31T18:41:46.711+03:00  INFO 13206 --- [reactor-http-kqueue-2] reactor.Mono.Zip.28                      : onNext(ItemDto(id=1, title=123, description=123, imagePath=http://localhost:8084/items/image/1, count=2, price=123))
2025-07-31T18:41:46.719+03:00  INFO 13206 --- [reactor-http-kqueue-2] reactor.Mono.Zip.28                      : onComplete()
2025-07-31T18:41:46.720+03:00  INFO 13206 --- [reactor-http-kqueue-2] reactor.Mono.Just.25                     : | onComplete()
2025-07-31T18:41:46.720+03:00  INFO 13206 --- [reactor-http-kqueue-2] reactor.Mono.LogFuseable.26              : | onComplete()
2025-07-31T18:41:46.725+03:00  INFO 13206 --- [lettuce-kqueueEventLoop-5-3] r.yandex.practicum.service.ItemService   : Start getItemDtoById: id=1
2025-07-31T18:41:46.725+03:00  INFO 13206 --- [lettuce-kqueueEventLoop-5-3] r.yandex.practicum.service.CartService   : Start getItemCountInCart: itemId=1
2025-07-31T18:41:46.726+03:00  INFO 13206 --- [lettuce-kqueueEventLoop-5-3] reactor.Mono.Just.31                     : | onSubscribe([Synchronous Fuseable] Operators.ScalarSubscription)
2025-07-31T18:41:46.726+03:00  INFO 13206 --- [lettuce-kqueueEventLoop-5-3] reactor.Mono.Just.31                     : | request(unbounded)
2025-07-31T18:41:46.726+03:00  INFO 13206 --- [lettuce-kqueueEventLoop-5-3] reactor.Mono.Just.31                     : | onNext(2)
2025-07-31T18:41:46.726+03:00  INFO 13206 --- [lettuce-kqueueEventLoop-5-3] reactor.Mono.Just.31                     : | onComplete()
2025-07-31T18:41:48.808+03:00  INFO 13206 --- [reactor-http-kqueue-2] reactor.Mono.Just.33                     : | onSubscribe([Synchronous Fuseable] Operators.ScalarSubscription)
2025-07-31T18:41:48.809+03:00  INFO 13206 --- [reactor-http-kqueue-2] reactor.Mono.Just.33                     : | request(unbounded)
2025-07-31T18:41:48.809+03:00  INFO 13206 --- [reactor-http-kqueue-2] reactor.Mono.Just.33                     : | onNext(CartDto(items={1=ItemDto(id=1, title=123, description=123, imagePath=http://localhost:8084/items/image/1, count=2, price=123)}, total=0, empty=true, canBuy=false))
2025-07-31T18:41:48.813+03:00  INFO 13206 --- [reactor-http-kqueue-2] reactor.Mono.Just.33                     : | onComplete()
2025-07-31T19:09:07.870+03:00  INFO 13206 --- [SpringApplicationShutdownHook] o.s.b.w.embedded.netty.GracefulShutdown  : Commencing graceful shutdown. Waiting for active requests to complete
2025-07-31T19:09:07.871+03:00  INFO 13206 --- [netty-shutdown] o.s.b.w.embedded.netty.GracefulShutdown  : Graceful shutdown complete
2025-07-31T19:09:11.970+03:00  INFO 13518 --- [main] ru.yandex.practicum.ShopApplication      : Starting ShopApplication using Java 21.0.6 with PID 13518 (/Users/Dixi/dev/online-shop/shop/build/classes/java/main started by Dixi in /Users/Dixi/dev/online-shop)
2025-07-31T19:09:11.970+03:00  INFO 13518 --- [main] ru.yandex.practicum.ShopApplication      : No active profile set, falling back to 1 default profile: "default"
2025-07-31T19:09:12.225+03:00  INFO 13518 --- [main] .s.d.r.c.RepositoryConfigurationDelegate : Multiple Spring Data modules found, entering strict repository configuration mode
2025-07-31T19:09:12.226+03:00  INFO 13518 --- [main] .s.d.r.c.RepositoryConfigurationDelegate : Bootstrapping Spring Data Redis repositories in DEFAULT mode.
2025-07-31T19:09:12.239+03:00  INFO 13518 --- [main] .s.d.r.c.RepositoryConfigurationDelegate : Finished Spring Data repository scanning in 3 ms. Found 0 Redis repository interfaces.
2025-07-31T19:09:12.243+03:00  INFO 13518 --- [main] .s.d.r.c.RepositoryConfigurationDelegate : Multiple Spring Data modules found, entering strict repository configuration mode
2025-07-31T19:09:12.243+03:00  INFO 13518 --- [main] .s.d.r.c.RepositoryConfigurationDelegate : Bootstrapping Spring Data Redis repositories in DEFAULT mode.
2025-07-31T19:09:12.254+03:00  INFO 13518 --- [main] .RepositoryConfigurationExtensionSupport : Spring Data Redis - Could not safely identify store assignment for repository candidate interface ru.yandex.practicum.repository.ItemInOrderRepository; If you want this repository to be a Redis repository, consider annotating your entities with one of these annotations: org.springframework.data.redis.core.RedisHash (preferred), or consider extending one of the following types with your repository: org.springframework.data.keyvalue.repository.KeyValueRepository
2025-07-31T19:09:12.254+03:00  INFO 13518 --- [main] .RepositoryConfigurationExtensionSupport : Spring Data Redis - Could not safely identify store assignment for repository candidate interface ru.yandex.practicum.repository.ItemRepository; If you want this repository to be a Redis repository, consider annotating your entities with one of these annotations: org.springframework.data.redis.core.RedisHash (preferred), or consider extending one of the following types with your repository: org.springframework.data.keyvalue.repository.KeyValueRepository
2025-07-31T19:09:12.255+03:00  INFO 13518 --- [main] .RepositoryConfigurationExtensionSupport : Spring Data Redis - Could not safely identify store assignment for repository candidate interface ru.yandex.practicum.repository.OrderRepository; If you want this repository to be a Redis repository, consider annotating your entities with one of these annotations: org.springframework.data.redis.core.RedisHash (preferred), or consider extending one of the following types with your repository: org.springframework.data.keyvalue.repository.KeyValueRepository
2025-07-31T19:09:12.255+03:00  INFO 13518 --- [main] .s.d.r.c.RepositoryConfigurationDelegate : Finished Spring Data repository scanning in 10 ms. Found 0 Redis repository interfaces.
2025-07-31T19:09:12.369+03:00  INFO 13518 --- [main] .s.d.r.c.RepositoryConfigurationDelegate : Multiple Spring Data modules found, entering strict repository configuration mode
2025-07-31T19:09:12.370+03:00  INFO 13518 --- [main] .s.d.r.c.RepositoryConfigurationDelegate : Bootstrapping Spring Data R2DBC repositories in DEFAULT mode.
2025-07-31T19:09:12.433+03:00  INFO 13518 --- [main] .s.d.r.c.RepositoryConfigurationDelegate : Finished Spring Data repository scanning in 62 ms. Found 3 R2DBC repository interfaces.
2025-07-31T19:09:12.438+03:00  INFO 13518 --- [main] .s.d.r.c.RepositoryConfigurationDelegate : Multiple Spring Data modules found, entering strict repository configuration mode
2025-07-31T19:09:12.438+03:00  INFO 13518 --- [main] .s.d.r.c.RepositoryConfigurationDelegate : Bootstrapping Spring Data Redis repositories in DEFAULT mode.
2025-07-31T19:09:12.440+03:00  INFO 13518 --- [main] .RepositoryConfigurationExtensionSupport : Spring Data Redis - Could not safely identify store assignment for repository candidate interface ru.yandex.practicum.repository.ItemInOrderRepository; If you want this repository to be a Redis repository, consider annotating your entities with one of these annotations: org.springframework.data.redis.core.RedisHash (preferred), or consider extending one of the following types with your repository: org.springframework.data.keyvalue.repository.KeyValueRepository
2025-07-31T19:09:12.440+03:00  INFO 13518 --- [main] .RepositoryConfigurationExtensionSupport : Spring Data Redis - Could not safely identify store assignment for repository candidate interface ru.yandex.practicum.repository.ItemRepository; If you want this repository to be a Redis repository, consider annotating your entities with one of these annotations: org.springframework.data.redis.core.RedisHash (preferred), or consider extending one of the following types with your repository: org.springframework.data.keyvalue.repository.KeyValueRepository
2025-07-31T19:09:12.441+03:00  INFO 13518 --- [main] .RepositoryConfigurationExtensionSupport : Spring Data Redis - Could not safely identify store assignment for repository candidate interface ru.yandex.practicum.repository.OrderRepository; If you want this repository to be a Redis repository, consider annotating your entities with one of these annotations: org.springframework.data.redis.core.RedisHash (preferred), or consider extending one of the following types with your repository: org.springframework.data.keyvalue.repository.KeyValueRepository
2025-07-31T19:09:12.441+03:00  INFO 13518 --- [main] .s.d.r.c.RepositoryConfigurationDelegate : Finished Spring Data repository scanning in 2 ms. Found 0 Redis repository interfaces.
2025-07-31T19:09:12.884+03:00  INFO 13518 --- [main] r.y.p.configuration.WebConfiguration     : Initialize cart
2025-07-31T19:09:13.888+03:00  INFO 13518 --- [main] o.s.b.web.embedded.netty.NettyWebServer  : Netty started on port 8084 (http)
2025-07-31T19:09:14.091+03:00  INFO 13518 --- [main] ru.yandex.practicum.ShopApplication      : Started ShopApplication in 2.307 seconds (process running for 2.565)
2025-07-31T19:09:20.007+03:00  INFO 13518 --- [reactor-http-kqueue-2] r.yandex.practicum.service.ItemService   : Start getPaging: pageNumber=1, pageSize=10
2025-07-31T19:09:20.077+03:00  INFO 13518 --- [reactor-http-kqueue-2] r.yandex.practicum.service.ItemService   : Start getItems: pageNumber=1, pageSize=10, sort=NO, search=
2025-07-31T19:09:20.085+03:00  INFO 13518 --- [reactor-http-kqueue-2] reactor.Mono.MapFuseable.1               : | onSubscribe([Fuseable] FluxMapFuseable.MapFuseableConditionalSubscriber)
2025-07-31T19:09:20.085+03:00  INFO 13518 --- [reactor-http-kqueue-2] reactor.Mono.MapFuseable.1               : | request(unbounded)
2025-07-31T19:09:20.268+03:00  INFO 13518 --- [reactor-tcp-kqueue-1] r.yandex.practicum.service.CartService   : Start getItemCountInCart: itemId=1
2025-07-31T19:09:20.328+03:00  INFO 13518 --- [reactor-tcp-kqueue-1] r.yandex.practicum.service.CartService   : Start getItemCountInCart: itemId=2
2025-07-31T19:09:20.386+03:00  INFO 13518 --- [reactor-tcp-kqueue-1] r.yandex.practicum.service.CartService   : Start getItemCountInCart: itemId=3
2025-07-31T19:09:20.440+03:00  INFO 13518 --- [reactor-tcp-kqueue-1] r.yandex.practicum.service.CartService   : Start getItemCountInCart: itemId=4
2025-07-31T19:09:20.516+03:00  INFO 13518 --- [reactor-tcp-kqueue-1] r.yandex.practicum.service.CartService   : Start getItemCountInCart: itemId=6
2025-07-31T19:09:20.523+03:00  INFO 13518 --- [reactor-tcp-kqueue-1] r.yandex.practicum.service.CartService   : Start getItemCountInCart: itemId=9
2025-07-31T19:09:20.568+03:00  INFO 13518 --- [reactor-tcp-kqueue-1] r.yandex.practicum.service.CartService   : Start getItemCountInCart: itemId=10
2025-07-31T19:09:20.613+03:00  INFO 13518 --- [reactor-tcp-kqueue-1] r.yandex.practicum.service.CartService   : Start getItemCountInCart: itemId=11
2025-07-31T19:09:20.658+03:00  INFO 13518 --- [reactor-tcp-kqueue-1] r.yandex.practicum.service.CartService   : Start getItemCountInCart: itemId=12
2025-07-31T19:09:20.868+03:00  INFO 13518 --- [reactor-tcp-kqueue-1] r.yandex.practicum.service.CartService   : Start getItemCountInCart: itemId=13
2025-07-31T19:09:20.869+03:00  INFO 13518 --- [reactor-tcp-kqueue-1] reactor.Mono.MapFuseable.1               : | onNext([[ItemDto(id=1, title=123, description=123, imagePath=http://localhost:8084/items/image/1, count=0, price=123), ItemDto(id=2, title=wefawef, description=afwef, imagePath=http://localhost:8084/items/image/2, count=0, price=12313), ItemDto(id=3, title=товар1, description=Товар, imagePath=http://localhost:8084/items/image/3, count=0, price=12345), ItemDto(id=4, title=df, description=fads, imagePath=http://localhost:8084/items/image/4, count=0, price=21351524635765), ItemDto(id=6, title=товар новый, description=Товар, imagePath=http://localhost:8084/items/image/6, count=0, price=5)], [ItemDto(id=9, title=test3, description=test3, imagePath=http://localhost:8084/items/image/9, count=0, price=130), ItemDto(id=10, title=test4, description=test4, imagePath=http://localhost:8084/items/image/10, count=0, price=140), ItemDto(id=11, title=test5, description=test5, imagePath=http://localhost:8084/items/image/11, count=0, price=150), ItemDto(id=12, title=test5, description=test5, imagePath=http://localhost:8084/items/image/12, count=0, price=150), ItemDto(id=13, title=test6, description=test6, imagePath=http://localhost:8084/items/image/13, count=0, price=160)]])
2025-07-31T19:09:20.985+03:00  INFO 13518 --- [reactor-tcp-kqueue-1] reactor.Mono.MapFuseable.1               : | onComplete()
2025-07-31T19:09:22.223+03:00  INFO 13518 --- [reactor-http-kqueue-6] r.yandex.practicum.service.ItemService   : Start getItemDtoById: id=1
2025-07-31T19:09:22.225+03:00  INFO 13518 --- [reactor-http-kqueue-6] r.yandex.practicum.service.CartService   : Start getItemCountInCart: itemId=1
2025-07-31T19:09:22.244+03:00  INFO 13518 --- [reactor-http-kqueue-6] reactor.Mono.Just.13                     : | onSubscribe([Synchronous Fuseable] Operators.ScalarSubscription)
2025-07-31T19:09:22.245+03:00  INFO 13518 --- [reactor-http-kqueue-6] reactor.Mono.Just.13                     : | request(unbounded)
2025-07-31T19:09:22.245+03:00  INFO 13518 --- [reactor-http-kqueue-6] reactor.Mono.Just.13                     : | onNext(0)
2025-07-31T19:09:22.245+03:00  INFO 13518 --- [reactor-http-kqueue-6] reactor.Mono.Just.13                     : | onComplete()
2025-07-31T19:09:25.359+03:00  INFO 13518 --- [reactor-http-kqueue-6] r.yandex.practicum.service.ItemService   : Start actionWithItemInCart: itemId=1, action=plus
2025-07-31T19:09:25.359+03:00  INFO 13518 --- [reactor-http-kqueue-6] r.yandex.practicum.service.CartService   : Start getItemsInCart
2025-07-31T19:09:25.360+03:00  INFO 13518 --- [reactor-http-kqueue-6] reactor.Mono.Zip.18                      : onSubscribe([Fuseable] MonoZip.ZipCoordinator)
2025-07-31T19:09:25.360+03:00  INFO 13518 --- [reactor-http-kqueue-6] reactor.Mono.Zip.18                      : request(unbounded)
2025-07-31T19:09:25.361+03:00  INFO 13518 --- [reactor-http-kqueue-6] reactor.Mono.Just.15                     : | onSubscribe([Synchronous Fuseable] Operators.ScalarSubscription)
2025-07-31T19:09:25.361+03:00  INFO 13518 --- [reactor-http-kqueue-6] reactor.Mono.LogFuseable.16              : | onSubscribe([Fuseable] FluxPeekFuseable.PeekFuseableSubscriber)
2025-07-31T19:09:25.361+03:00  INFO 13518 --- [reactor-http-kqueue-6] reactor.Mono.FlatMap.17                  : | onSubscribe([Fuseable] MonoFlatMap.FlatMapMain)
2025-07-31T19:09:25.361+03:00  INFO 13518 --- [reactor-http-kqueue-6] reactor.Mono.FlatMap.17                  : | request(unbounded)
2025-07-31T19:09:25.361+03:00  INFO 13518 --- [reactor-http-kqueue-6] reactor.Mono.LogFuseable.16              : | request(unbounded)
2025-07-31T19:09:25.361+03:00  INFO 13518 --- [reactor-http-kqueue-6] reactor.Mono.Just.15                     : | request(unbounded)
2025-07-31T19:09:25.361+03:00  INFO 13518 --- [reactor-http-kqueue-6] reactor.Mono.Just.15                     : | onNext({})
2025-07-31T19:09:25.361+03:00  INFO 13518 --- [reactor-http-kqueue-6] reactor.Mono.LogFuseable.16              : | onNext({})
2025-07-31T19:09:25.361+03:00  INFO 13518 --- [reactor-http-kqueue-6] r.yandex.practicum.service.ItemService   : Start getItemDtoById: id=1
2025-07-31T19:09:25.362+03:00  INFO 13518 --- [reactor-http-kqueue-6] r.yandex.practicum.service.CartService   : Start getItemCountInCart: itemId=1
2025-07-31T19:09:25.362+03:00  INFO 13518 --- [reactor-http-kqueue-6] reactor.Mono.Just.19                     : | onSubscribe([Synchronous Fuseable] Operators.ScalarSubscription)
2025-07-31T19:09:25.362+03:00  INFO 13518 --- [reactor-http-kqueue-6] reactor.Mono.Just.19                     : | request(unbounded)
2025-07-31T19:09:25.362+03:00  INFO 13518 --- [reactor-http-kqueue-6] reactor.Mono.Just.19                     : | onNext(0)
2025-07-31T19:09:25.362+03:00  INFO 13518 --- [reactor-http-kqueue-6] reactor.Mono.Just.19                     : | onComplete()
2025-07-31T19:09:25.362+03:00  INFO 13518 --- [reactor-http-kqueue-6] reactor.Mono.Just.15                     : | onComplete()
2025-07-31T19:09:25.363+03:00  INFO 13518 --- [reactor-http-kqueue-6] reactor.Mono.LogFuseable.16              : | onComplete()
2025-07-31T19:09:25.363+03:00  INFO 13518 --- [reactor-http-kqueue-6] reactor.Mono.Just.15                     : | onSubscribe([Synchronous Fuseable] Operators.ScalarSubscription)
2025-07-31T19:09:25.363+03:00  INFO 13518 --- [reactor-http-kqueue-6] reactor.Mono.LogFuseable.16              : | onSubscribe([Fuseable] FluxPeekFuseable.PeekFuseableSubscriber)
2025-07-31T19:09:25.363+03:00  INFO 13518 --- [reactor-http-kqueue-6] reactor.Mono.LogFuseable.16              : | request(unbounded)
2025-07-31T19:09:25.363+03:00  INFO 13518 --- [reactor-http-kqueue-6] reactor.Mono.Just.15                     : | request(unbounded)
2025-07-31T19:09:25.363+03:00  INFO 13518 --- [reactor-http-kqueue-6] reactor.Mono.Just.15                     : | onNext({})
2025-07-31T19:09:25.363+03:00  INFO 13518 --- [reactor-http-kqueue-6] reactor.Mono.LogFuseable.16              : | onNext({})
2025-07-31T19:09:25.363+03:00  INFO 13518 --- [reactor-http-kqueue-6] reactor.Mono.Just.15                     : | onComplete()
2025-07-31T19:09:25.363+03:00  INFO 13518 --- [reactor-http-kqueue-6] reactor.Mono.LogFuseable.16              : | onComplete()
2025-07-31T19:09:25.459+03:00  INFO 13518 --- [reactor-tcp-kqueue-8] reactor.Mono.FlatMap.17                  : | onNext(ItemDto(id=1, title=123, description=123, imagePath=http://localhost:8084/items/image/1, count=0, price=123))
2025-07-31T19:09:25.459+03:00  INFO 13518 --- [reactor-tcp-kqueue-8] r.yandex.practicum.service.CartService   : Start refresh: itemsInCart={1=ItemDto(id=1, title=123, description=123, imagePath=http://localhost:8084/items/image/1, count=1, price=123)}, itemInCart=ItemDto(id=1, title=123, description=123, imagePath=http://localhost:8084/items/image/1, count=1, price=123)
2025-07-31T19:09:25.459+03:00  INFO 13518 --- [reactor-tcp-kqueue-8] r.yandex.practicum.service.CartService   : Start getTotalPrice
2025-07-31T19:09:25.460+03:00  INFO 13518 --- [reactor-tcp-kqueue-8] reactor.Mono.Zip.18                      : onNext(ItemDto(id=1, title=123, description=123, imagePath=http://localhost:8084/items/image/1, count=1, price=123))
2025-07-31T19:09:25.466+03:00  INFO 13518 --- [reactor-tcp-kqueue-8] reactor.Mono.Zip.18                      : onComplete()
2025-07-31T19:09:25.466+03:00  INFO 13518 --- [reactor-tcp-kqueue-8] reactor.Mono.FlatMap.17                  : | onComplete()
2025-07-31T19:09:27.822+03:00  INFO 13518 --- [reactor-http-kqueue-6] reactor.Mono.Just.24                     : | onSubscribe([Synchronous Fuseable] Operators.ScalarSubscription)
2025-07-31T19:09:27.823+03:00  INFO 13518 --- [reactor-http-kqueue-6] reactor.Mono.Just.24                     : | request(unbounded)
2025-07-31T19:09:27.823+03:00  INFO 13518 --- [reactor-http-kqueue-6] reactor.Mono.Just.24                     : | onNext(CartDto(items={1=ItemDto(id=1, title=123, description=123, imagePath=http://localhost:8084/items/image/1, count=1, price=123)}, total=0, empty=true, canBuy=false))
2025-07-31T19:09:27.832+03:00  INFO 13518 --- [reactor-http-kqueue-6] reactor.Mono.Just.24                     : | onComplete()
2025-07-31T19:14:12.472+03:00  INFO 13518 --- [SpringApplicationShutdownHook] o.s.b.w.embedded.netty.GracefulShutdown  : Commencing graceful shutdown. Waiting for active requests to complete
2025-07-31T19:14:12.473+03:00  INFO 13518 --- [netty-shutdown] o.s.b.w.embedded.netty.GracefulShutdown  : Graceful shutdown complete
2025-07-31T19:14:16.391+03:00  INFO 13586 --- [main] ru.yandex.practicum.ShopApplication      : Starting ShopApplication using Java 21.0.6 with PID 13586 (/Users/Dixi/dev/online-shop/shop/build/classes/java/main started by Dixi in /Users/Dixi/dev/online-shop)
2025-07-31T19:14:16.392+03:00  INFO 13586 --- [main] ru.yandex.practicum.ShopApplication      : No active profile set, falling back to 1 default profile: "default"
2025-07-31T19:14:16.624+03:00  INFO 13586 --- [main] .s.d.r.c.RepositoryConfigurationDelegate : Multiple Spring Data modules found, entering strict repository configuration mode
2025-07-31T19:14:16.625+03:00  INFO 13586 --- [main] .s.d.r.c.RepositoryConfigurationDelegate : Bootstrapping Spring Data Redis repositories in DEFAULT mode.
2025-07-31T19:14:16.635+03:00  INFO 13586 --- [main] .s.d.r.c.RepositoryConfigurationDelegate : Finished Spring Data repository scanning in 2 ms. Found 0 Redis repository interfaces.
2025-07-31T19:14:16.638+03:00  INFO 13586 --- [main] .s.d.r.c.RepositoryConfigurationDelegate : Multiple Spring Data modules found, entering strict repository configuration mode
2025-07-31T19:14:16.639+03:00  INFO 13586 --- [main] .s.d.r.c.RepositoryConfigurationDelegate : Bootstrapping Spring Data Redis repositories in DEFAULT mode.
2025-07-31T19:14:16.646+03:00  INFO 13586 --- [main] .RepositoryConfigurationExtensionSupport : Spring Data Redis - Could not safely identify store assignment for repository candidate interface ru.yandex.practicum.repository.ItemInOrderRepository; If you want this repository to be a Redis repository, consider annotating your entities with one of these annotations: org.springframework.data.redis.core.RedisHash (preferred), or consider extending one of the following types with your repository: org.springframework.data.keyvalue.repository.KeyValueRepository
2025-07-31T19:14:16.647+03:00  INFO 13586 --- [main] .RepositoryConfigurationExtensionSupport : Spring Data Redis - Could not safely identify store assignment for repository candidate interface ru.yandex.practicum.repository.ItemRepository; If you want this repository to be a Redis repository, consider annotating your entities with one of these annotations: org.springframework.data.redis.core.RedisHash (preferred), or consider extending one of the following types with your repository: org.springframework.data.keyvalue.repository.KeyValueRepository
2025-07-31T19:14:16.647+03:00  INFO 13586 --- [main] .RepositoryConfigurationExtensionSupport : Spring Data Redis - Could not safely identify store assignment for repository candidate interface ru.yandex.practicum.repository.OrderRepository; If you want this repository to be a Redis repository, consider annotating your entities with one of these annotations: org.springframework.data.redis.core.RedisHash (preferred), or consider extending one of the following types with your repository: org.springframework.data.keyvalue.repository.KeyValueRepository
2025-07-31T19:14:16.647+03:00  INFO 13586 --- [main] .s.d.r.c.RepositoryConfigurationDelegate : Finished Spring Data repository scanning in 7 ms. Found 0 Redis repository interfaces.
2025-07-31T19:14:16.737+03:00  INFO 13586 --- [main] .s.d.r.c.RepositoryConfigurationDelegate : Multiple Spring Data modules found, entering strict repository configuration mode
2025-07-31T19:14:16.737+03:00  INFO 13586 --- [main] .s.d.r.c.RepositoryConfigurationDelegate : Bootstrapping Spring Data R2DBC repositories in DEFAULT mode.
2025-07-31T19:14:16.790+03:00  INFO 13586 --- [main] .s.d.r.c.RepositoryConfigurationDelegate : Finished Spring Data repository scanning in 52 ms. Found 3 R2DBC repository interfaces.
2025-07-31T19:14:16.794+03:00  INFO 13586 --- [main] .s.d.r.c.RepositoryConfigurationDelegate : Multiple Spring Data modules found, entering strict repository configuration mode
2025-07-31T19:14:16.794+03:00  INFO 13586 --- [main] .s.d.r.c.RepositoryConfigurationDelegate : Bootstrapping Spring Data Redis repositories in DEFAULT mode.
2025-07-31T19:14:16.796+03:00  INFO 13586 --- [main] .RepositoryConfigurationExtensionSupport : Spring Data Redis - Could not safely identify store assignment for repository candidate interface ru.yandex.practicum.repository.ItemInOrderRepository; If you want this repository to be a Redis repository, consider annotating your entities with one of these annotations: org.springframework.data.redis.core.RedisHash (preferred), or consider extending one of the following types with your repository: org.springframework.data.keyvalue.repository.KeyValueRepository
2025-07-31T19:14:16.796+03:00  INFO 13586 --- [main] .RepositoryConfigurationExtensionSupport : Spring Data Redis - Could not safely identify store assignment for repository candidate interface ru.yandex.practicum.repository.ItemRepository; If you want this repository to be a Redis repository, consider annotating your entities with one of these annotations: org.springframework.data.redis.core.RedisHash (preferred), or consider extending one of the following types with your repository: org.springframework.data.keyvalue.repository.KeyValueRepository
2025-07-31T19:14:16.796+03:00  INFO 13586 --- [main] .RepositoryConfigurationExtensionSupport : Spring Data Redis - Could not safely identify store assignment for repository candidate interface ru.yandex.practicum.repository.OrderRepository; If you want this repository to be a Redis repository, consider annotating your entities with one of these annotations: org.springframework.data.redis.core.RedisHash (preferred), or consider extending one of the following types with your repository: org.springframework.data.keyvalue.repository.KeyValueRepository
2025-07-31T19:14:16.796+03:00  INFO 13586 --- [main] .s.d.r.c.RepositoryConfigurationDelegate : Finished Spring Data repository scanning in 1 ms. Found 0 Redis repository interfaces.
2025-07-31T19:14:17.187+03:00  INFO 13586 --- [main] r.y.p.configuration.WebConfiguration     : Initialize cart
2025-07-31T19:14:18.225+03:00  INFO 13586 --- [main] o.s.b.web.embedded.netty.NettyWebServer  : Netty started on port 8084 (http)
2025-07-31T19:14:18.435+03:00  INFO 13586 --- [main] ru.yandex.practicum.ShopApplication      : Started ShopApplication in 2.222 seconds (process running for 2.478)
2025-07-31T19:14:25.508+03:00  INFO 13586 --- [SpringApplicationShutdownHook] o.s.b.w.embedded.netty.GracefulShutdown  : Commencing graceful shutdown. Waiting for active requests to complete
2025-07-31T19:14:25.509+03:00  INFO 13586 --- [netty-shutdown] o.s.b.w.embedded.netty.GracefulShutdown  : Graceful shutdown complete
2025-07-31T19:14:29.198+03:00  INFO 13594 --- [main] ru.yandex.practicum.ShopApplication      : Starting ShopApplication using Java 21.0.6 with PID 13594 (/Users/Dixi/dev/online-shop/shop/build/classes/java/main started by Dixi in /Users/Dixi/dev/online-shop)
2025-07-31T19:14:29.199+03:00  INFO 13594 --- [main] ru.yandex.practicum.ShopApplication      : No active profile set, falling back to 1 default profile: "default"
2025-07-31T19:14:29.424+03:00  INFO 13594 --- [main] .s.d.r.c.RepositoryConfigurationDelegate : Multiple Spring Data modules found, entering strict repository configuration mode
2025-07-31T19:14:29.424+03:00  INFO 13594 --- [main] .s.d.r.c.RepositoryConfigurationDelegate : Bootstrapping Spring Data Redis repositories in DEFAULT mode.
2025-07-31T19:14:29.434+03:00  INFO 13594 --- [main] .s.d.r.c.RepositoryConfigurationDelegate : Finished Spring Data repository scanning in 2 ms. Found 0 Redis repository interfaces.
2025-07-31T19:14:29.437+03:00  INFO 13594 --- [main] .s.d.r.c.RepositoryConfigurationDelegate : Multiple Spring Data modules found, entering strict repository configuration mode
2025-07-31T19:14:29.437+03:00  INFO 13594 --- [main] .s.d.r.c.RepositoryConfigurationDelegate : Bootstrapping Spring Data Redis repositories in DEFAULT mode.
2025-07-31T19:14:29.445+03:00  INFO 13594 --- [main] .RepositoryConfigurationExtensionSupport : Spring Data Redis - Could not safely identify store assignment for repository candidate interface ru.yandex.practicum.repository.ItemInOrderRepository; If you want this repository to be a Redis repository, consider annotating your entities with one of these annotations: org.springframework.data.redis.core.RedisHash (preferred), or consider extending one of the following types with your repository: org.springframework.data.keyvalue.repository.KeyValueRepository
2025-07-31T19:14:29.445+03:00  INFO 13594 --- [main] .RepositoryConfigurationExtensionSupport : Spring Data Redis - Could not safely identify store assignment for repository candidate interface ru.yandex.practicum.repository.ItemRepository; If you want this repository to be a Redis repository, consider annotating your entities with one of these annotations: org.springframework.data.redis.core.RedisHash (preferred), or consider extending one of the following types with your repository: org.springframework.data.keyvalue.repository.KeyValueRepository
2025-07-31T19:14:29.446+03:00  INFO 13594 --- [main] .RepositoryConfigurationExtensionSupport : Spring Data Redis - Could not safely identify store assignment for repository candidate interface ru.yandex.practicum.repository.OrderRepository; If you want this repository to be a Redis repository, consider annotating your entities with one of these annotations: org.springframework.data.redis.core.RedisHash (preferred), or consider extending one of the following types with your repository: org.springframework.data.keyvalue.repository.KeyValueRepository
2025-07-31T19:14:29.446+03:00  INFO 13594 --- [main] .s.d.r.c.RepositoryConfigurationDelegate : Finished Spring Data repository scanning in 8 ms. Found 0 Redis repository interfaces.
2025-07-31T19:14:29.532+03:00  INFO 13594 --- [main] .s.d.r.c.RepositoryConfigurationDelegate : Multiple Spring Data modules found, entering strict repository configuration mode
2025-07-31T19:14:29.533+03:00  INFO 13594 --- [main] .s.d.r.c.RepositoryConfigurationDelegate : Bootstrapping Spring Data R2DBC repositories in DEFAULT mode.
2025-07-31T19:14:29.585+03:00  INFO 13594 --- [main] .s.d.r.c.RepositoryConfigurationDelegate : Finished Spring Data repository scanning in 51 ms. Found 3 R2DBC repository interfaces.
2025-07-31T19:14:29.589+03:00  INFO 13594 --- [main] .s.d.r.c.RepositoryConfigurationDelegate : Multiple Spring Data modules found, entering strict repository configuration mode
2025-07-31T19:14:29.589+03:00  INFO 13594 --- [main] .s.d.r.c.RepositoryConfigurationDelegate : Bootstrapping Spring Data Redis repositories in DEFAULT mode.
2025-07-31T19:14:29.592+03:00  INFO 13594 --- [main] .RepositoryConfigurationExtensionSupport : Spring Data Redis - Could not safely identify store assignment for repository candidate interface ru.yandex.practicum.repository.ItemInOrderRepository; If you want this repository to be a Redis repository, consider annotating your entities with one of these annotations: org.springframework.data.redis.core.RedisHash (preferred), or consider extending one of the following types with your repository: org.springframework.data.keyvalue.repository.KeyValueRepository
2025-07-31T19:14:29.592+03:00  INFO 13594 --- [main] .RepositoryConfigurationExtensionSupport : Spring Data Redis - Could not safely identify store assignment for repository candidate interface ru.yandex.practicum.repository.ItemRepository; If you want this repository to be a Redis repository, consider annotating your entities with one of these annotations: org.springframework.data.redis.core.RedisHash (preferred), or consider extending one of the following types with your repository: org.springframework.data.keyvalue.repository.KeyValueRepository
2025-07-31T19:14:29.592+03:00  INFO 13594 --- [main] .RepositoryConfigurationExtensionSupport : Spring Data Redis - Could not safely identify store assignment for repository candidate interface ru.yandex.practicum.repository.OrderRepository; If you want this repository to be a Redis repository, consider annotating your entities with one of these annotations: org.springframework.data.redis.core.RedisHash (preferred), or consider extending one of the following types with your repository: org.springframework.data.keyvalue.repository.KeyValueRepository
2025-07-31T19:14:29.592+03:00  INFO 13594 --- [main] .s.d.r.c.RepositoryConfigurationDelegate : Finished Spring Data repository scanning in 2 ms. Found 0 Redis repository interfaces.
2025-07-31T19:14:29.981+03:00  INFO 13594 --- [main] r.y.p.configuration.WebConfiguration     : Initialize cart
2025-07-31T19:14:30.736+03:00  INFO 13594 --- [main] o.s.b.web.embedded.netty.NettyWebServer  : Netty started on port 8084 (http)
2025-07-31T19:14:30.941+03:00  INFO 13594 --- [main] ru.yandex.practicum.ShopApplication      : Started ShopApplication in 1.919 seconds (process running for 2.166)
2025-07-31T19:15:09.441+03:00  INFO 13594 --- [reactor-http-kqueue-2] r.yandex.practicum.service.ItemService   : Start getPaging: pageNumber=1, pageSize=10
2025-07-31T19:15:09.514+03:00  INFO 13594 --- [reactor-http-kqueue-2] r.yandex.practicum.service.ItemService   : Start getItems: pageNumber=1, pageSize=10, sort=NO, search=
2025-07-31T19:15:09.523+03:00  INFO 13594 --- [reactor-http-kqueue-2] reactor.Mono.MapFuseable.1               : | onSubscribe([Fuseable] FluxMapFuseable.MapFuseableConditionalSubscriber)
2025-07-31T19:15:09.523+03:00  INFO 13594 --- [reactor-http-kqueue-2] reactor.Mono.MapFuseable.1               : | request(unbounded)
2025-07-31T19:15:09.698+03:00  INFO 13594 --- [reactor-tcp-kqueue-1] r.yandex.practicum.service.CartService   : Start getItemCountInCart: itemId=1
2025-07-31T19:15:09.756+03:00  INFO 13594 --- [reactor-tcp-kqueue-1] r.yandex.practicum.service.CartService   : Start getItemCountInCart: itemId=2
2025-07-31T19:15:09.812+03:00  INFO 13594 --- [reactor-tcp-kqueue-1] r.yandex.practicum.service.CartService   : Start getItemCountInCart: itemId=3
2025-07-31T19:15:09.876+03:00  INFO 13594 --- [reactor-tcp-kqueue-1] r.yandex.practicum.service.CartService   : Start getItemCountInCart: itemId=4
2025-07-31T19:15:09.952+03:00  INFO 13594 --- [reactor-tcp-kqueue-1] r.yandex.practicum.service.CartService   : Start getItemCountInCart: itemId=6
2025-07-31T19:15:09.961+03:00  INFO 13594 --- [reactor-tcp-kqueue-1] r.yandex.practicum.service.CartService   : Start getItemCountInCart: itemId=9
2025-07-31T19:15:10.004+03:00  INFO 13594 --- [reactor-tcp-kqueue-1] r.yandex.practicum.service.CartService   : Start getItemCountInCart: itemId=10
2025-07-31T19:15:10.048+03:00  INFO 13594 --- [reactor-tcp-kqueue-1] r.yandex.practicum.service.CartService   : Start getItemCountInCart: itemId=11
2025-07-31T19:15:10.091+03:00  INFO 13594 --- [reactor-tcp-kqueue-1] r.yandex.practicum.service.CartService   : Start getItemCountInCart: itemId=12
2025-07-31T19:15:10.295+03:00  INFO 13594 --- [reactor-tcp-kqueue-1] r.yandex.practicum.service.CartService   : Start getItemCountInCart: itemId=13
2025-07-31T19:15:10.296+03:00  INFO 13594 --- [reactor-tcp-kqueue-1] reactor.Mono.MapFuseable.1               : | onNext([[ItemDto(id=1, title=123, description=123, imagePath=http://localhost:8084/items/image/1, count=0, price=123), ItemDto(id=2, title=wefawef, description=afwef, imagePath=http://localhost:8084/items/image/2, count=0, price=12313), ItemDto(id=3, title=товар1, description=Товар, imagePath=http://localhost:8084/items/image/3, count=0, price=12345), ItemDto(id=4, title=df, description=fads, imagePath=http://localhost:8084/items/image/4, count=0, price=21351524635765), ItemDto(id=6, title=товар новый, description=Товар, imagePath=http://localhost:8084/items/image/6, count=0, price=5)], [ItemDto(id=9, title=test3, description=test3, imagePath=http://localhost:8084/items/image/9, count=0, price=130), ItemDto(id=10, title=test4, description=test4, imagePath=http://localhost:8084/items/image/10, count=0, price=140), ItemDto(id=11, title=test5, description=test5, imagePath=http://localhost:8084/items/image/11, count=0, price=150), ItemDto(id=12, title=test5, description=test5, imagePath=http://localhost:8084/items/image/12, count=0, price=150), ItemDto(id=13, title=test6, description=test6, imagePath=http://localhost:8084/items/image/13, count=0, price=160)]])
2025-07-31T19:15:10.407+03:00  INFO 13594 --- [reactor-tcp-kqueue-1] reactor.Mono.MapFuseable.1               : | onComplete()
2025-07-31T19:15:13.023+03:00  INFO 13594 --- [lettuce-kqueueEventLoop-5-3] r.yandex.practicum.service.ItemService   : Start getItemDtoById: id=1
2025-07-31T19:15:13.025+03:00  INFO 13594 --- [lettuce-kqueueEventLoop-5-3] r.yandex.practicum.service.CartService   : Start getItemCountInCart: itemId=1
2025-07-31T19:15:13.026+03:00  INFO 13594 --- [lettuce-kqueueEventLoop-5-3] reactor.Mono.Just.13                     : | onSubscribe([Synchronous Fuseable] Operators.ScalarSubscription)
2025-07-31T19:15:13.027+03:00  INFO 13594 --- [lettuce-kqueueEventLoop-5-3] reactor.Mono.Just.13                     : | request(unbounded)
2025-07-31T19:15:13.027+03:00  INFO 13594 --- [lettuce-kqueueEventLoop-5-3] reactor.Mono.Just.13                     : | onNext(0)
2025-07-31T19:15:13.027+03:00  INFO 13594 --- [lettuce-kqueueEventLoop-5-3] reactor.Mono.Just.13                     : | onComplete()
2025-07-31T19:15:14.518+03:00  INFO 13594 --- [reactor-http-kqueue-5] r.yandex.practicum.service.ItemService   : Start actionWithItemInCart: itemId=1, action=plus
2025-07-31T19:15:14.519+03:00  INFO 13594 --- [reactor-http-kqueue-5] r.yandex.practicum.service.CartService   : Start getItemsInCart
2025-07-31T19:15:14.520+03:00  INFO 13594 --- [reactor-http-kqueue-5] reactor.Mono.Zip.18                      : onSubscribe([Fuseable] MonoZip.ZipCoordinator)
2025-07-31T19:15:14.520+03:00  INFO 13594 --- [reactor-http-kqueue-5] reactor.Mono.Zip.18                      : request(unbounded)
2025-07-31T19:15:14.520+03:00  INFO 13594 --- [reactor-http-kqueue-5] reactor.Mono.Just.15                     : | onSubscribe([Synchronous Fuseable] Operators.ScalarSubscription)
2025-07-31T19:15:14.520+03:00  INFO 13594 --- [reactor-http-kqueue-5] reactor.Mono.LogFuseable.16              : | onSubscribe([Fuseable] FluxPeekFuseable.PeekFuseableSubscriber)
2025-07-31T19:15:14.520+03:00  INFO 13594 --- [reactor-http-kqueue-5] reactor.Mono.FlatMap.17                  : | onSubscribe([Fuseable] MonoFlatMap.FlatMapMain)
2025-07-31T19:15:14.520+03:00  INFO 13594 --- [reactor-http-kqueue-5] reactor.Mono.FlatMap.17                  : | request(unbounded)
2025-07-31T19:15:14.520+03:00  INFO 13594 --- [reactor-http-kqueue-5] reactor.Mono.LogFuseable.16              : | request(unbounded)
2025-07-31T19:15:14.520+03:00  INFO 13594 --- [reactor-http-kqueue-5] reactor.Mono.Just.15                     : | request(unbounded)
2025-07-31T19:15:14.521+03:00  INFO 13594 --- [reactor-http-kqueue-5] reactor.Mono.Just.15                     : | onNext({})
2025-07-31T19:15:14.521+03:00  INFO 13594 --- [reactor-http-kqueue-5] reactor.Mono.LogFuseable.16              : | onNext({})
2025-07-31T19:15:14.521+03:00  INFO 13594 --- [reactor-http-kqueue-5] r.yandex.practicum.service.ItemService   : Start getItemDtoById: id=1
2025-07-31T19:15:14.521+03:00  INFO 13594 --- [reactor-http-kqueue-5] r.yandex.practicum.service.CartService   : Start getItemCountInCart: itemId=1
2025-07-31T19:15:14.522+03:00  INFO 13594 --- [reactor-http-kqueue-5] reactor.Mono.Just.19                     : | onSubscribe([Synchronous Fuseable] Operators.ScalarSubscription)
2025-07-31T19:15:14.522+03:00  INFO 13594 --- [reactor-http-kqueue-5] reactor.Mono.Just.19                     : | request(unbounded)
2025-07-31T19:15:14.522+03:00  INFO 13594 --- [reactor-http-kqueue-5] reactor.Mono.Just.19                     : | onNext(0)
2025-07-31T19:15:14.522+03:00  INFO 13594 --- [reactor-http-kqueue-5] reactor.Mono.Just.19                     : | onComplete()
2025-07-31T19:15:14.522+03:00  INFO 13594 --- [reactor-http-kqueue-5] reactor.Mono.Just.15                     : | onComplete()
2025-07-31T19:15:14.522+03:00  INFO 13594 --- [reactor-http-kqueue-5] reactor.Mono.LogFuseable.16              : | onComplete()
2025-07-31T19:15:14.523+03:00  INFO 13594 --- [reactor-http-kqueue-5] reactor.Mono.Just.15                     : | onSubscribe([Synchronous Fuseable] Operators.ScalarSubscription)
2025-07-31T19:15:14.523+03:00  INFO 13594 --- [reactor-http-kqueue-5] reactor.Mono.LogFuseable.16              : | onSubscribe([Fuseable] FluxPeekFuseable.PeekFuseableSubscriber)
2025-07-31T19:15:14.523+03:00  INFO 13594 --- [reactor-http-kqueue-5] reactor.Mono.LogFuseable.16              : | request(unbounded)
2025-07-31T19:15:14.523+03:00  INFO 13594 --- [reactor-http-kqueue-5] reactor.Mono.Just.15                     : | request(unbounded)
2025-07-31T19:15:14.523+03:00  INFO 13594 --- [reactor-http-kqueue-5] reactor.Mono.Just.15                     : | onNext({})
2025-07-31T19:15:14.523+03:00  INFO 13594 --- [reactor-http-kqueue-5] reactor.Mono.LogFuseable.16              : | onNext({})
2025-07-31T19:15:14.523+03:00  INFO 13594 --- [reactor-http-kqueue-5] reactor.Mono.Just.15                     : | onComplete()
2025-07-31T19:15:14.523+03:00  INFO 13594 --- [reactor-http-kqueue-5] reactor.Mono.LogFuseable.16              : | onComplete()
2025-07-31T19:15:14.618+03:00  INFO 13594 --- [reactor-tcp-kqueue-3] reactor.Mono.FlatMap.17                  : | onNext(ItemDto(id=1, title=123, description=123, imagePath=http://localhost:8084/items/image/1, count=0, price=123))
2025-07-31T19:15:14.618+03:00  INFO 13594 --- [reactor-tcp-kqueue-3] r.yandex.practicum.service.CartService   : Start refresh: itemsInCart={1=ItemDto(id=1, title=123, description=123, imagePath=http://localhost:8084/items/image/1, count=1, price=123)}, itemInCart=ItemDto(id=1, title=123, description=123, imagePath=http://localhost:8084/items/image/1, count=1, price=123)
2025-07-31T19:15:14.619+03:00  INFO 13594 --- [reactor-tcp-kqueue-3] r.yandex.practicum.service.CartService   : Start getTotalPrice
2025-07-31T19:15:14.619+03:00  INFO 13594 --- [reactor-tcp-kqueue-3] reactor.Mono.Zip.18                      : onNext(ItemDto(id=1, title=123, description=123, imagePath=http://localhost:8084/items/image/1, count=1, price=123))
2025-07-31T19:15:14.621+03:00  INFO 13594 --- [reactor-tcp-kqueue-3] reactor.Mono.Zip.18                      : onComplete()
2025-07-31T19:15:14.621+03:00  INFO 13594 --- [reactor-tcp-kqueue-3] reactor.Mono.FlatMap.17                  : | onComplete()
2025-07-31T19:15:17.441+03:00  INFO 13594 --- [reactor-http-kqueue-5] r.yandex.practicum.service.ItemService   : Start actionWithItemInCart: itemId=1, action=plus
2025-07-31T19:15:17.442+03:00  INFO 13594 --- [reactor-http-kqueue-5] r.yandex.practicum.service.CartService   : Start getItemsInCart
2025-07-31T19:15:17.443+03:00  INFO 13594 --- [reactor-http-kqueue-5] reactor.Mono.Zip.30                      : onSubscribe([Fuseable] MonoZip.ZipCoordinator)
2025-07-31T19:15:17.443+03:00  INFO 13594 --- [reactor-http-kqueue-5] reactor.Mono.Zip.30                      : request(unbounded)
2025-07-31T19:15:17.443+03:00  INFO 13594 --- [reactor-http-kqueue-5] reactor.Mono.Just.27                     : | onSubscribe([Synchronous Fuseable] Operators.ScalarSubscription)
2025-07-31T19:15:17.443+03:00  INFO 13594 --- [reactor-http-kqueue-5] reactor.Mono.LogFuseable.28              : | onSubscribe([Fuseable] FluxPeekFuseable.PeekFuseableSubscriber)
2025-07-31T19:15:17.443+03:00  INFO 13594 --- [reactor-http-kqueue-5] reactor.Mono.FlatMap.29                  : | onSubscribe([Fuseable] MonoFlatMap.FlatMapMain)
2025-07-31T19:15:17.443+03:00  INFO 13594 --- [reactor-http-kqueue-5] reactor.Mono.FlatMap.29                  : | request(unbounded)
2025-07-31T19:15:17.443+03:00  INFO 13594 --- [reactor-http-kqueue-5] reactor.Mono.LogFuseable.28              : | request(unbounded)
2025-07-31T19:15:17.443+03:00  INFO 13594 --- [reactor-http-kqueue-5] reactor.Mono.Just.27                     : | request(unbounded)
2025-07-31T19:15:17.444+03:00  INFO 13594 --- [reactor-http-kqueue-5] reactor.Mono.Just.27                     : | onNext({1=ItemDto(id=1, title=123, description=123, imagePath=http://localhost:8084/items/image/1, count=1, price=123)})
2025-07-31T19:15:17.444+03:00  INFO 13594 --- [reactor-http-kqueue-5] reactor.Mono.LogFuseable.28              : | onNext({1=ItemDto(id=1, title=123, description=123, imagePath=http://localhost:8084/items/image/1, count=1, price=123)})
2025-07-31T19:15:17.444+03:00  INFO 13594 --- [reactor-http-kqueue-5] reactor.Mono.FlatMap.29                  : | onNext(ItemDto(id=1, title=123, description=123, imagePath=http://localhost:8084/items/image/1, count=1, price=123))
2025-07-31T19:15:17.444+03:00  INFO 13594 --- [reactor-http-kqueue-5] reactor.Mono.FlatMap.29                  : | onComplete()
2025-07-31T19:15:17.445+03:00  INFO 13594 --- [reactor-http-kqueue-5] reactor.Mono.Just.27                     : | onComplete()
2025-07-31T19:15:17.445+03:00  INFO 13594 --- [reactor-http-kqueue-5] reactor.Mono.LogFuseable.28              : | onComplete()
2025-07-31T19:15:17.445+03:00  INFO 13594 --- [reactor-http-kqueue-5] reactor.Mono.Just.27                     : | onSubscribe([Synchronous Fuseable] Operators.ScalarSubscription)
2025-07-31T19:15:17.445+03:00  INFO 13594 --- [reactor-http-kqueue-5] reactor.Mono.LogFuseable.28              : | onSubscribe([Fuseable] FluxPeekFuseable.PeekFuseableSubscriber)
2025-07-31T19:15:17.445+03:00  INFO 13594 --- [reactor-http-kqueue-5] reactor.Mono.LogFuseable.28              : | request(unbounded)
2025-07-31T19:15:17.445+03:00  INFO 13594 --- [reactor-http-kqueue-5] reactor.Mono.Just.27                     : | request(unbounded)
2025-07-31T19:15:17.445+03:00  INFO 13594 --- [reactor-http-kqueue-5] reactor.Mono.Just.27                     : | onNext({1=ItemDto(id=1, title=123, description=123, imagePath=http://localhost:8084/items/image/1, count=1, price=123)})
2025-07-31T19:15:17.446+03:00  INFO 13594 --- [reactor-http-kqueue-5] reactor.Mono.LogFuseable.28              : | onNext({1=ItemDto(id=1, title=123, description=123, imagePath=http://localhost:8084/items/image/1, count=1, price=123)})
2025-07-31T19:15:17.446+03:00  INFO 13594 --- [reactor-http-kqueue-5] r.yandex.practicum.service.CartService   : Start refresh: itemsInCart={1=ItemDto(id=1, title=123, description=123, imagePath=http://localhost:8084/items/image/1, count=2, price=123)}, itemInCart=ItemDto(id=1, title=123, description=123, imagePath=http://localhost:8084/items/image/1, count=2, price=123)
2025-07-31T19:15:17.446+03:00  INFO 13594 --- [reactor-http-kqueue-5] r.yandex.practicum.service.CartService   : Start getTotalPrice
2025-07-31T19:15:17.446+03:00  INFO 13594 --- [reactor-http-kqueue-5] reactor.Mono.Zip.30                      : onNext(ItemDto(id=1, title=123, description=123, imagePath=http://localhost:8084/items/image/1, count=2, price=123))
2025-07-31T19:15:17.448+03:00  INFO 13594 --- [reactor-http-kqueue-5] reactor.Mono.Zip.30                      : onComplete()
2025-07-31T19:15:17.448+03:00  INFO 13594 --- [reactor-http-kqueue-5] reactor.Mono.Just.27                     : | onComplete()
2025-07-31T19:15:17.449+03:00  INFO 13594 --- [reactor-http-kqueue-5] reactor.Mono.LogFuseable.28              : | onComplete()
2025-07-31T19:15:19.229+03:00  INFO 13594 --- [reactor-http-kqueue-5] reactor.Mono.Just.38                     : | onSubscribe([Synchronous Fuseable] Operators.ScalarSubscription)
2025-07-31T19:15:19.229+03:00  INFO 13594 --- [reactor-http-kqueue-5] reactor.Mono.Just.38                     : | request(unbounded)
2025-07-31T19:15:19.229+03:00  INFO 13594 --- [reactor-http-kqueue-5] reactor.Mono.Just.38                     : | onNext(CartDto(items={1=ItemDto(id=1, title=123, description=123, imagePath=http://localhost:8084/items/image/1, count=2, price=123)}, total=0, empty=true, canBuy=false))
2025-07-31T19:15:19.238+03:00  INFO 13594 --- [reactor-http-kqueue-5] reactor.Mono.Just.38                     : | onComplete()
2025-07-31T19:19:14.365+03:00  INFO 13594 --- [SpringApplicationShutdownHook] o.s.b.w.embedded.netty.GracefulShutdown  : Commencing graceful shutdown. Waiting for active requests to complete
2025-07-31T19:19:14.366+03:00  INFO 13594 --- [netty-shutdown] o.s.b.w.embedded.netty.GracefulShutdown  : Graceful shutdown complete
2025-07-31T19:19:18.218+03:00  INFO 13663 --- [main] ru.yandex.practicum.ShopApplication      : Starting ShopApplication using Java 21.0.6 with PID 13663 (/Users/Dixi/dev/online-shop/shop/build/classes/java/main started by Dixi in /Users/Dixi/dev/online-shop)
2025-07-31T19:19:18.219+03:00  INFO 13663 --- [main] ru.yandex.practicum.ShopApplication      : No active profile set, falling back to 1 default profile: "default"
2025-07-31T19:19:18.464+03:00  INFO 13663 --- [main] .s.d.r.c.RepositoryConfigurationDelegate : Multiple Spring Data modules found, entering strict repository configuration mode
2025-07-31T19:19:18.464+03:00  INFO 13663 --- [main] .s.d.r.c.RepositoryConfigurationDelegate : Bootstrapping Spring Data Redis repositories in DEFAULT mode.
2025-07-31T19:19:18.474+03:00  INFO 13663 --- [main] .s.d.r.c.RepositoryConfigurationDelegate : Finished Spring Data repository scanning in 2 ms. Found 0 Redis repository interfaces.
2025-07-31T19:19:18.477+03:00  INFO 13663 --- [main] .s.d.r.c.RepositoryConfigurationDelegate : Multiple Spring Data modules found, entering strict repository configuration mode
2025-07-31T19:19:18.477+03:00  INFO 13663 --- [main] .s.d.r.c.RepositoryConfigurationDelegate : Bootstrapping Spring Data Redis repositories in DEFAULT mode.
2025-07-31T19:19:18.486+03:00  INFO 13663 --- [main] .RepositoryConfigurationExtensionSupport : Spring Data Redis - Could not safely identify store assignment for repository candidate interface ru.yandex.practicum.repository.ItemInOrderRepository; If you want this repository to be a Redis repository, consider annotating your entities with one of these annotations: org.springframework.data.redis.core.RedisHash (preferred), or consider extending one of the following types with your repository: org.springframework.data.keyvalue.repository.KeyValueRepository
2025-07-31T19:19:18.486+03:00  INFO 13663 --- [main] .RepositoryConfigurationExtensionSupport : Spring Data Redis - Could not safely identify store assignment for repository candidate interface ru.yandex.practicum.repository.ItemRepository; If you want this repository to be a Redis repository, consider annotating your entities with one of these annotations: org.springframework.data.redis.core.RedisHash (preferred), or consider extending one of the following types with your repository: org.springframework.data.keyvalue.repository.KeyValueRepository
2025-07-31T19:19:18.487+03:00  INFO 13663 --- [main] .RepositoryConfigurationExtensionSupport : Spring Data Redis - Could not safely identify store assignment for repository candidate interface ru.yandex.practicum.repository.OrderRepository; If you want this repository to be a Redis repository, consider annotating your entities with one of these annotations: org.springframework.data.redis.core.RedisHash (preferred), or consider extending one of the following types with your repository: org.springframework.data.keyvalue.repository.KeyValueRepository
2025-07-31T19:19:18.487+03:00  INFO 13663 --- [main] .s.d.r.c.RepositoryConfigurationDelegate : Finished Spring Data repository scanning in 8 ms. Found 0 Redis repository interfaces.
2025-07-31T19:19:18.576+03:00  INFO 13663 --- [main] .s.d.r.c.RepositoryConfigurationDelegate : Multiple Spring Data modules found, entering strict repository configuration mode
2025-07-31T19:19:18.577+03:00  INFO 13663 --- [main] .s.d.r.c.RepositoryConfigurationDelegate : Bootstrapping Spring Data R2DBC repositories in DEFAULT mode.
2025-07-31T19:19:18.630+03:00  INFO 13663 --- [main] .s.d.r.c.RepositoryConfigurationDelegate : Finished Spring Data repository scanning in 53 ms. Found 3 R2DBC repository interfaces.
2025-07-31T19:19:18.634+03:00  INFO 13663 --- [main] .s.d.r.c.RepositoryConfigurationDelegate : Multiple Spring Data modules found, entering strict repository configuration mode
2025-07-31T19:19:18.634+03:00  INFO 13663 --- [main] .s.d.r.c.RepositoryConfigurationDelegate : Bootstrapping Spring Data Redis repositories in DEFAULT mode.
2025-07-31T19:19:18.636+03:00  INFO 13663 --- [main] .RepositoryConfigurationExtensionSupport : Spring Data Redis - Could not safely identify store assignment for repository candidate interface ru.yandex.practicum.repository.ItemInOrderRepository; If you want this repository to be a Redis repository, consider annotating your entities with one of these annotations: org.springframework.data.redis.core.RedisHash (preferred), or consider extending one of the following types with your repository: org.springframework.data.keyvalue.repository.KeyValueRepository
2025-07-31T19:19:18.637+03:00  INFO 13663 --- [main] .RepositoryConfigurationExtensionSupport : Spring Data Redis - Could not safely identify store assignment for repository candidate interface ru.yandex.practicum.repository.ItemRepository; If you want this repository to be a Redis repository, consider annotating your entities with one of these annotations: org.springframework.data.redis.core.RedisHash (preferred), or consider extending one of the following types with your repository: org.springframework.data.keyvalue.repository.KeyValueRepository
2025-07-31T19:19:18.637+03:00  INFO 13663 --- [main] .RepositoryConfigurationExtensionSupport : Spring Data Redis - Could not safely identify store assignment for repository candidate interface ru.yandex.practicum.repository.OrderRepository; If you want this repository to be a Redis repository, consider annotating your entities with one of these annotations: org.springframework.data.redis.core.RedisHash (preferred), or consider extending one of the following types with your repository: org.springframework.data.keyvalue.repository.KeyValueRepository
2025-07-31T19:19:18.637+03:00  INFO 13663 --- [main] .s.d.r.c.RepositoryConfigurationDelegate : Finished Spring Data repository scanning in 1 ms. Found 0 Redis repository interfaces.
2025-07-31T19:19:19.038+03:00  INFO 13663 --- [main] r.y.p.configuration.WebConfiguration     : Initialize cart
2025-07-31T19:19:20.034+03:00  INFO 13663 --- [main] o.s.b.web.embedded.netty.NettyWebServer  : Netty started on port 8084 (http)
2025-07-31T19:19:20.241+03:00  INFO 13663 --- [main] ru.yandex.practicum.ShopApplication      : Started ShopApplication in 2.207 seconds (process running for 2.464)
2025-07-31T19:19:22.946+03:00  INFO 13663 --- [reactor-http-kqueue-2] r.yandex.practicum.service.ItemService   : Start getPaging: pageNumber=1, pageSize=10
2025-07-31T19:19:23.018+03:00  INFO 13663 --- [reactor-http-kqueue-2] r.yandex.practicum.service.ItemService   : Start getItems: pageNumber=1, pageSize=10, sort=NO, search=
2025-07-31T19:19:23.026+03:00  INFO 13663 --- [reactor-http-kqueue-2] reactor.Mono.MapFuseable.1               : | onSubscribe([Fuseable] FluxMapFuseable.MapFuseableConditionalSubscriber)
2025-07-31T19:19:23.026+03:00  INFO 13663 --- [reactor-http-kqueue-2] reactor.Mono.MapFuseable.1               : | request(unbounded)
2025-07-31T19:19:23.205+03:00  INFO 13663 --- [reactor-tcp-kqueue-1] r.yandex.practicum.service.CartService   : Start getItemCountInCart: itemId=1
2025-07-31T19:19:23.263+03:00  INFO 13663 --- [reactor-tcp-kqueue-1] r.yandex.practicum.service.CartService   : Start getItemCountInCart: itemId=2
2025-07-31T19:19:23.322+03:00  INFO 13663 --- [reactor-tcp-kqueue-1] r.yandex.practicum.service.CartService   : Start getItemCountInCart: itemId=3
2025-07-31T19:19:23.379+03:00  INFO 13663 --- [reactor-tcp-kqueue-1] r.yandex.practicum.service.CartService   : Start getItemCountInCart: itemId=4
2025-07-31T19:19:23.454+03:00  INFO 13663 --- [reactor-tcp-kqueue-1] r.yandex.practicum.service.CartService   : Start getItemCountInCart: itemId=6
2025-07-31T19:19:23.463+03:00  INFO 13663 --- [reactor-tcp-kqueue-1] r.yandex.practicum.service.CartService   : Start getItemCountInCart: itemId=9
2025-07-31T19:19:23.507+03:00  INFO 13663 --- [reactor-tcp-kqueue-1] r.yandex.practicum.service.CartService   : Start getItemCountInCart: itemId=10
2025-07-31T19:19:23.551+03:00  INFO 13663 --- [reactor-tcp-kqueue-1] r.yandex.practicum.service.CartService   : Start getItemCountInCart: itemId=11
2025-07-31T19:19:23.594+03:00  INFO 13663 --- [reactor-tcp-kqueue-1] r.yandex.practicum.service.CartService   : Start getItemCountInCart: itemId=12
2025-07-31T19:19:23.796+03:00  INFO 13663 --- [reactor-tcp-kqueue-1] r.yandex.practicum.service.CartService   : Start getItemCountInCart: itemId=13
2025-07-31T19:19:23.797+03:00  INFO 13663 --- [reactor-tcp-kqueue-1] reactor.Mono.MapFuseable.1               : | onNext([[ItemDto(id=1, title=123, description=123, imagePath=http://localhost:8084/items/image/1, count=0, price=123), ItemDto(id=2, title=wefawef, description=afwef, imagePath=http://localhost:8084/items/image/2, count=0, price=12313), ItemDto(id=3, title=товар1, description=Товар, imagePath=http://localhost:8084/items/image/3, count=0, price=12345), ItemDto(id=4, title=df, description=fads, imagePath=http://localhost:8084/items/image/4, count=0, price=21351524635765), ItemDto(id=6, title=товар новый, description=Товар, imagePath=http://localhost:8084/items/image/6, count=0, price=5)], [ItemDto(id=9, title=test3, description=test3, imagePath=http://localhost:8084/items/image/9, count=0, price=130), ItemDto(id=10, title=test4, description=test4, imagePath=http://localhost:8084/items/image/10, count=0, price=140), ItemDto(id=11, title=test5, description=test5, imagePath=http://localhost:8084/items/image/11, count=0, price=150), ItemDto(id=12, title=test5, description=test5, imagePath=http://localhost:8084/items/image/12, count=0, price=150), ItemDto(id=13, title=test6, description=test6, imagePath=http://localhost:8084/items/image/13, count=0, price=160)]])
2025-07-31T19:19:23.904+03:00  INFO 13663 --- [reactor-tcp-kqueue-1] reactor.Mono.MapFuseable.1               : | onComplete()
2025-07-31T19:19:25.329+03:00  INFO 13663 --- [lettuce-kqueueEventLoop-5-3] r.yandex.practicum.service.ItemService   : Start getItemDtoById: id=1
2025-07-31T19:19:25.330+03:00  INFO 13663 --- [lettuce-kqueueEventLoop-5-3] r.yandex.practicum.service.CartService   : Start getItemCountInCart: itemId=1
2025-07-31T19:19:25.330+03:00  INFO 13663 --- [lettuce-kqueueEventLoop-5-3] reactor.Mono.Just.13                     : | onSubscribe([Synchronous Fuseable] Operators.ScalarSubscription)
2025-07-31T19:19:25.330+03:00  INFO 13663 --- [lettuce-kqueueEventLoop-5-3] reactor.Mono.Just.13                     : | request(unbounded)
2025-07-31T19:19:25.330+03:00  INFO 13663 --- [lettuce-kqueueEventLoop-5-3] reactor.Mono.Just.13                     : | onNext(0)
2025-07-31T19:19:25.330+03:00  INFO 13663 --- [lettuce-kqueueEventLoop-5-3] reactor.Mono.Just.13                     : | onComplete()
2025-07-31T19:19:27.303+03:00  INFO 13663 --- [reactor-http-kqueue-6] r.yandex.practicum.service.ItemService   : Start actionWithItemInCart: itemId=1, action=plus
2025-07-31T19:19:27.304+03:00  INFO 13663 --- [reactor-http-kqueue-6] r.yandex.practicum.service.CartService   : Start getItemsInCart
2025-07-31T19:19:27.305+03:00  INFO 13663 --- [reactor-http-kqueue-6] reactor.Mono.Zip.18                      : onSubscribe([Fuseable] MonoZip.ZipCoordinator)
2025-07-31T19:19:27.305+03:00  INFO 13663 --- [reactor-http-kqueue-6] reactor.Mono.Zip.18                      : request(unbounded)
2025-07-31T19:19:27.305+03:00  INFO 13663 --- [reactor-http-kqueue-6] reactor.Mono.Just.15                     : | onSubscribe([Synchronous Fuseable] Operators.ScalarSubscription)
2025-07-31T19:19:27.305+03:00  INFO 13663 --- [reactor-http-kqueue-6] reactor.Mono.LogFuseable.16              : | onSubscribe([Fuseable] FluxPeekFuseable.PeekFuseableSubscriber)
2025-07-31T19:19:27.305+03:00  INFO 13663 --- [reactor-http-kqueue-6] reactor.Mono.FlatMap.17                  : | onSubscribe([Fuseable] MonoFlatMap.FlatMapMain)
2025-07-31T19:19:27.305+03:00  INFO 13663 --- [reactor-http-kqueue-6] reactor.Mono.FlatMap.17                  : | request(unbounded)
2025-07-31T19:19:27.305+03:00  INFO 13663 --- [reactor-http-kqueue-6] reactor.Mono.LogFuseable.16              : | request(unbounded)
2025-07-31T19:19:27.305+03:00  INFO 13663 --- [reactor-http-kqueue-6] reactor.Mono.Just.15                     : | request(unbounded)
2025-07-31T19:19:27.305+03:00  INFO 13663 --- [reactor-http-kqueue-6] reactor.Mono.Just.15                     : | onNext({})
2025-07-31T19:19:27.306+03:00  INFO 13663 --- [reactor-http-kqueue-6] reactor.Mono.LogFuseable.16              : | onNext({})
2025-07-31T19:19:27.306+03:00  INFO 13663 --- [reactor-http-kqueue-6] r.yandex.practicum.service.ItemService   : Start getItemDtoById: id=1
2025-07-31T19:19:27.306+03:00  INFO 13663 --- [reactor-http-kqueue-6] r.yandex.practicum.service.CartService   : Start getItemCountInCart: itemId=1
2025-07-31T19:19:27.307+03:00  INFO 13663 --- [reactor-http-kqueue-6] reactor.Mono.Just.19                     : | onSubscribe([Synchronous Fuseable] Operators.ScalarSubscription)
2025-07-31T19:19:27.307+03:00  INFO 13663 --- [reactor-http-kqueue-6] reactor.Mono.Just.19                     : | request(unbounded)
2025-07-31T19:19:27.307+03:00  INFO 13663 --- [reactor-http-kqueue-6] reactor.Mono.Just.19                     : | onNext(0)
2025-07-31T19:19:27.307+03:00  INFO 13663 --- [reactor-http-kqueue-6] reactor.Mono.Just.19                     : | onComplete()
2025-07-31T19:19:27.307+03:00  INFO 13663 --- [reactor-http-kqueue-6] reactor.Mono.Just.15                     : | onComplete()
2025-07-31T19:19:27.307+03:00  INFO 13663 --- [reactor-http-kqueue-6] reactor.Mono.LogFuseable.16              : | onComplete()
2025-07-31T19:19:27.307+03:00  INFO 13663 --- [reactor-http-kqueue-6] reactor.Mono.Just.15                     : | onSubscribe([Synchronous Fuseable] Operators.ScalarSubscription)
2025-07-31T19:19:27.320+03:00  INFO 13663 --- [reactor-http-kqueue-6] reactor.Mono.LogFuseable.16              : | onSubscribe([Fuseable] FluxPeekFuseable.PeekFuseableSubscriber)
2025-07-31T19:19:27.321+03:00  INFO 13663 --- [reactor-http-kqueue-6] reactor.Mono.LogFuseable.16              : | request(unbounded)
2025-07-31T19:19:27.321+03:00  INFO 13663 --- [reactor-http-kqueue-6] reactor.Mono.Just.15                     : | request(unbounded)
2025-07-31T19:19:27.321+03:00  INFO 13663 --- [reactor-http-kqueue-6] reactor.Mono.Just.15                     : | onNext({})
2025-07-31T19:19:27.321+03:00  INFO 13663 --- [reactor-http-kqueue-6] reactor.Mono.LogFuseable.16              : | onNext({})
2025-07-31T19:19:27.321+03:00  INFO 13663 --- [reactor-http-kqueue-6] reactor.Mono.Just.15                     : | onComplete()
2025-07-31T19:19:27.321+03:00  INFO 13663 --- [reactor-http-kqueue-6] reactor.Mono.LogFuseable.16              : | onComplete()
2025-07-31T19:19:27.410+03:00  INFO 13663 --- [reactor-tcp-kqueue-8] reactor.Mono.FlatMap.17                  : | onNext(ItemDto(id=1, title=123, description=123, imagePath=http://localhost:8084/items/image/1, count=0, price=123))
2025-07-31T19:19:27.410+03:00  INFO 13663 --- [reactor-tcp-kqueue-8] r.yandex.practicum.service.CartService   : Start refresh: itemsInCart={1=ItemDto(id=1, title=123, description=123, imagePath=http://localhost:8084/items/image/1, count=1, price=123)}, itemInCart=ItemDto(id=1, title=123, description=123, imagePath=http://localhost:8084/items/image/1, count=1, price=123)
2025-07-31T19:19:27.410+03:00  INFO 13663 --- [reactor-tcp-kqueue-8] r.yandex.practicum.service.CartService   : Start getTotalPrice
2025-07-31T19:19:27.411+03:00  INFO 13663 --- [reactor-tcp-kqueue-8] reactor.Mono.Zip.18                      : onNext(ItemDto(id=1, title=123, description=123, imagePath=http://localhost:8084/items/image/1, count=1, price=123))
2025-07-31T19:19:27.412+03:00  INFO 13663 --- [reactor-tcp-kqueue-8] reactor.Mono.Zip.18                      : onComplete()
2025-07-31T19:19:27.412+03:00  INFO 13663 --- [reactor-tcp-kqueue-8] reactor.Mono.FlatMap.17                  : | onComplete()
2025-07-31T19:19:29.164+03:00  INFO 13663 --- [reactor-http-kqueue-6] reactor.Mono.Just.27                     : | onSubscribe([Synchronous Fuseable] Operators.ScalarSubscription)
2025-07-31T19:19:29.165+03:00  INFO 13663 --- [reactor-http-kqueue-6] reactor.Mono.Just.27                     : | request(unbounded)
2025-07-31T19:19:29.165+03:00  INFO 13663 --- [reactor-http-kqueue-6] reactor.Mono.Just.27                     : | onNext(CartDto(items={1=ItemDto(id=1, title=123, description=123, imagePath=http://localhost:8084/items/image/1, count=1, price=123)}, total=0, empty=true, canBuy=false))
2025-07-31T19:19:29.175+03:00  INFO 13663 --- [reactor-http-kqueue-6] reactor.Mono.Just.27                     : | onComplete()
2025-07-31T22:12:00.093+03:00  INFO 13663 --- [SpringApplicationShutdownHook] o.s.b.w.embedded.netty.GracefulShutdown  : Commencing graceful shutdown. Waiting for active requests to complete
2025-07-31T22:12:00.094+03:00  INFO 13663 --- [netty-shutdown] o.s.b.w.embedded.netty.GracefulShutdown  : Graceful shutdown complete
2025-07-31T22:12:04.164+03:00  INFO 14066 --- [main] ru.yandex.practicum.ShopApplication      : Starting ShopApplication using Java 21.0.6 with PID 14066 (/Users/Dixi/dev/online-shop/shop/build/classes/java/main started by Dixi in /Users/Dixi/dev/online-shop)
2025-07-31T22:12:04.165+03:00  INFO 14066 --- [main] ru.yandex.practicum.ShopApplication      : No active profile set, falling back to 1 default profile: "default"
2025-07-31T22:12:04.406+03:00  INFO 14066 --- [main] .s.d.r.c.RepositoryConfigurationDelegate : Multiple Spring Data modules found, entering strict repository configuration mode
2025-07-31T22:12:04.407+03:00  INFO 14066 --- [main] .s.d.r.c.RepositoryConfigurationDelegate : Bootstrapping Spring Data Redis repositories in DEFAULT mode.
2025-07-31T22:12:04.417+03:00  INFO 14066 --- [main] .s.d.r.c.RepositoryConfigurationDelegate : Finished Spring Data repository scanning in 2 ms. Found 0 Redis repository interfaces.
2025-07-31T22:12:04.420+03:00  INFO 14066 --- [main] .s.d.r.c.RepositoryConfigurationDelegate : Multiple Spring Data modules found, entering strict repository configuration mode
2025-07-31T22:12:04.420+03:00  INFO 14066 --- [main] .s.d.r.c.RepositoryConfigurationDelegate : Bootstrapping Spring Data Redis repositories in DEFAULT mode.
2025-07-31T22:12:04.428+03:00  INFO 14066 --- [main] .RepositoryConfigurationExtensionSupport : Spring Data Redis - Could not safely identify store assignment for repository candidate interface ru.yandex.practicum.repository.ItemInOrderRepository; If you want this repository to be a Redis repository, consider annotating your entities with one of these annotations: org.springframework.data.redis.core.RedisHash (preferred), or consider extending one of the following types with your repository: org.springframework.data.keyvalue.repository.KeyValueRepository
2025-07-31T22:12:04.429+03:00  INFO 14066 --- [main] .RepositoryConfigurationExtensionSupport : Spring Data Redis - Could not safely identify store assignment for repository candidate interface ru.yandex.practicum.repository.ItemRepository; If you want this repository to be a Redis repository, consider annotating your entities with one of these annotations: org.springframework.data.redis.core.RedisHash (preferred), or consider extending one of the following types with your repository: org.springframework.data.keyvalue.repository.KeyValueRepository
2025-07-31T22:12:04.429+03:00  INFO 14066 --- [main] .RepositoryConfigurationExtensionSupport : Spring Data Redis - Could not safely identify store assignment for repository candidate interface ru.yandex.practicum.repository.OrderRepository; If you want this repository to be a Redis repository, consider annotating your entities with one of these annotations: org.springframework.data.redis.core.RedisHash (preferred), or consider extending one of the following types with your repository: org.springframework.data.keyvalue.repository.KeyValueRepository
2025-07-31T22:12:04.429+03:00  INFO 14066 --- [main] .s.d.r.c.RepositoryConfigurationDelegate : Finished Spring Data repository scanning in 8 ms. Found 0 Redis repository interfaces.
2025-07-31T22:12:04.520+03:00  INFO 14066 --- [main] .s.d.r.c.RepositoryConfigurationDelegate : Multiple Spring Data modules found, entering strict repository configuration mode
2025-07-31T22:12:04.520+03:00  INFO 14066 --- [main] .s.d.r.c.RepositoryConfigurationDelegate : Bootstrapping Spring Data R2DBC repositories in DEFAULT mode.
2025-07-31T22:12:04.577+03:00  INFO 14066 --- [main] .s.d.r.c.RepositoryConfigurationDelegate : Finished Spring Data repository scanning in 56 ms. Found 3 R2DBC repository interfaces.
2025-07-31T22:12:04.581+03:00  INFO 14066 --- [main] .s.d.r.c.RepositoryConfigurationDelegate : Multiple Spring Data modules found, entering strict repository configuration mode
2025-07-31T22:12:04.582+03:00  INFO 14066 --- [main] .s.d.r.c.RepositoryConfigurationDelegate : Bootstrapping Spring Data Redis repositories in DEFAULT mode.
2025-07-31T22:12:04.584+03:00  INFO 14066 --- [main] .RepositoryConfigurationExtensionSupport : Spring Data Redis - Could not safely identify store assignment for repository candidate interface ru.yandex.practicum.repository.ItemInOrderRepository; If you want this repository to be a Redis repository, consider annotating your entities with one of these annotations: org.springframework.data.redis.core.RedisHash (preferred), or consider extending one of the following types with your repository: org.springframework.data.keyvalue.repository.KeyValueRepository
2025-07-31T22:12:04.584+03:00  INFO 14066 --- [main] .RepositoryConfigurationExtensionSupport : Spring Data Redis - Could not safely identify store assignment for repository candidate interface ru.yandex.practicum.repository.ItemRepository; If you want this repository to be a Redis repository, consider annotating your entities with one of these annotations: org.springframework.data.redis.core.RedisHash (preferred), or consider extending one of the following types with your repository: org.springframework.data.keyvalue.repository.KeyValueRepository
2025-07-31T22:12:04.584+03:00  INFO 14066 --- [main] .RepositoryConfigurationExtensionSupport : Spring Data Redis - Could not safely identify store assignment for repository candidate interface ru.yandex.practicum.repository.OrderRepository; If you want this repository to be a Redis repository, consider annotating your entities with one of these annotations: org.springframework.data.redis.core.RedisHash (preferred), or consider extending one of the following types with your repository: org.springframework.data.keyvalue.repository.KeyValueRepository
2025-07-31T22:12:04.584+03:00  INFO 14066 --- [main] .s.d.r.c.RepositoryConfigurationDelegate : Finished Spring Data repository scanning in 2 ms. Found 0 Redis repository interfaces.
2025-07-31T22:12:04.983+03:00  INFO 14066 --- [main] r.y.p.configuration.WebConfiguration     : Initialize cart
2025-07-31T22:12:05.979+03:00  INFO 14066 --- [main] o.s.b.web.embedded.netty.NettyWebServer  : Netty started on port 8084 (http)
2025-07-31T22:12:06.184+03:00  INFO 14066 --- [main] ru.yandex.practicum.ShopApplication      : Started ShopApplication in 2.203 seconds (process running for 2.481)
2025-07-31T22:12:10.817+03:00  INFO 14066 --- [reactor-http-kqueue-2] r.y.practicum.controller.ShopController  : Start getBalance
2025-07-31T22:12:10.817+03:00  INFO 14066 --- [reactor-http-kqueue-2] r.y.practicum.service.PaymentsService    : Start getBalance
2025-07-31T22:12:10.846+03:00  INFO 14066 --- [reactor-http-kqueue-2] reactor.Mono.FlatMap.1                   : | onSubscribe([Fuseable] MonoFlatMap.FlatMapMain)
2025-07-31T22:12:10.847+03:00  INFO 14066 --- [reactor-http-kqueue-2] reactor.Mono.FlatMap.1                   : | request(unbounded)
2025-07-31T22:12:10.883+03:00 ERROR 14066 --- [reactor-http-kqueue-2] reactor.Mono.FlatMap.1                   : | onError(org.springframework.web.reactive.function.client.WebClientRequestException: finishConnect(..) failed: Connection refused: localhost/127.0.0.1:80)
2025-07-31T22:12:10.883+03:00 ERROR 14066 --- [reactor-http-kqueue-2] reactor.Mono.FlatMap.1                   : 

org.springframework.web.reactive.function.client.WebClientRequestException: finishConnect(..) failed: Connection refused: localhost/127.0.0.1:80
	at org.springframework.web.reactive.function.client.ExchangeFunctions$DefaultExchangeFunction.lambda$wrapException$9(ExchangeFunctions.java:137) ~[spring-webflux-6.2.9.jar:6.2.9]
	Suppressed: reactor.core.publisher.FluxOnAssembly$OnAssemblyException: 
Error has been observed at the following site(s):
	*__checkpoint ⇢ Request to GET http://localhost/api/balance [DefaultWebClient]
Original Stack Trace:
		at org.springframework.web.reactive.function.client.ExchangeFunctions$DefaultExchangeFunction.lambda$wrapException$9(ExchangeFunctions.java:137) ~[spring-webflux-6.2.9.jar:6.2.9]
		at reactor.core.publisher.MonoErrorSupplied.subscribe(MonoErrorSupplied.java:55) ~[reactor-core-3.7.8.jar:3.7.8]
		at reactor.core.publisher.Mono.subscribe(Mono.java:4576) ~[reactor-core-3.7.8.jar:3.7.8]
		at reactor.core.publisher.FluxOnErrorResume$ResumeSubscriber.onError(FluxOnErrorResume.java:103) ~[reactor-core-3.7.8.jar:3.7.8]
		at reactor.core.publisher.FluxPeek$PeekSubscriber.onError(FluxPeek.java:222) ~[reactor-core-3.7.8.jar:3.7.8]
		at reactor.core.publisher.FluxPeek$PeekSubscriber.onError(FluxPeek.java:222) ~[reactor-core-3.7.8.jar:3.7.8]
		at reactor.core.publisher.FluxPeek$PeekSubscriber.onError(FluxPeek.java:222) ~[reactor-core-3.7.8.jar:3.7.8]
		at reactor.core.publisher.MonoNext$NextSubscriber.onError(MonoNext.java:93) ~[reactor-core-3.7.8.jar:3.7.8]
		at reactor.core.publisher.MonoFlatMapMany$FlatMapManyMain.onError(MonoFlatMapMany.java:205) ~[reactor-core-3.7.8.jar:3.7.8]
		at reactor.core.publisher.SerializedSubscriber.onError(SerializedSubscriber.java:124) ~[reactor-core-3.7.8.jar:3.7.8]
		at reactor.core.publisher.FluxRetryWhen$RetryWhenMainSubscriber.whenError(FluxRetryWhen.java:229) ~[reactor-core-3.7.8.jar:3.7.8]
		at reactor.core.publisher.FluxRetryWhen$RetryWhenOtherSubscriber.onError(FluxRetryWhen.java:279) ~[reactor-core-3.7.8.jar:3.7.8]
		at reactor.core.publisher.FluxContextWrite$ContextWriteSubscriber.onError(FluxContextWrite.java:121) ~[reactor-core-3.7.8.jar:3.7.8]
		at reactor.core.publisher.FluxConcatMapNoPrefetch$FluxConcatMapNoPrefetchSubscriber.maybeOnError(FluxConcatMapNoPrefetch.java:327) ~[reactor-core-3.7.8.jar:3.7.8]
		at reactor.core.publisher.FluxConcatMapNoPrefetch$FluxConcatMapNoPrefetchSubscriber.onNext(FluxConcatMapNoPrefetch.java:212) ~[reactor-core-3.7.8.jar:3.7.8]
		at reactor.core.publisher.FluxContextWrite$ContextWriteSubscriber.onNext(FluxContextWrite.java:107) ~[reactor-core-3.7.8.jar:3.7.8]
		at reactor.core.publisher.SinkManyEmitterProcessor.drain(SinkManyEmitterProcessor.java:476) ~[reactor-core-3.7.8.jar:3.7.8]
		at reactor.core.publisher.SinkManyEmitterProcessor$EmitterInner.drainParent(SinkManyEmitterProcessor.java:620) ~[reactor-core-3.7.8.jar:3.7.8]
		at reactor.core.publisher.FluxPublish$PubSubInner.request(FluxPublish.java:874) ~[reactor-core-3.7.8.jar:3.7.8]
		at reactor.core.publisher.FluxContextWrite$ContextWriteSubscriber.request(FluxContextWrite.java:136) ~[reactor-core-3.7.8.jar:3.7.8]
		at reactor.core.publisher.FluxConcatMapNoPrefetch$FluxConcatMapNoPrefetchSubscriber.request(FluxConcatMapNoPrefetch.java:337) ~[reactor-core-3.7.8.jar:3.7.8]
		at reactor.core.publisher.FluxContextWrite$ContextWriteSubscriber.request(FluxContextWrite.java:136) ~[reactor-core-3.7.8.jar:3.7.8]
		at reactor.core.publisher.Operators$DeferredSubscription.request(Operators.java:1742) ~[reactor-core-3.7.8.jar:3.7.8]
		at reactor.core.publisher.FluxRetryWhen$RetryWhenMainSubscriber.onError(FluxRetryWhen.java:196) ~[reactor-core-3.7.8.jar:3.7.8]
		at reactor.core.publisher.MonoCreate$DefaultMonoSink.error(MonoCreate.java:205) ~[reactor-core-3.7.8.jar:3.7.8]
		at reactor.netty.http.client.HttpClientConnect$MonoHttpConnect$ClientTransportSubscriber.onError(HttpClientConnect.java:325) ~[reactor-netty-http-1.2.8.jar:1.2.8]
		at reactor.core.publisher.MonoCreate$DefaultMonoSink.error(MonoCreate.java:205) ~[reactor-core-3.7.8.jar:3.7.8]
		at reactor.netty.resources.DefaultPooledConnectionProvider$DisposableAcquire.onError(DefaultPooledConnectionProvider.java:174) ~[reactor-netty-core-1.2.8.jar:1.2.8]
		at reactor.core.publisher.FluxContextWrite$ContextWriteSubscriber.onError(FluxContextWrite.java:121) ~[reactor-core-3.7.8.jar:3.7.8]
		at reactor.netty.internal.shaded.reactor.pool.AbstractPool$Borrower.fail(AbstractPool.java:479) ~[reactor-netty-core-1.2.8.jar:1.2.8]
		at reactor.netty.internal.shaded.reactor.pool.SimpleDequePool.lambda$drainLoop$9(SimpleDequePool.java:443) ~[reactor-netty-core-1.2.8.jar:1.2.8]
		at reactor.core.publisher.FluxDoOnEach$DoOnEachSubscriber.onError(FluxDoOnEach.java:186) ~[reactor-core-3.7.8.jar:3.7.8]
		at reactor.core.publisher.MonoCreate$DefaultMonoSink.error(MonoCreate.java:205) ~[reactor-core-3.7.8.jar:3.7.8]
		at reactor.netty.resources.DefaultPooledConnectionProvider$PooledConnectionAllocator$PooledConnectionInitializer.onError(DefaultPooledConnectionProvider.java:593) ~[reactor-netty-core-1.2.8.jar:1.2.8]
		at reactor.core.publisher.MonoFlatMap$FlatMapMain.secondError(MonoFlatMap.java:241) ~[reactor-core-3.7.8.jar:3.7.8]
		at reactor.core.publisher.MonoFlatMap$FlatMapInner.onError(MonoFlatMap.java:315) ~[reactor-core-3.7.8.jar:3.7.8]
		at reactor.core.publisher.FluxOnErrorResume$ResumeSubscriber.onError(FluxOnErrorResume.java:106) ~[reactor-core-3.7.8.jar:3.7.8]
		at reactor.core.publisher.Operators.error(Operators.java:198) ~[reactor-core-3.7.8.jar:3.7.8]
		at reactor.core.publisher.MonoError.subscribe(MonoError.java:53) ~[reactor-core-3.7.8.jar:3.7.8]
		at reactor.core.publisher.Mono.subscribe(Mono.java:4576) ~[reactor-core-3.7.8.jar:3.7.8]
		at reactor.core.publisher.FluxOnErrorResume$ResumeSubscriber.onError(FluxOnErrorResume.java:103) ~[reactor-core-3.7.8.jar:3.7.8]
		at reactor.netty.transport.TransportConnector$MonoChannelPromise.tryFailure(TransportConnector.java:600) ~[reactor-netty-core-1.2.8.jar:1.2.8]
		at reactor.netty.transport.TransportConnector$MonoChannelPromise.setFailure(TransportConnector.java:546) ~[reactor-netty-core-1.2.8.jar:1.2.8]
		at reactor.netty.transport.TransportConnector.lambda$doConnect$7(TransportConnector.java:262) ~[reactor-netty-core-1.2.8.jar:1.2.8]
		at io.netty.util.concurrent.DefaultPromise.notifyListener0(DefaultPromise.java:603) ~[netty-common-4.1.123.Final.jar:4.1.123.Final]
		at io.netty.util.concurrent.DefaultPromise.notifyListeners0(DefaultPromise.java:596) ~[netty-common-4.1.123.Final.jar:4.1.123.Final]
		at io.netty.util.concurrent.DefaultPromise.notifyListenersNow(DefaultPromise.java:572) ~[netty-common-4.1.123.Final.jar:4.1.123.Final]
		at io.netty.util.concurrent.DefaultPromise.notifyListeners(DefaultPromise.java:505) ~[netty-common-4.1.123.Final.jar:4.1.123.Final]
		at io.netty.util.concurrent.DefaultPromise.setValue0(DefaultPromise.java:649) ~[netty-common-4.1.123.Final.jar:4.1.123.Final]
		at io.netty.util.concurrent.DefaultPromise.setFailure0(DefaultPromise.java:642) ~[netty-common-4.1.123.Final.jar:4.1.123.Final]
		at io.netty.util.concurrent.DefaultPromise.tryFailure(DefaultPromise.java:131) ~[netty-common-4.1.123.Final.jar:4.1.123.Final]
		at io.netty.channel.kqueue.AbstractKQueueChannel$AbstractKQueueUnsafe.fulfillConnectPromise(AbstractKQueueChannel.java:640) ~[netty-transport-classes-kqueue-4.1.123.Final.jar:4.1.123.Final]
		at io.netty.channel.kqueue.AbstractKQueueChannel$AbstractKQueueUnsafe.finishConnect(AbstractKQueueChannel.java:659) ~[netty-transport-classes-kqueue-4.1.123.Final.jar:4.1.123.Final]
		at io.netty.channel.kqueue.AbstractKQueueChannel$AbstractKQueueUnsafe.shutdownInput(AbstractKQueueChannel.java:458) ~[netty-transport-classes-kqueue-4.1.123.Final.jar:4.1.123.Final]
		at io.netty.channel.kqueue.AbstractKQueueChannel$AbstractKQueueUnsafe.readEOF(AbstractKQueueChannel.java:496) ~[netty-transport-classes-kqueue-4.1.123.Final.jar:4.1.123.Final]
		at io.netty.channel.kqueue.KQueueEventLoop.processReady(KQueueEventLoop.java:276) ~[netty-transport-classes-kqueue-4.1.123.Final.jar:4.1.123.Final]
		at io.netty.channel.kqueue.KQueueEventLoop.run(KQueueEventLoop.java:352) ~[netty-transport-classes-kqueue-4.1.123.Final.jar:4.1.123.Final]
		at io.netty.util.concurrent.SingleThreadEventExecutor$4.run(SingleThreadEventExecutor.java:998) ~[netty-common-4.1.123.Final.jar:4.1.123.Final]
		at io.netty.util.internal.ThreadExecutorMap$2.run(ThreadExecutorMap.java:74) ~[netty-common-4.1.123.Final.jar:4.1.123.Final]
		at io.netty.util.concurrent.FastThreadLocalRunnable.run(FastThreadLocalRunnable.java:30) ~[netty-common-4.1.123.Final.jar:4.1.123.Final]
		at java.base/java.lang.Thread.run(Thread.java:1583) ~[na:na]
Caused by: io.netty.channel.AbstractChannel$AnnotatedConnectException: finishConnect(..) failed: Connection refused: localhost/127.0.0.1:80
Caused by: java.net.ConnectException: finishConnect(..) failed: Connection refused
	at io.netty.channel.unix.Errors.newConnectException0(Errors.java:166) ~[netty-transport-native-unix-common-4.1.123.Final.jar:4.1.123.Final]
	at io.netty.channel.unix.Errors.handleConnectErrno(Errors.java:131) ~[netty-transport-native-unix-common-4.1.123.Final.jar:4.1.123.Final]
	at io.netty.channel.unix.Socket.finishConnect(Socket.java:359) ~[netty-transport-native-unix-common-4.1.123.Final.jar:4.1.123.Final]
	at io.netty.channel.kqueue.AbstractKQueueChannel$AbstractKQueueUnsafe.doFinishConnect(AbstractKQueueChannel.java:673) ~[netty-transport-classes-kqueue-4.1.123.Final.jar:4.1.123.Final]
	at io.netty.channel.kqueue.AbstractKQueueChannel$AbstractKQueueUnsafe.finishConnect(AbstractKQueueChannel.java:653) ~[netty-transport-classes-kqueue-4.1.123.Final.jar:4.1.123.Final]
	at io.netty.channel.kqueue.AbstractKQueueChannel$AbstractKQueueUnsafe.shutdownInput(AbstractKQueueChannel.java:458) ~[netty-transport-classes-kqueue-4.1.123.Final.jar:4.1.123.Final]
	at io.netty.channel.kqueue.AbstractKQueueChannel$AbstractKQueueUnsafe.readEOF(AbstractKQueueChannel.java:496) ~[netty-transport-classes-kqueue-4.1.123.Final.jar:4.1.123.Final]
	at io.netty.channel.kqueue.KQueueEventLoop.processReady(KQueueEventLoop.java:276) ~[netty-transport-classes-kqueue-4.1.123.Final.jar:4.1.123.Final]
	at io.netty.channel.kqueue.KQueueEventLoop.run(KQueueEventLoop.java:352) ~[netty-transport-classes-kqueue-4.1.123.Final.jar:4.1.123.Final]
	at io.netty.util.concurrent.SingleThreadEventExecutor$4.run(SingleThreadEventExecutor.java:998) ~[netty-common-4.1.123.Final.jar:4.1.123.Final]
	at io.netty.util.internal.ThreadExecutorMap$2.run(ThreadExecutorMap.java:74) ~[netty-common-4.1.123.Final.jar:4.1.123.Final]
	at io.netty.util.concurrent.FastThreadLocalRunnable.run(FastThreadLocalRunnable.java:30) ~[netty-common-4.1.123.Final.jar:4.1.123.Final]
	at java.base/java.lang.Thread.run(Thread.java:1583) ~[na:na]

2025-07-31T22:58:46.550+03:00  INFO 14066 --- [reactor-http-kqueue-4] r.yandex.practicum.service.ItemService   : Start getPaging: pageNumber=1, pageSize=10
2025-07-31T22:58:46.637+03:00  INFO 14066 --- [reactor-http-kqueue-4] r.yandex.practicum.service.ItemService   : Start getItems: pageNumber=1, pageSize=10, sort=NO, search=
2025-07-31T22:58:46.649+03:00  INFO 14066 --- [reactor-http-kqueue-4] reactor.Mono.MapFuseable.2               : | onSubscribe([Fuseable] FluxMapFuseable.MapFuseableConditionalSubscriber)
2025-07-31T22:58:46.650+03:00  INFO 14066 --- [reactor-http-kqueue-4] reactor.Mono.MapFuseable.2               : | request(unbounded)
2025-07-31T22:58:46.923+03:00  INFO 14066 --- [reactor-tcp-kqueue-5] r.yandex.practicum.service.CartService   : Start getItemCountInCart: itemId=1
2025-07-31T22:58:46.986+03:00  INFO 14066 --- [reactor-tcp-kqueue-5] r.yandex.practicum.service.CartService   : Start getItemCountInCart: itemId=2
2025-07-31T22:58:47.055+03:00  INFO 14066 --- [reactor-tcp-kqueue-5] r.yandex.practicum.service.CartService   : Start getItemCountInCart: itemId=3
2025-07-31T22:58:47.115+03:00  INFO 14066 --- [reactor-tcp-kqueue-5] r.yandex.practicum.service.CartService   : Start getItemCountInCart: itemId=4
2025-07-31T22:58:47.198+03:00  INFO 14066 --- [reactor-tcp-kqueue-5] r.yandex.practicum.service.CartService   : Start getItemCountInCart: itemId=6
2025-07-31T22:58:47.208+03:00  INFO 14066 --- [reactor-tcp-kqueue-5] r.yandex.practicum.service.CartService   : Start getItemCountInCart: itemId=9
2025-07-31T22:58:47.252+03:00  INFO 14066 --- [reactor-tcp-kqueue-5] r.yandex.practicum.service.CartService   : Start getItemCountInCart: itemId=10
2025-07-31T22:58:47.296+03:00  INFO 14066 --- [reactor-tcp-kqueue-5] r.yandex.practicum.service.CartService   : Start getItemCountInCart: itemId=11
2025-07-31T22:58:47.339+03:00  INFO 14066 --- [reactor-tcp-kqueue-5] r.yandex.practicum.service.CartService   : Start getItemCountInCart: itemId=12
2025-07-31T22:58:47.554+03:00  INFO 14066 --- [reactor-tcp-kqueue-5] r.yandex.practicum.service.CartService   : Start getItemCountInCart: itemId=13
2025-07-31T22:58:47.555+03:00  INFO 14066 --- [reactor-tcp-kqueue-5] reactor.Mono.MapFuseable.2               : | onNext([[ItemDto(id=1, title=123, description=123, imagePath=http://localhost:8084/items/image/1, count=0, price=123), ItemDto(id=2, title=wefawef, description=afwef, imagePath=http://localhost:8084/items/image/2, count=0, price=12313), ItemDto(id=3, title=товар1, description=Товар, imagePath=http://localhost:8084/items/image/3, count=0, price=12345), ItemDto(id=4, title=df, description=fads, imagePath=http://localhost:8084/items/image/4, count=0, price=21351524635765), ItemDto(id=6, title=товар новый, description=Товар, imagePath=http://localhost:8084/items/image/6, count=0, price=5)], [ItemDto(id=9, title=test3, description=test3, imagePath=http://localhost:8084/items/image/9, count=0, price=130), ItemDto(id=10, title=test4, description=test4, imagePath=http://localhost:8084/items/image/10, count=0, price=140), ItemDto(id=11, title=test5, description=test5, imagePath=http://localhost:8084/items/image/11, count=0, price=150), ItemDto(id=12, title=test5, description=test5, imagePath=http://localhost:8084/items/image/12, count=0, price=150), ItemDto(id=13, title=test6, description=test6, imagePath=http://localhost:8084/items/image/13, count=0, price=160)]])
2025-07-31T22:58:47.653+03:00  INFO 14066 --- [reactor-tcp-kqueue-5] reactor.Mono.MapFuseable.2               : | onComplete()
2025-07-31T23:13:22.444+03:00  INFO 14066 --- [SpringApplicationShutdownHook] o.s.b.w.embedded.netty.GracefulShutdown  : Commencing graceful shutdown. Waiting for active requests to complete
2025-07-31T23:13:22.447+03:00  INFO 14066 --- [netty-shutdown] o.s.b.w.embedded.netty.GracefulShutdown  : Graceful shutdown complete
2025-07-31T23:13:26.628+03:00  INFO 14832 --- [main] ru.yandex.practicum.ShopApplication      : Starting ShopApplication using Java 21.0.6 with PID 14832 (/Users/Dixi/dev/online-shop/shop/build/classes/java/main started by Dixi in /Users/Dixi/dev/online-shop)
2025-07-31T23:13:26.629+03:00  INFO 14832 --- [main] ru.yandex.practicum.ShopApplication      : No active profile set, falling back to 1 default profile: "default"
2025-07-31T23:13:26.871+03:00  INFO 14832 --- [main] .s.d.r.c.RepositoryConfigurationDelegate : Multiple Spring Data modules found, entering strict repository configuration mode
2025-07-31T23:13:26.872+03:00  INFO 14832 --- [main] .s.d.r.c.RepositoryConfigurationDelegate : Bootstrapping Spring Data Redis repositories in DEFAULT mode.
2025-07-31T23:13:26.882+03:00  INFO 14832 --- [main] .s.d.r.c.RepositoryConfigurationDelegate : Finished Spring Data repository scanning in 2 ms. Found 0 Redis repository interfaces.
2025-07-31T23:13:26.885+03:00  INFO 14832 --- [main] .s.d.r.c.RepositoryConfigurationDelegate : Multiple Spring Data modules found, entering strict repository configuration mode
2025-07-31T23:13:26.885+03:00  INFO 14832 --- [main] .s.d.r.c.RepositoryConfigurationDelegate : Bootstrapping Spring Data Redis repositories in DEFAULT mode.
2025-07-31T23:13:26.893+03:00  INFO 14832 --- [main] .RepositoryConfigurationExtensionSupport : Spring Data Redis - Could not safely identify store assignment for repository candidate interface ru.yandex.practicum.repository.ItemInOrderRepository; If you want this repository to be a Redis repository, consider annotating your entities with one of these annotations: org.springframework.data.redis.core.RedisHash (preferred), or consider extending one of the following types with your repository: org.springframework.data.keyvalue.repository.KeyValueRepository
2025-07-31T23:13:26.894+03:00  INFO 14832 --- [main] .RepositoryConfigurationExtensionSupport : Spring Data Redis - Could not safely identify store assignment for repository candidate interface ru.yandex.practicum.repository.ItemRepository; If you want this repository to be a Redis repository, consider annotating your entities with one of these annotations: org.springframework.data.redis.core.RedisHash (preferred), or consider extending one of the following types with your repository: org.springframework.data.keyvalue.repository.KeyValueRepository
2025-07-31T23:13:26.894+03:00  INFO 14832 --- [main] .RepositoryConfigurationExtensionSupport : Spring Data Redis - Could not safely identify store assignment for repository candidate interface ru.yandex.practicum.repository.OrderRepository; If you want this repository to be a Redis repository, consider annotating your entities with one of these annotations: org.springframework.data.redis.core.RedisHash (preferred), or consider extending one of the following types with your repository: org.springframework.data.keyvalue.repository.KeyValueRepository
2025-07-31T23:13:26.894+03:00  INFO 14832 --- [main] .s.d.r.c.RepositoryConfigurationDelegate : Finished Spring Data repository scanning in 8 ms. Found 0 Redis repository interfaces.
2025-07-31T23:13:26.986+03:00  INFO 14832 --- [main] .s.d.r.c.RepositoryConfigurationDelegate : Multiple Spring Data modules found, entering strict repository configuration mode
2025-07-31T23:13:26.986+03:00  INFO 14832 --- [main] .s.d.r.c.RepositoryConfigurationDelegate : Bootstrapping Spring Data R2DBC repositories in DEFAULT mode.
2025-07-31T23:13:27.043+03:00  INFO 14832 --- [main] .s.d.r.c.RepositoryConfigurationDelegate : Finished Spring Data repository scanning in 56 ms. Found 3 R2DBC repository interfaces.
2025-07-31T23:13:27.047+03:00  INFO 14832 --- [main] .s.d.r.c.RepositoryConfigurationDelegate : Multiple Spring Data modules found, entering strict repository configuration mode
2025-07-31T23:13:27.047+03:00  INFO 14832 --- [main] .s.d.r.c.RepositoryConfigurationDelegate : Bootstrapping Spring Data Redis repositories in DEFAULT mode.
2025-07-31T23:13:27.049+03:00  INFO 14832 --- [main] .RepositoryConfigurationExtensionSupport : Spring Data Redis - Could not safely identify store assignment for repository candidate interface ru.yandex.practicum.repository.ItemInOrderRepository; If you want this repository to be a Redis repository, consider annotating your entities with one of these annotations: org.springframework.data.redis.core.RedisHash (preferred), or consider extending one of the following types with your repository: org.springframework.data.keyvalue.repository.KeyValueRepository
2025-07-31T23:13:27.049+03:00  INFO 14832 --- [main] .RepositoryConfigurationExtensionSupport : Spring Data Redis - Could not safely identify store assignment for repository candidate interface ru.yandex.practicum.repository.ItemRepository; If you want this repository to be a Redis repository, consider annotating your entities with one of these annotations: org.springframework.data.redis.core.RedisHash (preferred), or consider extending one of the following types with your repository: org.springframework.data.keyvalue.repository.KeyValueRepository
2025-07-31T23:13:27.049+03:00  INFO 14832 --- [main] .RepositoryConfigurationExtensionSupport : Spring Data Redis - Could not safely identify store assignment for repository candidate interface ru.yandex.practicum.repository.OrderRepository; If you want this repository to be a Redis repository, consider annotating your entities with one of these annotations: org.springframework.data.redis.core.RedisHash (preferred), or consider extending one of the following types with your repository: org.springframework.data.keyvalue.repository.KeyValueRepository
2025-07-31T23:13:27.049+03:00  INFO 14832 --- [main] .s.d.r.c.RepositoryConfigurationDelegate : Finished Spring Data repository scanning in 1 ms. Found 0 Redis repository interfaces.
2025-07-31T23:13:27.432+03:00  INFO 14832 --- [main] r.y.p.configuration.WebConfiguration     : Initialize cart
2025-07-31T23:13:28.650+03:00  INFO 14832 --- [main] o.s.b.web.embedded.netty.NettyWebServer  : Netty started on port 8084 (http)
2025-07-31T23:13:28.859+03:00  INFO 14832 --- [main] ru.yandex.practicum.ShopApplication      : Started ShopApplication in 2.428 seconds (process running for 2.718)
2025-07-31T23:13:55.745+03:00  INFO 14832 --- [reactor-http-kqueue-2] r.y.practicum.controller.ShopController  : Start getBalance
2025-07-31T23:13:55.746+03:00  INFO 14832 --- [reactor-http-kqueue-2] r.y.practicum.service.PaymentsService    : Start getBalance
2025-07-31T23:13:55.774+03:00  INFO 14832 --- [reactor-http-kqueue-2] reactor.Mono.FlatMap.1                   : | onSubscribe([Fuseable] MonoFlatMap.FlatMapMain)
2025-07-31T23:13:55.775+03:00  INFO 14832 --- [reactor-http-kqueue-2] reactor.Mono.FlatMap.1                   : | request(unbounded)
2025-07-31T23:13:55.894+03:00 ERROR 14832 --- [reactor-http-kqueue-2] reactor.Mono.FlatMap.1                   : | onError(org.springframework.web.reactive.function.client.WebClientResponseException$MethodNotAllowed: 405 Method Not Allowed from GET http://localhost:8085/api/balance)
2025-07-31T23:13:55.894+03:00 ERROR 14832 --- [reactor-http-kqueue-2] reactor.Mono.FlatMap.1                   : 

org.springframework.web.reactive.function.client.WebClientResponseException$MethodNotAllowed: 405 Method Not Allowed from GET http://localhost:8085/api/balance
	at org.springframework.web.reactive.function.client.WebClientResponseException.create(WebClientResponseException.java:325) ~[spring-webflux-6.2.9.jar:6.2.9]
	Suppressed: reactor.core.publisher.FluxOnAssembly$OnAssemblyException: 
Error has been observed at the following site(s):
	*__checkpoint ⇢ 405 METHOD_NOT_ALLOWED from GET http://localhost:8085/api/balance [DefaultWebClient]
Original Stack Trace:
		at org.springframework.web.reactive.function.client.WebClientResponseException.create(WebClientResponseException.java:325) ~[spring-webflux-6.2.9.jar:6.2.9]
		at org.springframework.web.reactive.function.client.DefaultClientResponse.lambda$createException$1(DefaultClientResponse.java:214) ~[spring-webflux-6.2.9.jar:6.2.9]
		at reactor.core.publisher.FluxMap$MapSubscriber.onNext(FluxMap.java:106) ~[reactor-core-3.7.8.jar:3.7.8]
		at reactor.core.publisher.FluxOnErrorReturn$ReturnSubscriber.onNext(FluxOnErrorReturn.java:162) ~[reactor-core-3.7.8.jar:3.7.8]
		at reactor.core.publisher.FluxDefaultIfEmpty$DefaultIfEmptySubscriber.onNext(FluxDefaultIfEmpty.java:122) ~[reactor-core-3.7.8.jar:3.7.8]
		at reactor.core.publisher.FluxMapFuseable$MapFuseableSubscriber.onNext(FluxMapFuseable.java:129) ~[reactor-core-3.7.8.jar:3.7.8]
		at reactor.core.publisher.FluxContextWrite$ContextWriteSubscriber.onNext(FluxContextWrite.java:107) ~[reactor-core-3.7.8.jar:3.7.8]
		at reactor.core.publisher.FluxMapFuseable$MapFuseableConditionalSubscriber.onNext(FluxMapFuseable.java:299) ~[reactor-core-3.7.8.jar:3.7.8]
		at reactor.core.publisher.FluxFilterFuseable$FilterFuseableConditionalSubscriber.onNext(FluxFilterFuseable.java:337) ~[reactor-core-3.7.8.jar:3.7.8]
		at reactor.core.publisher.Operators$BaseFluxToMonoOperator.completePossiblyEmpty(Operators.java:2096) ~[reactor-core-3.7.8.jar:3.7.8]
		at reactor.core.publisher.MonoCollect$CollectSubscriber.onComplete(MonoCollect.java:145) ~[reactor-core-3.7.8.jar:3.7.8]
		at reactor.core.publisher.FluxMap$MapSubscriber.onComplete(FluxMap.java:144) ~[reactor-core-3.7.8.jar:3.7.8]
		at reactor.core.publisher.FluxPeek$PeekSubscriber.onComplete(FluxPeek.java:260) ~[reactor-core-3.7.8.jar:3.7.8]
		at reactor.core.publisher.FluxMap$MapSubscriber.onComplete(FluxMap.java:144) ~[reactor-core-3.7.8.jar:3.7.8]
		at reactor.netty.channel.FluxReceive.onInboundComplete(FluxReceive.java:413) ~[reactor-netty-core-1.2.8.jar:1.2.8]
		at reactor.netty.channel.ChannelOperations.onInboundComplete(ChannelOperations.java:455) ~[reactor-netty-core-1.2.8.jar:1.2.8]
		at reactor.netty.channel.ChannelOperations.terminate(ChannelOperations.java:509) ~[reactor-netty-core-1.2.8.jar:1.2.8]
		at reactor.netty.http.client.HttpClientOperations.onInboundNext(HttpClientOperations.java:821) ~[reactor-netty-http-1.2.8.jar:1.2.8]
		at reactor.netty.channel.ChannelOperationsHandler.channelRead(ChannelOperationsHandler.java:115) ~[reactor-netty-core-1.2.8.jar:1.2.8]
		at io.netty.channel.AbstractChannelHandlerContext.invokeChannelRead(AbstractChannelHandlerContext.java:444) ~[netty-transport-4.1.123.Final.jar:4.1.123.Final]
		at io.netty.channel.AbstractChannelHandlerContext.invokeChannelRead(AbstractChannelHandlerContext.java:420) ~[netty-transport-4.1.123.Final.jar:4.1.123.Final]
		at io.netty.channel.AbstractChannelHandlerContext.fireChannelRead(AbstractChannelHandlerContext.java:412) ~[netty-transport-4.1.123.Final.jar:4.1.123.Final]
		at io.netty.handler.codec.MessageToMessageDecoder.channelRead(MessageToMessageDecoder.java:107) ~[netty-codec-4.1.123.Final.jar:4.1.123.Final]
		at io.netty.channel.AbstractChannelHandlerContext.invokeChannelRead(AbstractChannelHandlerContext.java:444) ~[netty-transport-4.1.123.Final.jar:4.1.123.Final]
		at io.netty.channel.AbstractChannelHandlerContext.invokeChannelRead(AbstractChannelHandlerContext.java:420) ~[netty-transport-4.1.123.Final.jar:4.1.123.Final]
		at io.netty.channel.AbstractChannelHandlerContext.fireChannelRead(AbstractChannelHandlerContext.java:412) ~[netty-transport-4.1.123.Final.jar:4.1.123.Final]
		at io.netty.channel.CombinedChannelDuplexHandler$DelegatingChannelHandlerContext.fireChannelRead(CombinedChannelDuplexHandler.java:436) ~[netty-transport-4.1.123.Final.jar:4.1.123.Final]
		at io.netty.handler.codec.ByteToMessageDecoder.fireChannelRead(ByteToMessageDecoder.java:346) ~[netty-codec-4.1.123.Final.jar:4.1.123.Final]
		at io.netty.handler.codec.ByteToMessageDecoder.channelRead(ByteToMessageDecoder.java:318) ~[netty-codec-4.1.123.Final.jar:4.1.123.Final]
		at io.netty.channel.CombinedChannelDuplexHandler.channelRead(CombinedChannelDuplexHandler.java:251) ~[netty-transport-4.1.123.Final.jar:4.1.123.Final]
		at io.netty.channel.AbstractChannelHandlerContext.invokeChannelRead(AbstractChannelHandlerContext.java:442) ~[netty-transport-4.1.123.Final.jar:4.1.123.Final]
		at io.netty.channel.AbstractChannelHandlerContext.invokeChannelRead(AbstractChannelHandlerContext.java:420) ~[netty-transport-4.1.123.Final.jar:4.1.123.Final]
		at io.netty.channel.AbstractChannelHandlerContext.fireChannelRead(AbstractChannelHandlerContext.java:412) ~[netty-transport-4.1.123.Final.jar:4.1.123.Final]
		at io.netty.channel.DefaultChannelPipeline$HeadContext.channelRead(DefaultChannelPipeline.java:1357) ~[netty-transport-4.1.123.Final.jar:4.1.123.Final]
		at io.netty.channel.AbstractChannelHandlerContext.invokeChannelRead(AbstractChannelHandlerContext.java:440) ~[netty-transport-4.1.123.Final.jar:4.1.123.Final]
		at io.netty.channel.AbstractChannelHandlerContext.invokeChannelRead(AbstractChannelHandlerContext.java:420) ~[netty-transport-4.1.123.Final.jar:4.1.123.Final]
		at io.netty.channel.DefaultChannelPipeline.fireChannelRead(DefaultChannelPipeline.java:868) ~[netty-transport-4.1.123.Final.jar:4.1.123.Final]
		at io.netty.channel.kqueue.AbstractKQueueStreamChannel$KQueueStreamUnsafe.readReady(AbstractKQueueStreamChannel.java:543) ~[netty-transport-classes-kqueue-4.1.123.Final.jar:4.1.123.Final]
		at io.netty.channel.kqueue.AbstractKQueueChannel$AbstractKQueueUnsafe.readReady(AbstractKQueueChannel.java:390) ~[netty-transport-classes-kqueue-4.1.123.Final.jar:4.1.123.Final]
		at io.netty.channel.kqueue.KQueueEventLoop.processReady(KQueueEventLoop.java:274) ~[netty-transport-classes-kqueue-4.1.123.Final.jar:4.1.123.Final]
		at io.netty.channel.kqueue.KQueueEventLoop.run(KQueueEventLoop.java:352) ~[netty-transport-classes-kqueue-4.1.123.Final.jar:4.1.123.Final]
		at io.netty.util.concurrent.SingleThreadEventExecutor$4.run(SingleThreadEventExecutor.java:998) ~[netty-common-4.1.123.Final.jar:4.1.123.Final]
		at io.netty.util.internal.ThreadExecutorMap$2.run(ThreadExecutorMap.java:74) ~[netty-common-4.1.123.Final.jar:4.1.123.Final]
		at io.netty.util.concurrent.FastThreadLocalRunnable.run(FastThreadLocalRunnable.java:30) ~[netty-common-4.1.123.Final.jar:4.1.123.Final]
		at java.base/java.lang.Thread.run(Thread.java:1583) ~[na:na]

2025-07-31T23:16:44.697+03:00  INFO 14832 --- [reactor-http-kqueue-2] r.y.practicum.controller.ShopController  : Start getBalance
2025-07-31T23:16:44.698+03:00  INFO 14832 --- [reactor-http-kqueue-2] r.y.practicum.service.PaymentsService    : Start getBalance
2025-07-31T23:16:44.701+03:00  INFO 14832 --- [reactor-http-kqueue-2] reactor.Mono.FlatMap.2                   : | onSubscribe([Fuseable] MonoFlatMap.FlatMapMain)
2025-07-31T23:16:44.702+03:00  INFO 14832 --- [reactor-http-kqueue-2] reactor.Mono.FlatMap.2                   : | request(unbounded)
2025-07-31T23:16:44.778+03:00  INFO 14832 --- [reactor-http-kqueue-2] reactor.Mono.FlatMap.2                   : | onNext(930.3599022674274)
2025-07-31T23:16:44.778+03:00  INFO 14832 --- [reactor-http-kqueue-2] reactor.Mono.FlatMap.2                   : | onComplete()
2025-07-31T23:20:13.328+03:00  INFO 14832 --- [reactor-http-kqueue-2] r.y.practicum.controller.ShopController  : Start getBalance
2025-07-31T23:20:13.329+03:00  INFO 14832 --- [reactor-http-kqueue-2] r.y.practicum.service.PaymentsService    : Start getBalance
2025-07-31T23:20:13.331+03:00  INFO 14832 --- [reactor-http-kqueue-2] reactor.Mono.FlatMap.3                   : | onSubscribe([Fuseable] MonoFlatMap.FlatMapMain)
2025-07-31T23:20:13.331+03:00  INFO 14832 --- [reactor-http-kqueue-2] reactor.Mono.FlatMap.3                   : | request(unbounded)
2025-07-31T23:20:13.338+03:00  INFO 14832 --- [reactor-http-kqueue-2] reactor.Mono.FlatMap.3                   : | onNext(930.3599022674274)
2025-07-31T23:20:13.339+03:00  INFO 14832 --- [reactor-http-kqueue-2] reactor.Mono.FlatMap.3                   : | onComplete()
2025-07-31T23:20:20.530+03:00  INFO 14832 --- [reactor-http-kqueue-2] r.y.practicum.controller.ShopController  : Start getBalance
2025-07-31T23:20:20.531+03:00  INFO 14832 --- [reactor-http-kqueue-2] r.y.practicum.service.PaymentsService    : Start getBalance
2025-07-31T23:20:20.534+03:00  INFO 14832 --- [reactor-http-kqueue-2] reactor.Mono.FlatMap.4                   : | onSubscribe([Fuseable] MonoFlatMap.FlatMapMain)
2025-07-31T23:20:20.535+03:00  INFO 14832 --- [reactor-http-kqueue-2] reactor.Mono.FlatMap.4                   : | request(unbounded)
2025-07-31T23:20:20.541+03:00  INFO 14832 --- [reactor-http-kqueue-2] reactor.Mono.FlatMap.4                   : | onNext(930.3599022674274)
2025-07-31T23:20:20.542+03:00  INFO 14832 --- [reactor-http-kqueue-2] reactor.Mono.FlatMap.4                   : | onComplete()
2025-07-31T23:20:31.131+03:00  INFO 14832 --- [reactor-http-kqueue-2] reactor.Mono.Just.5                      : | onSubscribe([Synchronous Fuseable] Operators.ScalarSubscription)
2025-07-31T23:20:31.131+03:00  INFO 14832 --- [reactor-http-kqueue-2] reactor.Mono.Just.5                      : | request(unbounded)
2025-07-31T23:20:31.132+03:00  INFO 14832 --- [reactor-http-kqueue-2] reactor.Mono.Just.5                      : | onNext(CartDto(items={}, total=0, empty=true, canBuy=false))
2025-07-31T23:20:31.202+03:00  INFO 14832 --- [reactor-http-kqueue-2] reactor.Mono.Just.5                      : | onComplete()
2025-07-31T23:20:33.827+03:00  INFO 14832 --- [reactor-http-kqueue-2] r.yandex.practicum.service.ItemService   : Start getPaging: pageNumber=1, pageSize=10
2025-07-31T23:20:33.859+03:00  INFO 14832 --- [reactor-http-kqueue-2] r.yandex.practicum.service.ItemService   : Start getItems: pageNumber=1, pageSize=10, sort=NO, search=
2025-07-31T23:20:33.867+03:00  INFO 14832 --- [reactor-http-kqueue-2] reactor.Mono.MapFuseable.7               : | onSubscribe([Fuseable] FluxMapFuseable.MapFuseableConditionalSubscriber)
2025-07-31T23:20:33.867+03:00  INFO 14832 --- [reactor-http-kqueue-2] reactor.Mono.MapFuseable.7               : | request(unbounded)
2025-07-31T23:20:34.057+03:00  INFO 14832 --- [reactor-tcp-kqueue-3] r.yandex.practicum.service.CartService   : Start getItemCountInCart: itemId=1
2025-07-31T23:20:34.116+03:00  INFO 14832 --- [reactor-tcp-kqueue-3] r.yandex.practicum.service.CartService   : Start getItemCountInCart: itemId=2
2025-07-31T23:20:34.171+03:00  INFO 14832 --- [reactor-tcp-kqueue-3] r.yandex.practicum.service.CartService   : Start getItemCountInCart: itemId=3
2025-07-31T23:20:34.233+03:00  INFO 14832 --- [reactor-tcp-kqueue-3] r.yandex.practicum.service.CartService   : Start getItemCountInCart: itemId=4
2025-07-31T23:20:34.310+03:00  INFO 14832 --- [reactor-tcp-kqueue-3] r.yandex.practicum.service.CartService   : Start getItemCountInCart: itemId=6
2025-07-31T23:20:34.317+03:00  INFO 14832 --- [reactor-tcp-kqueue-3] r.yandex.practicum.service.CartService   : Start getItemCountInCart: itemId=9
2025-07-31T23:20:34.363+03:00  INFO 14832 --- [reactor-tcp-kqueue-3] r.yandex.practicum.service.CartService   : Start getItemCountInCart: itemId=10
2025-07-31T23:20:34.415+03:00  INFO 14832 --- [reactor-tcp-kqueue-3] r.yandex.practicum.service.CartService   : Start getItemCountInCart: itemId=11
2025-07-31T23:20:34.459+03:00  INFO 14832 --- [reactor-tcp-kqueue-3] r.yandex.practicum.service.CartService   : Start getItemCountInCart: itemId=12
2025-07-31T23:20:34.677+03:00  INFO 14832 --- [reactor-tcp-kqueue-3] r.yandex.practicum.service.CartService   : Start getItemCountInCart: itemId=13
2025-07-31T23:20:34.677+03:00  INFO 14832 --- [reactor-tcp-kqueue-3] reactor.Mono.MapFuseable.7               : | onNext([[ItemDto(id=1, title=123, description=123, imagePath=http://localhost:8084/items/image/1, count=0, price=123), ItemDto(id=2, title=wefawef, description=afwef, imagePath=http://localhost:8084/items/image/2, count=0, price=12313), ItemDto(id=3, title=товар1, description=Товар, imagePath=http://localhost:8084/items/image/3, count=0, price=12345), ItemDto(id=4, title=df, description=fads, imagePath=http://localhost:8084/items/image/4, count=0, price=21351524635765), ItemDto(id=6, title=товар новый, description=Товар, imagePath=http://localhost:8084/items/image/6, count=0, price=5)], [ItemDto(id=9, title=test3, description=test3, imagePath=http://localhost:8084/items/image/9, count=0, price=130), ItemDto(id=10, title=test4, description=test4, imagePath=http://localhost:8084/items/image/10, count=0, price=140), ItemDto(id=11, title=test5, description=test5, imagePath=http://localhost:8084/items/image/11, count=0, price=150), ItemDto(id=12, title=test5, description=test5, imagePath=http://localhost:8084/items/image/12, count=0, price=150), ItemDto(id=13, title=test6, description=test6, imagePath=http://localhost:8084/items/image/13, count=0, price=160)]])
2025-07-31T23:20:34.712+03:00  INFO 14832 --- [reactor-tcp-kqueue-3] reactor.Mono.MapFuseable.7               : | onComplete()
2025-07-31T23:20:36.340+03:00  INFO 14832 --- [reactor-http-kqueue-1] r.yandex.practicum.service.ItemService   : Start getItemDtoById: id=1
2025-07-31T23:20:36.342+03:00  INFO 14832 --- [reactor-http-kqueue-1] r.yandex.practicum.service.CartService   : Start getItemCountInCart: itemId=1
2025-07-31T23:20:36.342+03:00  INFO 14832 --- [reactor-http-kqueue-1] reactor.Mono.Just.19                     : | onSubscribe([Synchronous Fuseable] Operators.ScalarSubscription)
2025-07-31T23:20:36.342+03:00  INFO 14832 --- [reactor-http-kqueue-1] reactor.Mono.Just.19                     : | request(unbounded)
2025-07-31T23:20:36.342+03:00  INFO 14832 --- [reactor-http-kqueue-1] reactor.Mono.Just.19                     : | onNext(0)
2025-07-31T23:20:36.342+03:00  INFO 14832 --- [reactor-http-kqueue-1] reactor.Mono.Just.19                     : | onComplete()
2025-07-31T23:20:37.981+03:00  INFO 14832 --- [reactor-http-kqueue-1] r.yandex.practicum.service.ItemService   : Start actionWithItemInCart: itemId=1, action=plus
2025-07-31T23:20:37.982+03:00  INFO 14832 --- [reactor-http-kqueue-1] r.yandex.practicum.service.CartService   : Start getItemsInCart
2025-07-31T23:20:37.983+03:00  INFO 14832 --- [reactor-http-kqueue-1] reactor.Mono.Zip.24                      : onSubscribe([Fuseable] MonoZip.ZipCoordinator)
2025-07-31T23:20:37.983+03:00  INFO 14832 --- [reactor-http-kqueue-1] reactor.Mono.Zip.24                      : request(unbounded)
2025-07-31T23:20:37.983+03:00  INFO 14832 --- [reactor-http-kqueue-1] reactor.Mono.Just.21                     : | onSubscribe([Synchronous Fuseable] Operators.ScalarSubscription)
2025-07-31T23:20:37.983+03:00  INFO 14832 --- [reactor-http-kqueue-1] reactor.Mono.LogFuseable.22              : | onSubscribe([Fuseable] FluxPeekFuseable.PeekFuseableSubscriber)
2025-07-31T23:20:37.983+03:00  INFO 14832 --- [reactor-http-kqueue-1] reactor.Mono.FlatMap.23                  : | onSubscribe([Fuseable] MonoFlatMap.FlatMapMain)
2025-07-31T23:20:37.984+03:00  INFO 14832 --- [reactor-http-kqueue-1] reactor.Mono.FlatMap.23                  : | request(unbounded)
2025-07-31T23:20:37.984+03:00  INFO 14832 --- [reactor-http-kqueue-1] reactor.Mono.LogFuseable.22              : | request(unbounded)
2025-07-31T23:20:37.984+03:00  INFO 14832 --- [reactor-http-kqueue-1] reactor.Mono.Just.21                     : | request(unbounded)
2025-07-31T23:20:37.984+03:00  INFO 14832 --- [reactor-http-kqueue-1] reactor.Mono.Just.21                     : | onNext({})
2025-07-31T23:20:37.984+03:00  INFO 14832 --- [reactor-http-kqueue-1] reactor.Mono.LogFuseable.22              : | onNext({})
2025-07-31T23:20:37.984+03:00  INFO 14832 --- [reactor-http-kqueue-1] r.yandex.practicum.service.ItemService   : Start getItemDtoById: id=1
2025-07-31T23:20:37.985+03:00  INFO 14832 --- [reactor-http-kqueue-1] r.yandex.practicum.service.CartService   : Start getItemCountInCart: itemId=1
2025-07-31T23:20:37.985+03:00  INFO 14832 --- [reactor-http-kqueue-1] reactor.Mono.Just.25                     : | onSubscribe([Synchronous Fuseable] Operators.ScalarSubscription)
2025-07-31T23:20:37.985+03:00  INFO 14832 --- [reactor-http-kqueue-1] reactor.Mono.Just.25                     : | request(unbounded)
2025-07-31T23:20:37.985+03:00  INFO 14832 --- [reactor-http-kqueue-1] reactor.Mono.Just.25                     : | onNext(0)
2025-07-31T23:20:37.985+03:00  INFO 14832 --- [reactor-http-kqueue-1] reactor.Mono.Just.25                     : | onComplete()
2025-07-31T23:20:37.985+03:00  INFO 14832 --- [reactor-http-kqueue-1] reactor.Mono.Just.21                     : | onComplete()
2025-07-31T23:20:37.986+03:00  INFO 14832 --- [reactor-http-kqueue-1] reactor.Mono.LogFuseable.22              : | onComplete()
2025-07-31T23:20:37.986+03:00  INFO 14832 --- [reactor-http-kqueue-1] reactor.Mono.Just.21                     : | onSubscribe([Synchronous Fuseable] Operators.ScalarSubscription)
2025-07-31T23:20:37.986+03:00  INFO 14832 --- [reactor-http-kqueue-1] reactor.Mono.LogFuseable.22              : | onSubscribe([Fuseable] FluxPeekFuseable.PeekFuseableSubscriber)
2025-07-31T23:20:37.986+03:00  INFO 14832 --- [reactor-http-kqueue-1] reactor.Mono.LogFuseable.22              : | request(unbounded)
2025-07-31T23:20:37.986+03:00  INFO 14832 --- [reactor-http-kqueue-1] reactor.Mono.Just.21                     : | request(unbounded)
2025-07-31T23:20:37.986+03:00  INFO 14832 --- [reactor-http-kqueue-1] reactor.Mono.Just.21                     : | onNext({})
2025-07-31T23:20:37.986+03:00  INFO 14832 --- [reactor-http-kqueue-1] reactor.Mono.LogFuseable.22              : | onNext({})
2025-07-31T23:20:37.986+03:00  INFO 14832 --- [reactor-http-kqueue-1] reactor.Mono.Just.21                     : | onComplete()
2025-07-31T23:20:37.986+03:00  INFO 14832 --- [reactor-http-kqueue-1] reactor.Mono.LogFuseable.22              : | onComplete()
2025-07-31T23:20:38.081+03:00  INFO 14832 --- [reactor-tcp-kqueue-5] reactor.Mono.FlatMap.23                  : | onNext(ItemDto(id=1, title=123, description=123, imagePath=http://localhost:8084/items/image/1, count=0, price=123))
2025-07-31T23:20:38.081+03:00  INFO 14832 --- [reactor-tcp-kqueue-5] r.yandex.practicum.service.CartService   : Start refresh: itemsInCart={1=ItemDto(id=1, title=123, description=123, imagePath=http://localhost:8084/items/image/1, count=1, price=123)}, itemInCart=ItemDto(id=1, title=123, description=123, imagePath=http://localhost:8084/items/image/1, count=1, price=123)
2025-07-31T23:20:38.081+03:00  INFO 14832 --- [reactor-tcp-kqueue-5] r.yandex.practicum.service.CartService   : Start getTotalPrice
2025-07-31T23:20:38.081+03:00  INFO 14832 --- [reactor-tcp-kqueue-5] reactor.Mono.Zip.24                      : onNext(ItemDto(id=1, title=123, description=123, imagePath=http://localhost:8084/items/image/1, count=1, price=123))
2025-07-31T23:20:38.083+03:00  INFO 14832 --- [reactor-tcp-kqueue-5] reactor.Mono.Zip.24                      : onComplete()
2025-07-31T23:20:38.083+03:00  INFO 14832 --- [reactor-tcp-kqueue-5] reactor.Mono.FlatMap.23                  : | onComplete()
2025-07-31T23:20:40.513+03:00  INFO 14832 --- [reactor-http-kqueue-1] r.yandex.practicum.service.ItemService   : Start actionWithItemInCart: itemId=1, action=plus
2025-07-31T23:20:40.513+03:00  INFO 14832 --- [reactor-http-kqueue-1] r.yandex.practicum.service.CartService   : Start getItemsInCart
2025-07-31T23:20:40.514+03:00  INFO 14832 --- [reactor-http-kqueue-1] reactor.Mono.Zip.36                      : onSubscribe([Fuseable] MonoZip.ZipCoordinator)
2025-07-31T23:20:40.514+03:00  INFO 14832 --- [reactor-http-kqueue-1] reactor.Mono.Zip.36                      : request(unbounded)
2025-07-31T23:20:40.514+03:00  INFO 14832 --- [reactor-http-kqueue-1] reactor.Mono.Just.33                     : | onSubscribe([Synchronous Fuseable] Operators.ScalarSubscription)
2025-07-31T23:20:40.515+03:00  INFO 14832 --- [reactor-http-kqueue-1] reactor.Mono.LogFuseable.34              : | onSubscribe([Fuseable] FluxPeekFuseable.PeekFuseableSubscriber)
2025-07-31T23:20:40.515+03:00  INFO 14832 --- [reactor-http-kqueue-1] reactor.Mono.FlatMap.35                  : | onSubscribe([Fuseable] MonoFlatMap.FlatMapMain)
2025-07-31T23:20:40.515+03:00  INFO 14832 --- [reactor-http-kqueue-1] reactor.Mono.FlatMap.35                  : | request(unbounded)
2025-07-31T23:20:40.515+03:00  INFO 14832 --- [reactor-http-kqueue-1] reactor.Mono.LogFuseable.34              : | request(unbounded)
2025-07-31T23:20:40.515+03:00  INFO 14832 --- [reactor-http-kqueue-1] reactor.Mono.Just.33                     : | request(unbounded)
2025-07-31T23:20:40.515+03:00  INFO 14832 --- [reactor-http-kqueue-1] reactor.Mono.Just.33                     : | onNext({1=ItemDto(id=1, title=123, description=123, imagePath=http://localhost:8084/items/image/1, count=1, price=123)})
2025-07-31T23:20:40.515+03:00  INFO 14832 --- [reactor-http-kqueue-1] reactor.Mono.LogFuseable.34              : | onNext({1=ItemDto(id=1, title=123, description=123, imagePath=http://localhost:8084/items/image/1, count=1, price=123)})
2025-07-31T23:20:40.516+03:00  INFO 14832 --- [reactor-http-kqueue-1] reactor.Mono.FlatMap.35                  : | onNext(ItemDto(id=1, title=123, description=123, imagePath=http://localhost:8084/items/image/1, count=1, price=123))
2025-07-31T23:20:40.516+03:00  INFO 14832 --- [reactor-http-kqueue-1] reactor.Mono.FlatMap.35                  : | onComplete()
2025-07-31T23:20:40.516+03:00  INFO 14832 --- [reactor-http-kqueue-1] reactor.Mono.Just.33                     : | onComplete()
2025-07-31T23:20:40.516+03:00  INFO 14832 --- [reactor-http-kqueue-1] reactor.Mono.LogFuseable.34              : | onComplete()
2025-07-31T23:20:40.516+03:00  INFO 14832 --- [reactor-http-kqueue-1] reactor.Mono.Just.33                     : | onSubscribe([Synchronous Fuseable] Operators.ScalarSubscription)
2025-07-31T23:20:40.516+03:00  INFO 14832 --- [reactor-http-kqueue-1] reactor.Mono.LogFuseable.34              : | onSubscribe([Fuseable] FluxPeekFuseable.PeekFuseableSubscriber)
2025-07-31T23:20:40.516+03:00  INFO 14832 --- [reactor-http-kqueue-1] reactor.Mono.LogFuseable.34              : | request(unbounded)
2025-07-31T23:20:40.516+03:00  INFO 14832 --- [reactor-http-kqueue-1] reactor.Mono.Just.33                     : | request(unbounded)
2025-07-31T23:20:40.517+03:00  INFO 14832 --- [reactor-http-kqueue-1] reactor.Mono.Just.33                     : | onNext({1=ItemDto(id=1, title=123, description=123, imagePath=http://localhost:8084/items/image/1, count=1, price=123)})
2025-07-31T23:20:40.517+03:00  INFO 14832 --- [reactor-http-kqueue-1] reactor.Mono.LogFuseable.34              : | onNext({1=ItemDto(id=1, title=123, description=123, imagePath=http://localhost:8084/items/image/1, count=1, price=123)})
2025-07-31T23:20:40.517+03:00  INFO 14832 --- [reactor-http-kqueue-1] r.yandex.practicum.service.CartService   : Start refresh: itemsInCart={1=ItemDto(id=1, title=123, description=123, imagePath=http://localhost:8084/items/image/1, count=2, price=123)}, itemInCart=ItemDto(id=1, title=123, description=123, imagePath=http://localhost:8084/items/image/1, count=2, price=123)
2025-07-31T23:20:40.517+03:00  INFO 14832 --- [reactor-http-kqueue-1] r.yandex.practicum.service.CartService   : Start getTotalPrice
2025-07-31T23:20:40.518+03:00  INFO 14832 --- [reactor-http-kqueue-1] reactor.Mono.Zip.36                      : onNext(ItemDto(id=1, title=123, description=123, imagePath=http://localhost:8084/items/image/1, count=2, price=123))
2025-07-31T23:20:40.521+03:00  INFO 14832 --- [reactor-http-kqueue-1] reactor.Mono.Zip.36                      : onComplete()
2025-07-31T23:20:40.521+03:00  INFO 14832 --- [reactor-http-kqueue-1] reactor.Mono.Just.33                     : | onComplete()
2025-07-31T23:20:40.521+03:00  INFO 14832 --- [reactor-http-kqueue-1] reactor.Mono.LogFuseable.34              : | onComplete()
2025-07-31T23:20:43.017+03:00  INFO 14832 --- [reactor-http-kqueue-1] reactor.Mono.Just.44                     : | onSubscribe([Synchronous Fuseable] Operators.ScalarSubscription)
2025-07-31T23:20:43.018+03:00  INFO 14832 --- [reactor-http-kqueue-1] reactor.Mono.Just.44                     : | request(unbounded)
2025-07-31T23:20:43.018+03:00  INFO 14832 --- [reactor-http-kqueue-1] reactor.Mono.Just.44                     : | onNext(CartDto(items={1=ItemDto(id=1, title=123, description=123, imagePath=http://localhost:8084/items/image/1, count=2, price=123)}, total=0, empty=true, canBuy=false))
2025-07-31T23:20:43.023+03:00  INFO 14832 --- [reactor-http-kqueue-1] reactor.Mono.Just.44                     : | onComplete()
2025-07-31T23:22:07.818+03:00  INFO 14832 --- [SpringApplicationShutdownHook] o.s.b.w.embedded.netty.GracefulShutdown  : Commencing graceful shutdown. Waiting for active requests to complete
2025-07-31T23:22:07.819+03:00  INFO 14832 --- [netty-shutdown] o.s.b.w.embedded.netty.GracefulShutdown  : Graceful shutdown complete
2025-07-31T23:22:11.801+03:00  INFO 14961 --- [main] ru.yandex.practicum.ShopApplication      : Starting ShopApplication using Java 21.0.6 with PID 14961 (/Users/Dixi/dev/online-shop/shop/build/classes/java/main started by Dixi in /Users/Dixi/dev/online-shop)
2025-07-31T23:22:11.802+03:00  INFO 14961 --- [main] ru.yandex.practicum.ShopApplication      : No active profile set, falling back to 1 default profile: "default"
2025-07-31T23:22:12.038+03:00  INFO 14961 --- [main] .s.d.r.c.RepositoryConfigurationDelegate : Multiple Spring Data modules found, entering strict repository configuration mode
2025-07-31T23:22:12.038+03:00  INFO 14961 --- [main] .s.d.r.c.RepositoryConfigurationDelegate : Bootstrapping Spring Data Redis repositories in DEFAULT mode.
2025-07-31T23:22:12.049+03:00  INFO 14961 --- [main] .s.d.r.c.RepositoryConfigurationDelegate : Finished Spring Data repository scanning in 2 ms. Found 0 Redis repository interfaces.
2025-07-31T23:22:12.052+03:00  INFO 14961 --- [main] .s.d.r.c.RepositoryConfigurationDelegate : Multiple Spring Data modules found, entering strict repository configuration mode
2025-07-31T23:22:12.052+03:00  INFO 14961 --- [main] .s.d.r.c.RepositoryConfigurationDelegate : Bootstrapping Spring Data Redis repositories in DEFAULT mode.
2025-07-31T23:22:12.060+03:00  INFO 14961 --- [main] .RepositoryConfigurationExtensionSupport : Spring Data Redis - Could not safely identify store assignment for repository candidate interface ru.yandex.practicum.repository.ItemInOrderRepository; If you want this repository to be a Redis repository, consider annotating your entities with one of these annotations: org.springframework.data.redis.core.RedisHash (preferred), or consider extending one of the following types with your repository: org.springframework.data.keyvalue.repository.KeyValueRepository
2025-07-31T23:22:12.060+03:00  INFO 14961 --- [main] .RepositoryConfigurationExtensionSupport : Spring Data Redis - Could not safely identify store assignment for repository candidate interface ru.yandex.practicum.repository.ItemRepository; If you want this repository to be a Redis repository, consider annotating your entities with one of these annotations: org.springframework.data.redis.core.RedisHash (preferred), or consider extending one of the following types with your repository: org.springframework.data.keyvalue.repository.KeyValueRepository
2025-07-31T23:22:12.061+03:00  INFO 14961 --- [main] .RepositoryConfigurationExtensionSupport : Spring Data Redis - Could not safely identify store assignment for repository candidate interface ru.yandex.practicum.repository.OrderRepository; If you want this repository to be a Redis repository, consider annotating your entities with one of these annotations: org.springframework.data.redis.core.RedisHash (preferred), or consider extending one of the following types with your repository: org.springframework.data.keyvalue.repository.KeyValueRepository
2025-07-31T23:22:12.061+03:00  INFO 14961 --- [main] .s.d.r.c.RepositoryConfigurationDelegate : Finished Spring Data repository scanning in 8 ms. Found 0 Redis repository interfaces.
2025-07-31T23:22:12.151+03:00  INFO 14961 --- [main] .s.d.r.c.RepositoryConfigurationDelegate : Multiple Spring Data modules found, entering strict repository configuration mode
2025-07-31T23:22:12.151+03:00  INFO 14961 --- [main] .s.d.r.c.RepositoryConfigurationDelegate : Bootstrapping Spring Data R2DBC repositories in DEFAULT mode.
2025-07-31T23:22:12.205+03:00  INFO 14961 --- [main] .s.d.r.c.RepositoryConfigurationDelegate : Finished Spring Data repository scanning in 52 ms. Found 3 R2DBC repository interfaces.
2025-07-31T23:22:12.208+03:00  INFO 14961 --- [main] .s.d.r.c.RepositoryConfigurationDelegate : Multiple Spring Data modules found, entering strict repository configuration mode
2025-07-31T23:22:12.209+03:00  INFO 14961 --- [main] .s.d.r.c.RepositoryConfigurationDelegate : Bootstrapping Spring Data Redis repositories in DEFAULT mode.
2025-07-31T23:22:12.211+03:00  INFO 14961 --- [main] .RepositoryConfigurationExtensionSupport : Spring Data Redis - Could not safely identify store assignment for repository candidate interface ru.yandex.practicum.repository.ItemInOrderRepository; If you want this repository to be a Redis repository, consider annotating your entities with one of these annotations: org.springframework.data.redis.core.RedisHash (preferred), or consider extending one of the following types with your repository: org.springframework.data.keyvalue.repository.KeyValueRepository
2025-07-31T23:22:12.211+03:00  INFO 14961 --- [main] .RepositoryConfigurationExtensionSupport : Spring Data Redis - Could not safely identify store assignment for repository candidate interface ru.yandex.practicum.repository.ItemRepository; If you want this repository to be a Redis repository, consider annotating your entities with one of these annotations: org.springframework.data.redis.core.RedisHash (preferred), or consider extending one of the following types with your repository: org.springframework.data.keyvalue.repository.KeyValueRepository
2025-07-31T23:22:12.211+03:00  INFO 14961 --- [main] .RepositoryConfigurationExtensionSupport : Spring Data Redis - Could not safely identify store assignment for repository candidate interface ru.yandex.practicum.repository.OrderRepository; If you want this repository to be a Redis repository, consider annotating your entities with one of these annotations: org.springframework.data.redis.core.RedisHash (preferred), or consider extending one of the following types with your repository: org.springframework.data.keyvalue.repository.KeyValueRepository
2025-07-31T23:22:12.211+03:00  INFO 14961 --- [main] .s.d.r.c.RepositoryConfigurationDelegate : Finished Spring Data repository scanning in 1 ms. Found 0 Redis repository interfaces.
2025-07-31T23:22:12.605+03:00  INFO 14961 --- [main] r.y.p.configuration.WebConfiguration     : Initialize cart
2025-07-31T23:22:13.778+03:00  INFO 14961 --- [main] o.s.b.web.embedded.netty.NettyWebServer  : Netty started on port 8084 (http)
2025-07-31T23:22:13.977+03:00  INFO 14961 --- [main] ru.yandex.practicum.ShopApplication      : Started ShopApplication in 2.352 seconds (process running for 2.612)
2025-07-31T23:22:21.656+03:00  INFO 14961 --- [reactor-http-kqueue-2] reactor.Mono.Just.1                      : | onSubscribe([Synchronous Fuseable] Operators.ScalarSubscription)
2025-07-31T23:22:21.657+03:00  INFO 14961 --- [reactor-http-kqueue-2] reactor.Mono.Just.1                      : | request(unbounded)
2025-07-31T23:22:21.657+03:00  INFO 14961 --- [reactor-http-kqueue-2] reactor.Mono.Just.1                      : | onNext(CartDto(items={}, total=0, empty=true, canBuy=false))
2025-07-31T23:22:21.717+03:00  INFO 14961 --- [reactor-http-kqueue-2] reactor.Mono.Just.1                      : | onComplete()
2025-07-31T23:22:23.281+03:00  INFO 14961 --- [reactor-http-kqueue-2] r.yandex.practicum.service.ItemService   : Start getPaging: pageNumber=1, pageSize=10
2025-07-31T23:22:23.309+03:00  INFO 14961 --- [reactor-http-kqueue-2] r.yandex.practicum.service.ItemService   : Start getItems: pageNumber=1, pageSize=10, sort=NO, search=
2025-07-31T23:22:23.317+03:00  INFO 14961 --- [reactor-http-kqueue-2] reactor.Mono.MapFuseable.3               : | onSubscribe([Fuseable] FluxMapFuseable.MapFuseableConditionalSubscriber)
2025-07-31T23:22:23.317+03:00  INFO 14961 --- [reactor-http-kqueue-2] reactor.Mono.MapFuseable.3               : | request(unbounded)
2025-07-31T23:22:23.359+03:00 ERROR 14961 --- [reactor-tcp-kqueue-5] reactor.Mono.MapFuseable.3               : | onError(org.springframework.dao.DataAccessResourceFailureException: Failed to obtain R2DBC Connection)
2025-07-31T23:22:23.359+03:00 ERROR 14961 --- [reactor-tcp-kqueue-5] reactor.Mono.MapFuseable.3               : 

org.springframework.dao.DataAccessResourceFailureException: Failed to obtain R2DBC Connection
	at org.springframework.r2dbc.connection.ConnectionFactoryUtils.lambda$getConnection$0(ConnectionFactoryUtils.java:100) ~[spring-r2dbc-6.2.9.jar:6.2.9]
	at reactor.core.publisher.Mono.lambda$onErrorMap$29(Mono.java:3862) ~[reactor-core-3.7.8.jar:3.7.8]
	at reactor.core.publisher.FluxOnErrorResume$ResumeSubscriber.onError(FluxOnErrorResume.java:94) ~[reactor-core-3.7.8.jar:3.7.8]
	at reactor.core.publisher.FluxOnErrorResume$ResumeSubscriber.onError(FluxOnErrorResume.java:106) ~[reactor-core-3.7.8.jar:3.7.8]
	at reactor.core.publisher.FluxRetry$RetrySubscriber.onError(FluxRetry.java:96) ~[reactor-core-3.7.8.jar:3.7.8]
	at reactor.core.publisher.MonoFlatMap$FlatMapMain.onError(MonoFlatMap.java:180) ~[reactor-core-3.7.8.jar:3.7.8]
	at reactor.pool.AbstractPool$Borrower.fail(AbstractPool.java:479) ~[reactor-pool-1.1.3.jar:1.1.3]
	at reactor.pool.SimpleDequePool.lambda$drainLoop$9(SimpleDequePool.java:443) ~[reactor-pool-1.1.3.jar:1.1.3]
	at reactor.core.publisher.FluxDoOnEach$DoOnEachSubscriber.onError(FluxDoOnEach.java:186) ~[reactor-core-3.7.8.jar:3.7.8]
	at reactor.core.publisher.MonoSubscribeOn$SubscribeOnSubscriber.onError(MonoSubscribeOn.java:152) ~[reactor-core-3.7.8.jar:3.7.8]
	at reactor.core.publisher.FluxMapFuseable$MapFuseableSubscriber.onError(FluxMapFuseable.java:142) ~[reactor-core-3.7.8.jar:3.7.8]
	at reactor.core.publisher.FluxContextWrite$ContextWriteSubscriber.onError(FluxContextWrite.java:121) ~[reactor-core-3.7.8.jar:3.7.8]
	at reactor.core.publisher.MonoSingle$SingleSubscriber.onError(MonoSingle.java:150) ~[reactor-core-3.7.8.jar:3.7.8]
	at io.r2dbc.postgresql.util.FluxDiscardOnCancel$FluxDiscardOnCancelSubscriber.onError(FluxDiscardOnCancel.java:97) ~[r2dbc-postgresql-1.0.7.RELEASE.jar:1.0.7.RELEASE]
	at reactor.core.publisher.FluxOnErrorResume$ResumeSubscriber.onError(FluxOnErrorResume.java:106) ~[reactor-core-3.7.8.jar:3.7.8]
	at reactor.core.publisher.Operators.error(Operators.java:198) ~[reactor-core-3.7.8.jar:3.7.8]
	at reactor.core.publisher.MonoError.subscribe(MonoError.java:53) ~[reactor-core-3.7.8.jar:3.7.8]
	at reactor.core.publisher.Mono.subscribe(Mono.java:4576) ~[reactor-core-3.7.8.jar:3.7.8]
	at reactor.core.publisher.FluxOnErrorResume$ResumeSubscriber.onError(FluxOnErrorResume.java:103) ~[reactor-core-3.7.8.jar:3.7.8]
	at reactor.core.publisher.MonoFlatMap$FlatMapMain.onError(MonoFlatMap.java:180) ~[reactor-core-3.7.8.jar:3.7.8]
	at reactor.core.publisher.MonoDelayUntil$DelayUntilTrigger.onError(MonoDelayUntil.java:516) ~[reactor-core-3.7.8.jar:3.7.8]
	at reactor.core.publisher.FluxHandle$HandleSubscriber.onError(FluxHandle.java:213) ~[reactor-core-3.7.8.jar:3.7.8]
	at reactor.core.publisher.FluxHandle$HandleSubscriber.onNext(FluxHandle.java:135) ~[reactor-core-3.7.8.jar:3.7.8]
	at reactor.core.publisher.MonoFlatMapMany$FlatMapManyInner.onNext(MonoFlatMapMany.java:251) ~[reactor-core-3.7.8.jar:3.7.8]
	at reactor.core.publisher.FluxHandle$HandleSubscriber.onNext(FluxHandle.java:129) ~[reactor-core-3.7.8.jar:3.7.8]
	at reactor.core.publisher.FluxCreate$BufferAsyncSink.drain(FluxCreate.java:880) ~[reactor-core-3.7.8.jar:3.7.8]
	at reactor.core.publisher.FluxCreate$BufferAsyncSink.next(FluxCreate.java:805) ~[reactor-core-3.7.8.jar:3.7.8]
	at reactor.core.publisher.FluxCreate$SerializedFluxSink.next(FluxCreate.java:163) ~[reactor-core-3.7.8.jar:3.7.8]
	at io.r2dbc.postgresql.client.ReactorNettyClient$Conversation.emit(ReactorNettyClient.java:696) ~[r2dbc-postgresql-1.0.7.RELEASE.jar:1.0.7.RELEASE]
	at io.r2dbc.postgresql.client.ReactorNettyClient$BackendMessageSubscriber.emit(ReactorNettyClient.java:948) ~[r2dbc-postgresql-1.0.7.RELEASE.jar:1.0.7.RELEASE]
	at io.r2dbc.postgresql.client.ReactorNettyClient$BackendMessageSubscriber.onNext(ReactorNettyClient.java:822) ~[r2dbc-postgresql-1.0.7.RELEASE.jar:1.0.7.RELEASE]
	at io.r2dbc.postgresql.client.ReactorNettyClient$BackendMessageSubscriber.onNext(ReactorNettyClient.java:728) ~[r2dbc-postgresql-1.0.7.RELEASE.jar:1.0.7.RELEASE]
	at reactor.core.publisher.FluxHandle$HandleSubscriber.onNext(FluxHandle.java:129) ~[reactor-core-3.7.8.jar:3.7.8]
	at reactor.core.publisher.FluxPeekFuseable$PeekConditionalSubscriber.onNext(FluxPeekFuseable.java:854) ~[reactor-core-3.7.8.jar:3.7.8]
	at reactor.core.publisher.FluxMap$MapConditionalSubscriber.onNext(FluxMap.java:224) ~[reactor-core-3.7.8.jar:3.7.8]
	at reactor.core.publisher.FluxMap$MapConditionalSubscriber.onNext(FluxMap.java:224) ~[reactor-core-3.7.8.jar:3.7.8]
	at reactor.netty.channel.FluxReceive.drainReceiver(FluxReceive.java:292) ~[reactor-netty-core-1.2.8.jar:1.2.8]
	at reactor.netty.channel.FluxReceive.onInboundNext(FluxReceive.java:401) ~[reactor-netty-core-1.2.8.jar:1.2.8]
	at reactor.netty.channel.ChannelOperations.onInboundNext(ChannelOperations.java:435) ~[reactor-netty-core-1.2.8.jar:1.2.8]
	at reactor.netty.channel.ChannelOperationsHandler.channelRead(ChannelOperationsHandler.java:115) ~[reactor-netty-core-1.2.8.jar:1.2.8]
	at io.netty.channel.AbstractChannelHandlerContext.invokeChannelRead(AbstractChannelHandlerContext.java:444) ~[netty-transport-4.1.123.Final.jar:4.1.123.Final]
	at io.netty.channel.AbstractChannelHandlerContext.invokeChannelRead(AbstractChannelHandlerContext.java:420) ~[netty-transport-4.1.123.Final.jar:4.1.123.Final]
	at io.netty.channel.AbstractChannelHandlerContext.fireChannelRead(AbstractChannelHandlerContext.java:412) ~[netty-transport-4.1.123.Final.jar:4.1.123.Final]
	at io.netty.handler.codec.ByteToMessageDecoder.fireChannelRead(ByteToMessageDecoder.java:346) ~[netty-codec-4.1.123.Final.jar:4.1.123.Final]
	at io.netty.handler.codec.ByteToMessageDecoder.channelRead(ByteToMessageDecoder.java:318) ~[netty-codec-4.1.123.Final.jar:4.1.123.Final]
	at io.netty.channel.AbstractChannelHandlerContext.invokeChannelRead(AbstractChannelHandlerContext.java:444) ~[netty-transport-4.1.123.Final.jar:4.1.123.Final]
	at io.netty.channel.AbstractChannelHandlerContext.invokeChannelRead(AbstractChannelHandlerContext.java:420) ~[netty-transport-4.1.123.Final.jar:4.1.123.Final]
	at io.netty.channel.AbstractChannelHandlerContext.fireChannelRead(AbstractChannelHandlerContext.java:412) ~[netty-transport-4.1.123.Final.jar:4.1.123.Final]
	at io.netty.channel.DefaultChannelPipeline$HeadContext.channelRead(DefaultChannelPipeline.java:1357) ~[netty-transport-4.1.123.Final.jar:4.1.123.Final]
	at io.netty.channel.AbstractChannelHandlerContext.invokeChannelRead(AbstractChannelHandlerContext.java:440) ~[netty-transport-4.1.123.Final.jar:4.1.123.Final]
	at io.netty.channel.AbstractChannelHandlerContext.invokeChannelRead(AbstractChannelHandlerContext.java:420) ~[netty-transport-4.1.123.Final.jar:4.1.123.Final]
	at io.netty.channel.DefaultChannelPipeline.fireChannelRead(DefaultChannelPipeline.java:868) ~[netty-transport-4.1.123.Final.jar:4.1.123.Final]
	at io.netty.channel.kqueue.AbstractKQueueStreamChannel$KQueueStreamUnsafe.readReady(AbstractKQueueStreamChannel.java:543) ~[netty-transport-classes-kqueue-4.1.123.Final.jar:4.1.123.Final]
	at io.netty.channel.kqueue.AbstractKQueueChannel$AbstractKQueueUnsafe.readReady(AbstractKQueueChannel.java:390) ~[netty-transport-classes-kqueue-4.1.123.Final.jar:4.1.123.Final]
	at io.netty.channel.kqueue.KQueueEventLoop.processReady(KQueueEventLoop.java:274) ~[netty-transport-classes-kqueue-4.1.123.Final.jar:4.1.123.Final]
	at io.netty.channel.kqueue.KQueueEventLoop.run(KQueueEventLoop.java:352) ~[netty-transport-classes-kqueue-4.1.123.Final.jar:4.1.123.Final]
	at io.netty.util.concurrent.SingleThreadEventExecutor$4.run(SingleThreadEventExecutor.java:998) ~[netty-common-4.1.123.Final.jar:4.1.123.Final]
	at io.netty.util.internal.ThreadExecutorMap$2.run(ThreadExecutorMap.java:74) ~[netty-common-4.1.123.Final.jar:4.1.123.Final]
	at io.netty.util.concurrent.FastThreadLocalRunnable.run(FastThreadLocalRunnable.java:30) ~[netty-common-4.1.123.Final.jar:4.1.123.Final]
	at java.base/java.lang.Thread.run(Thread.java:1583) ~[na:na]
Caused by: io.r2dbc.postgresql.ExceptionFactory$PostgresqlAuthenticationFailure: no pg_hba.conf entry for host "fe80::1%lo0", user "shop", database "shop", no encryption
	at io.r2dbc.postgresql.ExceptionFactory.createException(ExceptionFactory.java:86) ~[r2dbc-postgresql-1.0.7.RELEASE.jar:1.0.7.RELEASE]
	at io.r2dbc.postgresql.ExceptionFactory.createException(ExceptionFactory.java:65) ~[r2dbc-postgresql-1.0.7.RELEASE.jar:1.0.7.RELEASE]
	at io.r2dbc.postgresql.ExceptionFactory.handleErrorResponse(ExceptionFactory.java:132) ~[r2dbc-postgresql-1.0.7.RELEASE.jar:1.0.7.RELEASE]
	at reactor.core.publisher.FluxHandle$HandleSubscriber.onNext(FluxHandle.java:113) ~[reactor-core-3.7.8.jar:3.7.8]
	... 37 common frames omitted

2025-07-31T23:22:23.372+03:00 ERROR 14961 --- [reactor-tcp-kqueue-5] a.w.r.e.AbstractErrorWebExceptionHandler : [47a18069-2]  500 Server Error for HTTP GET "/main/items"

org.springframework.dao.DataAccessResourceFailureException: Failed to obtain R2DBC Connection
	at org.springframework.r2dbc.connection.ConnectionFactoryUtils.lambda$getConnection$0(ConnectionFactoryUtils.java:100) ~[spring-r2dbc-6.2.9.jar:6.2.9]
	Suppressed: reactor.core.publisher.FluxOnAssembly$OnAssemblyException: 
Error has been observed at the following site(s):
	*__checkpoint ⇢ Handler ru.yandex.practicum.controller.ShopController#getItems(Model, String, String, int, int) [DispatcherHandler]
	*__checkpoint ⇢ HTTP GET "/main/items" [ExceptionHandlingWebHandler]
Original Stack Trace:
		at org.springframework.r2dbc.connection.ConnectionFactoryUtils.lambda$getConnection$0(ConnectionFactoryUtils.java:100) ~[spring-r2dbc-6.2.9.jar:6.2.9]
		at reactor.core.publisher.Mono.lambda$onErrorMap$29(Mono.java:3862) ~[reactor-core-3.7.8.jar:3.7.8]
		at reactor.core.publisher.FluxOnErrorResume$ResumeSubscriber.onError(FluxOnErrorResume.java:94) ~[reactor-core-3.7.8.jar:3.7.8]
		at reactor.core.publisher.FluxOnErrorResume$ResumeSubscriber.onError(FluxOnErrorResume.java:106) ~[reactor-core-3.7.8.jar:3.7.8]
		at reactor.core.publisher.FluxRetry$RetrySubscriber.onError(FluxRetry.java:96) ~[reactor-core-3.7.8.jar:3.7.8]
		at reactor.core.publisher.MonoFlatMap$FlatMapMain.onError(MonoFlatMap.java:180) ~[reactor-core-3.7.8.jar:3.7.8]
		at reactor.pool.AbstractPool$Borrower.fail(AbstractPool.java:479) ~[reactor-pool-1.1.3.jar:1.1.3]
		at reactor.pool.SimpleDequePool.lambda$drainLoop$9(SimpleDequePool.java:443) ~[reactor-pool-1.1.3.jar:1.1.3]
		at reactor.core.publisher.FluxDoOnEach$DoOnEachSubscriber.onError(FluxDoOnEach.java:186) ~[reactor-core-3.7.8.jar:3.7.8]
		at reactor.core.publisher.MonoSubscribeOn$SubscribeOnSubscriber.onError(MonoSubscribeOn.java:152) ~[reactor-core-3.7.8.jar:3.7.8]
		at reactor.core.publisher.FluxMapFuseable$MapFuseableSubscriber.onError(FluxMapFuseable.java:142) ~[reactor-core-3.7.8.jar:3.7.8]
		at reactor.core.publisher.FluxContextWrite$ContextWriteSubscriber.onError(FluxContextWrite.java:121) ~[reactor-core-3.7.8.jar:3.7.8]
		at reactor.core.publisher.MonoSingle$SingleSubscriber.onError(MonoSingle.java:150) ~[reactor-core-3.7.8.jar:3.7.8]
		at io.r2dbc.postgresql.util.FluxDiscardOnCancel$FluxDiscardOnCancelSubscriber.onError(FluxDiscardOnCancel.java:97) ~[r2dbc-postgresql-1.0.7.RELEASE.jar:1.0.7.RELEASE]
		at reactor.core.publisher.FluxOnErrorResume$ResumeSubscriber.onError(FluxOnErrorResume.java:106) ~[reactor-core-3.7.8.jar:3.7.8]
		at reactor.core.publisher.Operators.error(Operators.java:198) ~[reactor-core-3.7.8.jar:3.7.8]
		at reactor.core.publisher.MonoError.subscribe(MonoError.java:53) ~[reactor-core-3.7.8.jar:3.7.8]
		at reactor.core.publisher.Mono.subscribe(Mono.java:4576) ~[reactor-core-3.7.8.jar:3.7.8]
		at reactor.core.publisher.FluxOnErrorResume$ResumeSubscriber.onError(FluxOnErrorResume.java:103) ~[reactor-core-3.7.8.jar:3.7.8]
		at reactor.core.publisher.MonoFlatMap$FlatMapMain.onError(MonoFlatMap.java:180) ~[reactor-core-3.7.8.jar:3.7.8]
		at reactor.core.publisher.MonoDelayUntil$DelayUntilTrigger.onError(MonoDelayUntil.java:516) ~[reactor-core-3.7.8.jar:3.7.8]
		at reactor.core.publisher.FluxHandle$HandleSubscriber.onError(FluxHandle.java:213) ~[reactor-core-3.7.8.jar:3.7.8]
		at reactor.core.publisher.FluxHandle$HandleSubscriber.onNext(FluxHandle.java:135) ~[reactor-core-3.7.8.jar:3.7.8]
		at reactor.core.publisher.MonoFlatMapMany$FlatMapManyInner.onNext(MonoFlatMapMany.java:251) ~[reactor-core-3.7.8.jar:3.7.8]
		at reactor.core.publisher.FluxHandle$HandleSubscriber.onNext(FluxHandle.java:129) ~[reactor-core-3.7.8.jar:3.7.8]
		at reactor.core.publisher.FluxCreate$BufferAsyncSink.drain(FluxCreate.java:880) ~[reactor-core-3.7.8.jar:3.7.8]
		at reactor.core.publisher.FluxCreate$BufferAsyncSink.next(FluxCreate.java:805) ~[reactor-core-3.7.8.jar:3.7.8]
		at reactor.core.publisher.FluxCreate$SerializedFluxSink.next(FluxCreate.java:163) ~[reactor-core-3.7.8.jar:3.7.8]
		at io.r2dbc.postgresql.client.ReactorNettyClient$Conversation.emit(ReactorNettyClient.java:696) ~[r2dbc-postgresql-1.0.7.RELEASE.jar:1.0.7.RELEASE]
		at io.r2dbc.postgresql.client.ReactorNettyClient$BackendMessageSubscriber.emit(ReactorNettyClient.java:948) ~[r2dbc-postgresql-1.0.7.RELEASE.jar:1.0.7.RELEASE]
		at io.r2dbc.postgresql.client.ReactorNettyClient$BackendMessageSubscriber.onNext(ReactorNettyClient.java:822) ~[r2dbc-postgresql-1.0.7.RELEASE.jar:1.0.7.RELEASE]
		at io.r2dbc.postgresql.client.ReactorNettyClient$BackendMessageSubscriber.onNext(ReactorNettyClient.java:728) ~[r2dbc-postgresql-1.0.7.RELEASE.jar:1.0.7.RELEASE]
		at reactor.core.publisher.FluxHandle$HandleSubscriber.onNext(FluxHandle.java:129) ~[reactor-core-3.7.8.jar:3.7.8]
		at reactor.core.publisher.FluxPeekFuseable$PeekConditionalSubscriber.onNext(FluxPeekFuseable.java:854) ~[reactor-core-3.7.8.jar:3.7.8]
		at reactor.core.publisher.FluxMap$MapConditionalSubscriber.onNext(FluxMap.java:224) ~[reactor-core-3.7.8.jar:3.7.8]
		at reactor.core.publisher.FluxMap$MapConditionalSubscriber.onNext(FluxMap.java:224) ~[reactor-core-3.7.8.jar:3.7.8]
		at reactor.netty.channel.FluxReceive.drainReceiver(FluxReceive.java:292) ~[reactor-netty-core-1.2.8.jar:1.2.8]
		at reactor.netty.channel.FluxReceive.onInboundNext(FluxReceive.java:401) ~[reactor-netty-core-1.2.8.jar:1.2.8]
		at reactor.netty.channel.ChannelOperations.onInboundNext(ChannelOperations.java:435) ~[reactor-netty-core-1.2.8.jar:1.2.8]
		at reactor.netty.channel.ChannelOperationsHandler.channelRead(ChannelOperationsHandler.java:115) ~[reactor-netty-core-1.2.8.jar:1.2.8]
		at io.netty.channel.AbstractChannelHandlerContext.invokeChannelRead(AbstractChannelHandlerContext.java:444) ~[netty-transport-4.1.123.Final.jar:4.1.123.Final]
		at io.netty.channel.AbstractChannelHandlerContext.invokeChannelRead(AbstractChannelHandlerContext.java:420) ~[netty-transport-4.1.123.Final.jar:4.1.123.Final]
		at io.netty.channel.AbstractChannelHandlerContext.fireChannelRead(AbstractChannelHandlerContext.java:412) ~[netty-transport-4.1.123.Final.jar:4.1.123.Final]
		at io.netty.handler.codec.ByteToMessageDecoder.fireChannelRead(ByteToMessageDecoder.java:346) ~[netty-codec-4.1.123.Final.jar:4.1.123.Final]
		at io.netty.handler.codec.ByteToMessageDecoder.channelRead(ByteToMessageDecoder.java:318) ~[netty-codec-4.1.123.Final.jar:4.1.123.Final]
		at io.netty.channel.AbstractChannelHandlerContext.invokeChannelRead(AbstractChannelHandlerContext.java:444) ~[netty-transport-4.1.123.Final.jar:4.1.123.Final]
		at io.netty.channel.AbstractChannelHandlerContext.invokeChannelRead(AbstractChannelHandlerContext.java:420) ~[netty-transport-4.1.123.Final.jar:4.1.123.Final]
		at io.netty.channel.AbstractChannelHandlerContext.fireChannelRead(AbstractChannelHandlerContext.java:412) ~[netty-transport-4.1.123.Final.jar:4.1.123.Final]
		at io.netty.channel.DefaultChannelPipeline$HeadContext.channelRead(DefaultChannelPipeline.java:1357) ~[netty-transport-4.1.123.Final.jar:4.1.123.Final]
		at io.netty.channel.AbstractChannelHandlerContext.invokeChannelRead(AbstractChannelHandlerContext.java:440) ~[netty-transport-4.1.123.Final.jar:4.1.123.Final]
		at io.netty.channel.AbstractChannelHandlerContext.invokeChannelRead(AbstractChannelHandlerContext.java:420) ~[netty-transport-4.1.123.Final.jar:4.1.123.Final]
		at io.netty.channel.DefaultChannelPipeline.fireChannelRead(DefaultChannelPipeline.java:868) ~[netty-transport-4.1.123.Final.jar:4.1.123.Final]
		at io.netty.channel.kqueue.AbstractKQueueStreamChannel$KQueueStreamUnsafe.readReady(AbstractKQueueStreamChannel.java:543) ~[netty-transport-classes-kqueue-4.1.123.Final.jar:4.1.123.Final]
		at io.netty.channel.kqueue.AbstractKQueueChannel$AbstractKQueueUnsafe.readReady(AbstractKQueueChannel.java:390) ~[netty-transport-classes-kqueue-4.1.123.Final.jar:4.1.123.Final]
		at io.netty.channel.kqueue.KQueueEventLoop.processReady(KQueueEventLoop.java:274) ~[netty-transport-classes-kqueue-4.1.123.Final.jar:4.1.123.Final]
		at io.netty.channel.kqueue.KQueueEventLoop.run(KQueueEventLoop.java:352) ~[netty-transport-classes-kqueue-4.1.123.Final.jar:4.1.123.Final]
		at io.netty.util.concurrent.SingleThreadEventExecutor$4.run(SingleThreadEventExecutor.java:998) ~[netty-common-4.1.123.Final.jar:4.1.123.Final]
		at io.netty.util.internal.ThreadExecutorMap$2.run(ThreadExecutorMap.java:74) ~[netty-common-4.1.123.Final.jar:4.1.123.Final]
		at io.netty.util.concurrent.FastThreadLocalRunnable.run(FastThreadLocalRunnable.java:30) ~[netty-common-4.1.123.Final.jar:4.1.123.Final]
		at java.base/java.lang.Thread.run(Thread.java:1583) ~[na:na]
Caused by: io.r2dbc.postgresql.ExceptionFactory$PostgresqlAuthenticationFailure: no pg_hba.conf entry for host "fe80::1%lo0", user "shop", database "shop", no encryption
	at io.r2dbc.postgresql.ExceptionFactory.createException(ExceptionFactory.java:86) ~[r2dbc-postgresql-1.0.7.RELEASE.jar:1.0.7.RELEASE]
	at io.r2dbc.postgresql.ExceptionFactory.createException(ExceptionFactory.java:65) ~[r2dbc-postgresql-1.0.7.RELEASE.jar:1.0.7.RELEASE]
	at io.r2dbc.postgresql.ExceptionFactory.handleErrorResponse(ExceptionFactory.java:132) ~[r2dbc-postgresql-1.0.7.RELEASE.jar:1.0.7.RELEASE]
	at reactor.core.publisher.FluxHandle$HandleSubscriber.onNext(FluxHandle.java:113) ~[reactor-core-3.7.8.jar:3.7.8]
	at reactor.core.publisher.MonoFlatMapMany$FlatMapManyInner.onNext(MonoFlatMapMany.java:251) ~[reactor-core-3.7.8.jar:3.7.8]
	at reactor.core.publisher.FluxHandle$HandleSubscriber.onNext(FluxHandle.java:129) ~[reactor-core-3.7.8.jar:3.7.8]
	at reactor.core.publisher.FluxCreate$BufferAsyncSink.drain(FluxCreate.java:880) ~[reactor-core-3.7.8.jar:3.7.8]
	at reactor.core.publisher.FluxCreate$BufferAsyncSink.next(FluxCreate.java:805) ~[reactor-core-3.7.8.jar:3.7.8]
	at reactor.core.publisher.FluxCreate$SerializedFluxSink.next(FluxCreate.java:163) ~[reactor-core-3.7.8.jar:3.7.8]
	at io.r2dbc.postgresql.client.ReactorNettyClient$Conversation.emit(ReactorNettyClient.java:696) ~[r2dbc-postgresql-1.0.7.RELEASE.jar:1.0.7.RELEASE]
	at io.r2dbc.postgresql.client.ReactorNettyClient$BackendMessageSubscriber.emit(ReactorNettyClient.java:948) ~[r2dbc-postgresql-1.0.7.RELEASE.jar:1.0.7.RELEASE]
	at io.r2dbc.postgresql.client.ReactorNettyClient$BackendMessageSubscriber.onNext(ReactorNettyClient.java:822) ~[r2dbc-postgresql-1.0.7.RELEASE.jar:1.0.7.RELEASE]
	at io.r2dbc.postgresql.client.ReactorNettyClient$BackendMessageSubscriber.onNext(ReactorNettyClient.java:728) ~[r2dbc-postgresql-1.0.7.RELEASE.jar:1.0.7.RELEASE]
	at reactor.core.publisher.FluxHandle$HandleSubscriber.onNext(FluxHandle.java:129) ~[reactor-core-3.7.8.jar:3.7.8]
	at reactor.core.publisher.FluxPeekFuseable$PeekConditionalSubscriber.onNext(FluxPeekFuseable.java:854) ~[reactor-core-3.7.8.jar:3.7.8]
	at reactor.core.publisher.FluxMap$MapConditionalSubscriber.onNext(FluxMap.java:224) ~[reactor-core-3.7.8.jar:3.7.8]
	at reactor.core.publisher.FluxMap$MapConditionalSubscriber.onNext(FluxMap.java:224) ~[reactor-core-3.7.8.jar:3.7.8]
	at reactor.netty.channel.FluxReceive.drainReceiver(FluxReceive.java:292) ~[reactor-netty-core-1.2.8.jar:1.2.8]
	at reactor.netty.channel.FluxReceive.onInboundNext(FluxReceive.java:401) ~[reactor-netty-core-1.2.8.jar:1.2.8]
	at reactor.netty.channel.ChannelOperations.onInboundNext(ChannelOperations.java:435) ~[reactor-netty-core-1.2.8.jar:1.2.8]
	at reactor.netty.channel.ChannelOperationsHandler.channelRead(ChannelOperationsHandler.java:115) ~[reactor-netty-core-1.2.8.jar:1.2.8]
	at io.netty.channel.AbstractChannelHandlerContext.invokeChannelRead(AbstractChannelHandlerContext.java:444) ~[netty-transport-4.1.123.Final.jar:4.1.123.Final]
	at io.netty.channel.AbstractChannelHandlerContext.invokeChannelRead(AbstractChannelHandlerContext.java:420) ~[netty-transport-4.1.123.Final.jar:4.1.123.Final]
	at io.netty.channel.AbstractChannelHandlerContext.fireChannelRead(AbstractChannelHandlerContext.java:412) ~[netty-transport-4.1.123.Final.jar:4.1.123.Final]
	at io.netty.handler.codec.ByteToMessageDecoder.fireChannelRead(ByteToMessageDecoder.java:346) ~[netty-codec-4.1.123.Final.jar:4.1.123.Final]
	at io.netty.handler.codec.ByteToMessageDecoder.channelRead(ByteToMessageDecoder.java:318) ~[netty-codec-4.1.123.Final.jar:4.1.123.Final]
	at io.netty.channel.AbstractChannelHandlerContext.invokeChannelRead(AbstractChannelHandlerContext.java:444) ~[netty-transport-4.1.123.Final.jar:4.1.123.Final]
	at io.netty.channel.AbstractChannelHandlerContext.invokeChannelRead(AbstractChannelHandlerContext.java:420) ~[netty-transport-4.1.123.Final.jar:4.1.123.Final]
	at io.netty.channel.AbstractChannelHandlerContext.fireChannelRead(AbstractChannelHandlerContext.java:412) ~[netty-transport-4.1.123.Final.jar:4.1.123.Final]
	at io.netty.channel.DefaultChannelPipeline$HeadContext.channelRead(DefaultChannelPipeline.java:1357) ~[netty-transport-4.1.123.Final.jar:4.1.123.Final]
	at io.netty.channel.AbstractChannelHandlerContext.invokeChannelRead(AbstractChannelHandlerContext.java:440) ~[netty-transport-4.1.123.Final.jar:4.1.123.Final]
	at io.netty.channel.AbstractChannelHandlerContext.invokeChannelRead(AbstractChannelHandlerContext.java:420) ~[netty-transport-4.1.123.Final.jar:4.1.123.Final]
	at io.netty.channel.DefaultChannelPipeline.fireChannelRead(DefaultChannelPipeline.java:868) ~[netty-transport-4.1.123.Final.jar:4.1.123.Final]
	at io.netty.channel.kqueue.AbstractKQueueStreamChannel$KQueueStreamUnsafe.readReady(AbstractKQueueStreamChannel.java:543) ~[netty-transport-classes-kqueue-4.1.123.Final.jar:4.1.123.Final]
	at io.netty.channel.kqueue.AbstractKQueueChannel$AbstractKQueueUnsafe.readReady(AbstractKQueueChannel.java:390) ~[netty-transport-classes-kqueue-4.1.123.Final.jar:4.1.123.Final]
	at io.netty.channel.kqueue.KQueueEventLoop.processReady(KQueueEventLoop.java:274) ~[netty-transport-classes-kqueue-4.1.123.Final.jar:4.1.123.Final]
	at io.netty.channel.kqueue.KQueueEventLoop.run(KQueueEventLoop.java:352) ~[netty-transport-classes-kqueue-4.1.123.Final.jar:4.1.123.Final]
	at io.netty.util.concurrent.SingleThreadEventExecutor$4.run(SingleThreadEventExecutor.java:998) ~[netty-common-4.1.123.Final.jar:4.1.123.Final]
	at io.netty.util.internal.ThreadExecutorMap$2.run(ThreadExecutorMap.java:74) ~[netty-common-4.1.123.Final.jar:4.1.123.Final]
	at io.netty.util.concurrent.FastThreadLocalRunnable.run(FastThreadLocalRunnable.java:30) ~[netty-common-4.1.123.Final.jar:4.1.123.Final]
	at java.base/java.lang.Thread.run(Thread.java:1583) ~[na:na]

2025-07-31T23:22:25.474+03:00  INFO 14961 --- [reactor-http-kqueue-2] r.yandex.practicum.service.ItemService   : Start getPaging: pageNumber=1, pageSize=10
2025-07-31T23:22:25.482+03:00  INFO 14961 --- [reactor-http-kqueue-2] r.yandex.practicum.service.ItemService   : Start getItems: pageNumber=1, pageSize=10, sort=NO, search=
2025-07-31T23:22:25.483+03:00  INFO 14961 --- [reactor-http-kqueue-2] reactor.Mono.MapFuseable.4               : | onSubscribe([Fuseable] FluxMapFuseable.MapFuseableConditionalSubscriber)
2025-07-31T23:22:25.484+03:00  INFO 14961 --- [reactor-http-kqueue-2] reactor.Mono.MapFuseable.4               : | request(unbounded)
2025-07-31T23:22:25.610+03:00  INFO 14961 --- [reactor-tcp-kqueue-3] r.yandex.practicum.service.CartService   : Start getItemCountInCart: itemId=1
2025-07-31T23:22:25.668+03:00  INFO 14961 --- [reactor-tcp-kqueue-3] r.yandex.practicum.service.CartService   : Start getItemCountInCart: itemId=2
2025-07-31T23:22:25.727+03:00  INFO 14961 --- [reactor-tcp-kqueue-3] r.yandex.practicum.service.CartService   : Start getItemCountInCart: itemId=3
2025-07-31T23:22:25.786+03:00  INFO 14961 --- [reactor-tcp-kqueue-3] r.yandex.practicum.service.CartService   : Start getItemCountInCart: itemId=4
2025-07-31T23:22:25.864+03:00  INFO 14961 --- [reactor-tcp-kqueue-3] r.yandex.practicum.service.CartService   : Start getItemCountInCart: itemId=6
2025-07-31T23:22:25.875+03:00  INFO 14961 --- [reactor-tcp-kqueue-3] r.yandex.practicum.service.CartService   : Start getItemCountInCart: itemId=9
2025-07-31T23:22:25.921+03:00  INFO 14961 --- [reactor-tcp-kqueue-3] r.yandex.practicum.service.CartService   : Start getItemCountInCart: itemId=10
2025-07-31T23:22:25.973+03:00  INFO 14961 --- [reactor-tcp-kqueue-3] r.yandex.practicum.service.CartService   : Start getItemCountInCart: itemId=11
2025-07-31T23:22:26.021+03:00  INFO 14961 --- [reactor-tcp-kqueue-3] r.yandex.practicum.service.CartService   : Start getItemCountInCart: itemId=12
2025-07-31T23:22:26.236+03:00  INFO 14961 --- [reactor-tcp-kqueue-3] r.yandex.practicum.service.CartService   : Start getItemCountInCart: itemId=13
2025-07-31T23:22:26.237+03:00  INFO 14961 --- [reactor-tcp-kqueue-3] reactor.Mono.MapFuseable.4               : | onNext([[ItemDto(id=1, title=123, description=123, imagePath=http://localhost:8084/items/image/1, count=0, price=123), ItemDto(id=2, title=wefawef, description=afwef, imagePath=http://localhost:8084/items/image/2, count=0, price=12313), ItemDto(id=3, title=товар1, description=Товар, imagePath=http://localhost:8084/items/image/3, count=0, price=12345), ItemDto(id=4, title=df, description=fads, imagePath=http://localhost:8084/items/image/4, count=0, price=21351524635765), ItemDto(id=6, title=товар новый, description=Товар, imagePath=http://localhost:8084/items/image/6, count=0, price=5)], [ItemDto(id=9, title=test3, description=test3, imagePath=http://localhost:8084/items/image/9, count=0, price=130), ItemDto(id=10, title=test4, description=test4, imagePath=http://localhost:8084/items/image/10, count=0, price=140), ItemDto(id=11, title=test5, description=test5, imagePath=http://localhost:8084/items/image/11, count=0, price=150), ItemDto(id=12, title=test5, description=test5, imagePath=http://localhost:8084/items/image/12, count=0, price=150), ItemDto(id=13, title=test6, description=test6, imagePath=http://localhost:8084/items/image/13, count=0, price=160)]])
2025-07-31T23:22:26.278+03:00  INFO 14961 --- [reactor-tcp-kqueue-3] reactor.Mono.MapFuseable.4               : | onComplete()
2025-07-31T23:22:27.657+03:00  INFO 14961 --- [lettuce-kqueueEventLoop-5-3] r.yandex.practicum.service.ItemService   : Start getItemDtoById: id=1
2025-07-31T23:22:27.658+03:00  INFO 14961 --- [lettuce-kqueueEventLoop-5-3] r.yandex.practicum.service.CartService   : Start getItemCountInCart: itemId=1
2025-07-31T23:22:27.658+03:00  INFO 14961 --- [lettuce-kqueueEventLoop-5-3] reactor.Mono.Just.16                     : | onSubscribe([Synchronous Fuseable] Operators.ScalarSubscription)
2025-07-31T23:22:27.658+03:00  INFO 14961 --- [lettuce-kqueueEventLoop-5-3] reactor.Mono.Just.16                     : | request(unbounded)
2025-07-31T23:22:27.658+03:00  INFO 14961 --- [lettuce-kqueueEventLoop-5-3] reactor.Mono.Just.16                     : | onNext(0)
2025-07-31T23:22:27.658+03:00  INFO 14961 --- [lettuce-kqueueEventLoop-5-3] reactor.Mono.Just.16                     : | onComplete()
2025-07-31T23:22:29.716+03:00  INFO 14961 --- [reactor-http-kqueue-2] r.yandex.practicum.service.ItemService   : Start actionWithItemInCart: itemId=1, action=plus
2025-07-31T23:22:29.716+03:00  INFO 14961 --- [reactor-http-kqueue-2] r.yandex.practicum.service.CartService   : Start getItemsInCart
2025-07-31T23:22:29.716+03:00  INFO 14961 --- [reactor-http-kqueue-2] reactor.Mono.Zip.21                      : onSubscribe([Fuseable] MonoZip.ZipCoordinator)
2025-07-31T23:22:29.717+03:00  INFO 14961 --- [reactor-http-kqueue-2] reactor.Mono.Zip.21                      : request(unbounded)
2025-07-31T23:22:29.717+03:00  INFO 14961 --- [reactor-http-kqueue-2] reactor.Mono.Just.18                     : | onSubscribe([Synchronous Fuseable] Operators.ScalarSubscription)
2025-07-31T23:22:29.717+03:00  INFO 14961 --- [reactor-http-kqueue-2] reactor.Mono.LogFuseable.19              : | onSubscribe([Fuseable] FluxPeekFuseable.PeekFuseableSubscriber)
2025-07-31T23:22:29.717+03:00  INFO 14961 --- [reactor-http-kqueue-2] reactor.Mono.FlatMap.20                  : | onSubscribe([Fuseable] MonoFlatMap.FlatMapMain)
2025-07-31T23:22:29.720+03:00  INFO 14961 --- [reactor-http-kqueue-2] reactor.Mono.FlatMap.20                  : | request(unbounded)
2025-07-31T23:22:29.720+03:00  INFO 14961 --- [reactor-http-kqueue-2] reactor.Mono.LogFuseable.19              : | request(unbounded)
2025-07-31T23:22:29.720+03:00  INFO 14961 --- [reactor-http-kqueue-2] reactor.Mono.Just.18                     : | request(unbounded)
2025-07-31T23:22:29.720+03:00  INFO 14961 --- [reactor-http-kqueue-2] reactor.Mono.Just.18                     : | onNext({})
2025-07-31T23:22:29.720+03:00  INFO 14961 --- [reactor-http-kqueue-2] reactor.Mono.LogFuseable.19              : | onNext({})
2025-07-31T23:22:29.720+03:00  INFO 14961 --- [reactor-http-kqueue-2] r.yandex.practicum.service.ItemService   : Start getItemDtoById: id=1
2025-07-31T23:22:29.721+03:00  INFO 14961 --- [reactor-http-kqueue-2] r.yandex.practicum.service.CartService   : Start getItemCountInCart: itemId=1
2025-07-31T23:22:29.721+03:00  INFO 14961 --- [reactor-http-kqueue-2] reactor.Mono.Just.22                     : | onSubscribe([Synchronous Fuseable] Operators.ScalarSubscription)
2025-07-31T23:22:29.721+03:00  INFO 14961 --- [reactor-http-kqueue-2] reactor.Mono.Just.22                     : | request(unbounded)
2025-07-31T23:22:29.721+03:00  INFO 14961 --- [reactor-http-kqueue-2] reactor.Mono.Just.22                     : | onNext(0)
2025-07-31T23:22:29.721+03:00  INFO 14961 --- [reactor-http-kqueue-2] reactor.Mono.Just.22                     : | onComplete()
2025-07-31T23:22:29.721+03:00  INFO 14961 --- [reactor-http-kqueue-2] reactor.Mono.Just.18                     : | onComplete()
2025-07-31T23:22:29.721+03:00  INFO 14961 --- [reactor-http-kqueue-2] reactor.Mono.LogFuseable.19              : | onComplete()
2025-07-31T23:22:29.721+03:00  INFO 14961 --- [reactor-http-kqueue-2] reactor.Mono.Just.18                     : | onSubscribe([Synchronous Fuseable] Operators.ScalarSubscription)
2025-07-31T23:22:29.721+03:00  INFO 14961 --- [reactor-http-kqueue-2] reactor.Mono.LogFuseable.19              : | onSubscribe([Fuseable] FluxPeekFuseable.PeekFuseableSubscriber)
2025-07-31T23:22:29.721+03:00  INFO 14961 --- [reactor-http-kqueue-2] reactor.Mono.LogFuseable.19              : | request(unbounded)
2025-07-31T23:22:29.721+03:00  INFO 14961 --- [reactor-http-kqueue-2] reactor.Mono.Just.18                     : | request(unbounded)
2025-07-31T23:22:29.721+03:00  INFO 14961 --- [reactor-http-kqueue-2] reactor.Mono.Just.18                     : | onNext({})
2025-07-31T23:22:29.721+03:00  INFO 14961 --- [reactor-http-kqueue-2] reactor.Mono.LogFuseable.19              : | onNext({})
2025-07-31T23:22:29.721+03:00  INFO 14961 --- [reactor-http-kqueue-2] reactor.Mono.Just.18                     : | onComplete()
2025-07-31T23:22:29.721+03:00  INFO 14961 --- [reactor-http-kqueue-2] reactor.Mono.LogFuseable.19              : | onComplete()
2025-07-31T23:22:29.809+03:00  INFO 14961 --- [reactor-tcp-kqueue-4] reactor.Mono.FlatMap.20                  : | onNext(ItemDto(id=1, title=123, description=123, imagePath=http://localhost:8084/items/image/1, count=0, price=123))
2025-07-31T23:22:29.809+03:00  INFO 14961 --- [reactor-tcp-kqueue-4] r.yandex.practicum.service.CartService   : Start refresh: itemsInCart={1=ItemDto(id=1, title=123, description=123, imagePath=http://localhost:8084/items/image/1, count=1, price=123)}, itemInCart=ItemDto(id=1, title=123, description=123, imagePath=http://localhost:8084/items/image/1, count=1, price=123)
2025-07-31T23:22:29.810+03:00  INFO 14961 --- [reactor-tcp-kqueue-4] r.y.practicum.service.PaymentsService    : Start getBalance
2025-07-31T23:22:29.819+03:00  INFO 14961 --- [reactor-tcp-kqueue-4] r.yandex.practicum.service.CartService   : Start getTotalPrice
2025-07-31T23:22:29.819+03:00  INFO 14961 --- [reactor-tcp-kqueue-4] reactor.Mono.Zip.21                      : onNext(ItemDto(id=1, title=123, description=123, imagePath=http://localhost:8084/items/image/1, count=1, price=123))
2025-07-31T23:22:29.821+03:00  INFO 14961 --- [reactor-tcp-kqueue-4] reactor.Mono.Zip.21                      : onComplete()
2025-07-31T23:22:29.821+03:00  INFO 14961 --- [reactor-tcp-kqueue-4] reactor.Mono.FlatMap.20                  : | onComplete()
2025-07-31T23:22:31.453+03:00  INFO 14961 --- [reactor-http-kqueue-2] reactor.Mono.Just.31                     : | onSubscribe([Synchronous Fuseable] Operators.ScalarSubscription)
2025-07-31T23:22:31.453+03:00  INFO 14961 --- [reactor-http-kqueue-2] reactor.Mono.Just.31                     : | request(unbounded)
2025-07-31T23:22:31.453+03:00  INFO 14961 --- [reactor-http-kqueue-2] reactor.Mono.Just.31                     : | onNext(CartDto(items={1=ItemDto(id=1, title=123, description=123, imagePath=http://localhost:8084/items/image/1, count=1, price=123)}, total=0, empty=true, canBuy=false))
2025-07-31T23:22:31.454+03:00  INFO 14961 --- [reactor-http-kqueue-2] reactor.Mono.Just.31                     : | onComplete()
2025-07-31T23:26:31.796+03:00  INFO 14961 --- [reactor-http-kqueue-2] r.yandex.practicum.service.ItemService   : Start actionWithItemInCart: itemId=1, action=plus
2025-07-31T23:26:31.797+03:00  INFO 14961 --- [reactor-http-kqueue-2] r.yandex.practicum.service.CartService   : Start getItemsInCart
2025-07-31T23:26:31.798+03:00  INFO 14961 --- [reactor-http-kqueue-2] reactor.Mono.Zip.36                      : onSubscribe([Fuseable] MonoZip.ZipCoordinator)
2025-07-31T23:26:31.798+03:00  INFO 14961 --- [reactor-http-kqueue-2] reactor.Mono.Zip.36                      : request(unbounded)
2025-07-31T23:26:31.798+03:00  INFO 14961 --- [reactor-http-kqueue-2] reactor.Mono.Just.33                     : | onSubscribe([Synchronous Fuseable] Operators.ScalarSubscription)
2025-07-31T23:26:31.798+03:00  INFO 14961 --- [reactor-http-kqueue-2] reactor.Mono.LogFuseable.34              : | onSubscribe([Fuseable] FluxPeekFuseable.PeekFuseableSubscriber)
2025-07-31T23:26:31.798+03:00  INFO 14961 --- [reactor-http-kqueue-2] reactor.Mono.FlatMap.35                  : | onSubscribe([Fuseable] MonoFlatMap.FlatMapMain)
2025-07-31T23:26:31.798+03:00  INFO 14961 --- [reactor-http-kqueue-2] reactor.Mono.FlatMap.35                  : | request(unbounded)
2025-07-31T23:26:31.798+03:00  INFO 14961 --- [reactor-http-kqueue-2] reactor.Mono.LogFuseable.34              : | request(unbounded)
2025-07-31T23:26:31.798+03:00  INFO 14961 --- [reactor-http-kqueue-2] reactor.Mono.Just.33                     : | request(unbounded)
2025-07-31T23:26:31.798+03:00  INFO 14961 --- [reactor-http-kqueue-2] reactor.Mono.Just.33                     : | onNext({1=ItemDto(id=1, title=123, description=123, imagePath=http://localhost:8084/items/image/1, count=1, price=123)})
2025-07-31T23:26:31.798+03:00  INFO 14961 --- [reactor-http-kqueue-2] reactor.Mono.LogFuseable.34              : | onNext({1=ItemDto(id=1, title=123, description=123, imagePath=http://localhost:8084/items/image/1, count=1, price=123)})
2025-07-31T23:26:31.798+03:00  INFO 14961 --- [reactor-http-kqueue-2] reactor.Mono.FlatMap.35                  : | onNext(ItemDto(id=1, title=123, description=123, imagePath=http://localhost:8084/items/image/1, count=1, price=123))
2025-07-31T23:26:31.799+03:00  INFO 14961 --- [reactor-http-kqueue-2] reactor.Mono.FlatMap.35                  : | onComplete()
2025-07-31T23:26:31.799+03:00  INFO 14961 --- [reactor-http-kqueue-2] reactor.Mono.Just.33                     : | onComplete()
2025-07-31T23:26:31.799+03:00  INFO 14961 --- [reactor-http-kqueue-2] reactor.Mono.LogFuseable.34              : | onComplete()
2025-07-31T23:26:31.799+03:00  INFO 14961 --- [reactor-http-kqueue-2] reactor.Mono.Just.33                     : | onSubscribe([Synchronous Fuseable] Operators.ScalarSubscription)
2025-07-31T23:26:31.799+03:00  INFO 14961 --- [reactor-http-kqueue-2] reactor.Mono.LogFuseable.34              : | onSubscribe([Fuseable] FluxPeekFuseable.PeekFuseableSubscriber)
2025-07-31T23:26:31.799+03:00  INFO 14961 --- [reactor-http-kqueue-2] reactor.Mono.LogFuseable.34              : | request(unbounded)
2025-07-31T23:26:31.799+03:00  INFO 14961 --- [reactor-http-kqueue-2] reactor.Mono.Just.33                     : | request(unbounded)
2025-07-31T23:26:31.799+03:00  INFO 14961 --- [reactor-http-kqueue-2] reactor.Mono.Just.33                     : | onNext({1=ItemDto(id=1, title=123, description=123, imagePath=http://localhost:8084/items/image/1, count=1, price=123)})
2025-07-31T23:26:31.799+03:00  INFO 14961 --- [reactor-http-kqueue-2] reactor.Mono.LogFuseable.34              : | onNext({1=ItemDto(id=1, title=123, description=123, imagePath=http://localhost:8084/items/image/1, count=1, price=123)})
2025-07-31T23:26:31.800+03:00  INFO 14961 --- [reactor-http-kqueue-2] r.yandex.practicum.service.CartService   : Start refresh: itemsInCart={1=ItemDto(id=1, title=123, description=123, imagePath=http://localhost:8084/items/image/1, count=2, price=123)}, itemInCart=ItemDto(id=1, title=123, description=123, imagePath=http://localhost:8084/items/image/1, count=2, price=123)
2025-07-31T23:26:31.800+03:00  INFO 14961 --- [reactor-http-kqueue-2] r.y.practicum.service.PaymentsService    : Start getBalance
2025-07-31T23:26:31.801+03:00  INFO 14961 --- [reactor-http-kqueue-2] r.yandex.practicum.service.CartService   : Start getTotalPrice
2025-07-31T23:26:31.801+03:00  INFO 14961 --- [reactor-http-kqueue-2] reactor.Mono.Zip.36                      : onNext(ItemDto(id=1, title=123, description=123, imagePath=http://localhost:8084/items/image/1, count=2, price=123))
2025-07-31T23:26:31.802+03:00  INFO 14961 --- [reactor-http-kqueue-2] reactor.Mono.Zip.36                      : onComplete()
2025-07-31T23:26:31.803+03:00  INFO 14961 --- [reactor-http-kqueue-2] reactor.Mono.Just.33                     : | onComplete()
2025-07-31T23:26:31.803+03:00  INFO 14961 --- [reactor-http-kqueue-2] reactor.Mono.LogFuseable.34              : | onComplete()
2025-07-31T23:26:31.805+03:00  INFO 14961 --- [reactor-http-kqueue-2] reactor.Mono.Just.44                     : | onSubscribe([Synchronous Fuseable] Operators.ScalarSubscription)
2025-07-31T23:26:31.805+03:00  INFO 14961 --- [reactor-http-kqueue-2] reactor.Mono.Just.44                     : | request(unbounded)
2025-07-31T23:26:31.805+03:00  INFO 14961 --- [reactor-http-kqueue-2] reactor.Mono.Just.44                     : | onNext(CartDto(items={1=ItemDto(id=1, title=123, description=123, imagePath=http://localhost:8084/items/image/1, count=2, price=123)}, total=0, empty=true, canBuy=false))
2025-07-31T23:26:31.808+03:00  INFO 14961 --- [reactor-http-kqueue-2] reactor.Mono.Just.44                     : | onComplete()
2025-07-31T23:26:37.501+03:00  INFO 14961 --- [reactor-http-kqueue-2] r.yandex.practicum.service.ItemService   : Start getPaging: pageNumber=1, pageSize=10
2025-07-31T23:26:37.508+03:00  INFO 14961 --- [lettuce-kqueueEventLoop-5-3] r.yandex.practicum.service.ItemService   : Start getItems: pageNumber=1, pageSize=10, sort=NO, search=
2025-07-31T23:26:37.511+03:00  INFO 14961 --- [lettuce-kqueueEventLoop-5-3] reactor.Mono.MapFuseable.47              : | onSubscribe([Fuseable] FluxMapFuseable.MapFuseableConditionalSubscriber)
2025-07-31T23:26:37.511+03:00  INFO 14961 --- [lettuce-kqueueEventLoop-5-3] reactor.Mono.MapFuseable.47              : | request(unbounded)
2025-07-31T23:26:37.627+03:00  INFO 14961 --- [reactor-tcp-kqueue-2] r.yandex.practicum.service.CartService   : Start getItemCountInCart: itemId=1
2025-07-31T23:26:37.684+03:00  INFO 14961 --- [reactor-tcp-kqueue-2] r.yandex.practicum.service.CartService   : Start getItemCountInCart: itemId=2
2025-07-31T23:26:37.738+03:00  INFO 14961 --- [reactor-tcp-kqueue-2] r.yandex.practicum.service.CartService   : Start getItemCountInCart: itemId=3
2025-07-31T23:26:37.792+03:00  INFO 14961 --- [reactor-tcp-kqueue-2] r.yandex.practicum.service.CartService   : Start getItemCountInCart: itemId=4
2025-07-31T23:26:37.865+03:00  INFO 14961 --- [reactor-tcp-kqueue-2] r.yandex.practicum.service.CartService   : Start getItemCountInCart: itemId=6
2025-07-31T23:26:37.872+03:00  INFO 14961 --- [reactor-tcp-kqueue-2] r.yandex.practicum.service.CartService   : Start getItemCountInCart: itemId=9
2025-07-31T23:26:37.916+03:00  INFO 14961 --- [reactor-tcp-kqueue-2] r.yandex.practicum.service.CartService   : Start getItemCountInCart: itemId=10
2025-07-31T23:26:37.959+03:00  INFO 14961 --- [reactor-tcp-kqueue-2] r.yandex.practicum.service.CartService   : Start getItemCountInCart: itemId=11
2025-07-31T23:26:38.005+03:00  INFO 14961 --- [reactor-tcp-kqueue-2] r.yandex.practicum.service.CartService   : Start getItemCountInCart: itemId=12
2025-07-31T23:26:38.211+03:00  INFO 14961 --- [reactor-tcp-kqueue-2] r.yandex.practicum.service.CartService   : Start getItemCountInCart: itemId=13
2025-07-31T23:26:38.212+03:00  INFO 14961 --- [reactor-tcp-kqueue-2] reactor.Mono.MapFuseable.47              : | onNext([[ItemDto(id=1, title=123, description=123, imagePath=http://localhost:8084/items/image/1, count=0, price=123), ItemDto(id=2, title=wefawef, description=afwef, imagePath=http://localhost:8084/items/image/2, count=0, price=12313), ItemDto(id=3, title=товар1, description=Товар, imagePath=http://localhost:8084/items/image/3, count=0, price=12345), ItemDto(id=4, title=df, description=fads, imagePath=http://localhost:8084/items/image/4, count=0, price=21351524635765), ItemDto(id=6, title=товар новый, description=Товар, imagePath=http://localhost:8084/items/image/6, count=0, price=5)], [ItemDto(id=9, title=test3, description=test3, imagePath=http://localhost:8084/items/image/9, count=0, price=130), ItemDto(id=10, title=test4, description=test4, imagePath=http://localhost:8084/items/image/10, count=0, price=140), ItemDto(id=11, title=test5, description=test5, imagePath=http://localhost:8084/items/image/11, count=0, price=150), ItemDto(id=12, title=test5, description=test5, imagePath=http://localhost:8084/items/image/12, count=0, price=150), ItemDto(id=13, title=test6, description=test6, imagePath=http://localhost:8084/items/image/13, count=0, price=160)]])
2025-07-31T23:26:38.216+03:00  INFO 14961 --- [reactor-tcp-kqueue-2] reactor.Mono.MapFuseable.47              : | onComplete()
2025-07-31T23:26:42.148+03:00  INFO 14961 --- [reactor-http-kqueue-5] reactor.Mono.Just.60                     : | onSubscribe([Synchronous Fuseable] Operators.ScalarSubscription)
2025-07-31T23:26:42.149+03:00  INFO 14961 --- [reactor-http-kqueue-5] reactor.Mono.Just.60                     : | request(unbounded)
2025-07-31T23:26:42.149+03:00  INFO 14961 --- [reactor-http-kqueue-5] reactor.Mono.Just.60                     : | onNext(CartDto(items={1=ItemDto(id=1, title=123, description=123, imagePath=http://localhost:8084/items/image/1, count=2, price=123)}, total=0, empty=true, canBuy=false))
2025-07-31T23:26:42.152+03:00  INFO 14961 --- [reactor-http-kqueue-5] reactor.Mono.Just.60                     : | onComplete()
2025-07-31T23:29:03.264+03:00  INFO 14961 --- [reactor-http-kqueue-5] r.y.practicum.controller.ShopController  : Start getBalance
2025-07-31T23:29:03.266+03:00  INFO 14961 --- [reactor-http-kqueue-5] r.y.practicum.service.PaymentsService    : Start getBalance
2025-07-31T23:29:03.283+03:00  INFO 14961 --- [reactor-http-kqueue-5] reactor.Mono.FlatMap.62                  : | onSubscribe([Fuseable] MonoFlatMap.FlatMapMain)
2025-07-31T23:29:03.283+03:00  INFO 14961 --- [reactor-http-kqueue-5] reactor.Mono.FlatMap.62                  : | request(unbounded)
2025-07-31T23:29:03.330+03:00  INFO 14961 --- [reactor-http-kqueue-5] reactor.Mono.FlatMap.62                  : | onNext(617.7722340978655)
2025-07-31T23:29:03.332+03:00  INFO 14961 --- [reactor-http-kqueue-5] reactor.Mono.FlatMap.62                  : | onComplete()
